                        .module CamMenu.c
                        .area text
 0000                   .dbfile ..\REV1~1.01\CamMenu.c
                        .area data
 0000                   .dbfile ..\REV1~1.01\CamMenu.c
 0000           _MenuStrings::
 0000                   .blkw 1
                        .area idata
 0000 025C              .word L6
                        .area data
 0002                   .dbfile ..\REV1~1.01\CamMenu.c
 0002                   .blkw 1
                        .area idata
 0002 0255              .word L7
                        .area data
 0004                   .dbfile ..\REV1~1.01\CamMenu.c
 0004                   .blkw 1
                        .area idata
 0004 0249              .word L8
                        .area data
 0006                   .dbfile ..\REV1~1.01\CamMenu.c
 0006                   .blkw 1
                        .area idata
 0006 023E              .word L9
                        .area data
 0008                   .dbfile ..\REV1~1.01\CamMenu.c
 0008                   .blkw 1
                        .area idata
 0008 0235              .word L10
                        .area data
 000A                   .dbfile ..\REV1~1.01\CamMenu.c
 000A                   .blkw 1
                        .area idata
 000A 022B              .word L11
                        .area data
 000C                   .dbfile ..\REV1~1.01\CamMenu.c
 000C                   .blkw 1
                        .area idata
 000C 0221              .word L12
                        .area data
 000E                   .dbfile ..\REV1~1.01\CamMenu.c
 000E                   .blkw 1
                        .area idata
 000E 0217              .word L13
                        .area data
 0010                   .dbfile ..\REV1~1.01\CamMenu.c
 0010                   .dbfile C:\Dev\REV1~1.01\CamMenu.c
 0010                   .dbsym e MenuStrings _MenuStrings A[16:8]pc
                        .area text
 0000                   .dbfile C:\Dev\REV1~1.01\CamMenu.c
 0000           _ViscaStringLens::
 0000 0606              .byte 6,6
 0002 0906              .byte 9,6
 0004 0506              .byte 5,6
 0006 0606              .byte 6,6
 0008 0906              .byte 9,6
 000A 0507              .byte 5,7
 000C 060C              .byte 6,12
 000E 0C00              .byte 12,0
 0010 0501              .byte 5,1
 0012 0606              .byte 6,6
 0014 0600              .byte 6,0
 0016 0502              .byte 5,2
 0018 0606              .byte 6,6
 001A 0600              .byte 6,0
 001C 0504              .byte 5,4
 001E 0606              .byte 6,6
 0020 0600              .byte 6,0
 0022 0505              .byte 5,5
 0024 0606              .byte 6,6
 0026 0600              .byte 6,0
 0028 0503              .byte 5,3
 002A 0000              .byte 0,0
 002C 0600              .byte 6,0
 002E 050B              .byte 5,11
 0030                   .dbsym e ViscaStringLens _ViscaStringLens A[48:8:6]c
                        .area data
 0010                   .dbfile C:\Dev\REV1~1.01\CamMenu.c
 0010           _ViscaCommands::
 0010                   .blkw 1
                        .area idata
 0010 0210              .word L14
                        .area data
 0012                   .dbfile C:\Dev\REV1~1.01\CamMenu.c
 0012                   .blkw 1
                        .area idata
 0012 0209              .word L15
                        .area data
 0014                   .dbfile C:\Dev\REV1~1.01\CamMenu.c
 0014                   .blkw 1
                        .area idata
 0014 01FF              .word L16
                        .area data
 0016                   .dbfile C:\Dev\REV1~1.01\CamMenu.c
 0016                   .blkw 1
                        .area idata
 0016 01F8              .word L17
                        .area data
 0018                   .dbfile C:\Dev\REV1~1.01\CamMenu.c
 0018                   .blkw 1
                        .area idata
 0018 01F2              .word L18
                        .area data
 001A                   .dbfile C:\Dev\REV1~1.01\CamMenu.c
 001A                   .blkw 1
                        .area idata
 001A 01EB              .word L19
                        .area data
 001C                   .dbfile C:\Dev\REV1~1.01\CamMenu.c
 001C                   .blkw 1
                        .area idata
 001C 01E4              .word L20
                        .area data
 001E                   .dbfile C:\Dev\REV1~1.01\CamMenu.c
 001E                   .blkw 1
                        .area idata
 001E 01DA              .word L21
                        .area data
 0020                   .dbfile C:\Dev\REV1~1.01\CamMenu.c
 0020                   .blkw 1
                        .area idata
 0020 01D3              .word L22
                        .area data
 0022                   .dbfile C:\Dev\REV1~1.01\CamMenu.c
 0022                   .blkw 1
                        .area idata
 0022 01CD              .word L23
                        .area data
 0024                   .dbfile C:\Dev\REV1~1.01\CamMenu.c
 0024                   .blkw 1
                        .area idata
 0024 01C6              .word L24
                        .area data
 0026                   .dbfile C:\Dev\REV1~1.01\CamMenu.c
 0026                   .blkw 1
                        .area idata
 0026 01B9              .word L25
                        .area data
 0028                   .dbfile C:\Dev\REV1~1.01\CamMenu.c
 0028                   .blkw 1
                        .area idata
 0028 01B9              .word L25
                        .area data
 002A                   .dbfile C:\Dev\REV1~1.01\CamMenu.c
 002A                   .blkw 1
                        .area idata
 002A 01B8              .word L26
                        .area data
 002C                   .dbfile C:\Dev\REV1~1.01\CamMenu.c
 002C                   .blkw 1
                        .area idata
 002C 01B2              .word L27
                        .area data
 002E                   .dbfile C:\Dev\REV1~1.01\CamMenu.c
 002E                   .blkw 1
                        .area idata
 002E 01AB              .word L28
                        .area data
 0030                   .dbfile C:\Dev\REV1~1.01\CamMenu.c
 0030                   .blkw 1
                        .area idata
 0030 01A4              .word L29
                        .area data
 0032                   .dbfile C:\Dev\REV1~1.01\CamMenu.c
 0032                   .blkw 1
                        .area idata
 0032 01A4              .word L29
                        .area data
 0034                   .dbfile C:\Dev\REV1~1.01\CamMenu.c
 0034                   .blkw 1
                        .area idata
 0034 01B8              .word L26
                        .area data
 0036                   .dbfile C:\Dev\REV1~1.01\CamMenu.c
 0036                   .blkw 1
                        .area idata
 0036 019E              .word L30
                        .area data
 0038                   .dbfile C:\Dev\REV1~1.01\CamMenu.c
 0038                   .blkw 1
                        .area idata
 0038 0197              .word L31
                        .area data
 003A                   .dbfile C:\Dev\REV1~1.01\CamMenu.c
 003A                   .blkw 1
                        .area idata
 003A 0190              .word L32
                        .area data
 003C                   .dbfile C:\Dev\REV1~1.01\CamMenu.c
 003C                   .blkw 1
                        .area idata
 003C 0189              .word L33
                        .area data
 003E                   .dbfile C:\Dev\REV1~1.01\CamMenu.c
 003E                   .blkw 1
                        .area idata
 003E 01B8              .word L26
                        .area data
 0040                   .dbfile C:\Dev\REV1~1.01\CamMenu.c
 0040                   .blkw 1
                        .area idata
 0040 0183              .word L34
                        .area data
 0042                   .dbfile C:\Dev\REV1~1.01\CamMenu.c
 0042                   .blkw 1
                        .area idata
 0042 017C              .word L35
                        .area data
 0044                   .dbfile C:\Dev\REV1~1.01\CamMenu.c
 0044                   .blkw 1
                        .area idata
 0044 0175              .word L36
                        .area data
 0046                   .dbfile C:\Dev\REV1~1.01\CamMenu.c
 0046                   .blkw 1
                        .area idata
 0046 016E              .word L37
                        .area data
 0048                   .dbfile C:\Dev\REV1~1.01\CamMenu.c
 0048                   .blkw 1
                        .area idata
 0048 01B8              .word L26
                        .area data
 004A                   .dbfile C:\Dev\REV1~1.01\CamMenu.c
 004A                   .blkw 1
                        .area idata
 004A 0168              .word L38
                        .area data
 004C                   .dbfile C:\Dev\REV1~1.01\CamMenu.c
 004C                   .blkw 1
                        .area idata
 004C 0161              .word L39
                        .area data
 004E                   .dbfile C:\Dev\REV1~1.01\CamMenu.c
 004E                   .blkw 1
                        .area idata
 004E 015A              .word L40
                        .area data
 0050                   .dbfile C:\Dev\REV1~1.01\CamMenu.c
 0050                   .blkw 1
                        .area idata
 0050 0153              .word L41
                        .area data
 0052                   .dbfile C:\Dev\REV1~1.01\CamMenu.c
 0052                   .blkw 1
                        .area idata
 0052 01B8              .word L26
                        .area data
 0054                   .dbfile C:\Dev\REV1~1.01\CamMenu.c
 0054                   .blkw 1
                        .area idata
 0054 014D              .word L42
                        .area data
 0056                   .dbfile C:\Dev\REV1~1.01\CamMenu.c
 0056                   .blkw 1
                        .area idata
 0056 01B8              .word L26
                        .area data
 0058                   .dbfile C:\Dev\REV1~1.01\CamMenu.c
 0058                   .blkw 1
                        .area idata
 0058 01B8              .word L26
                        .area data
 005A                   .dbfile C:\Dev\REV1~1.01\CamMenu.c
 005A                   .blkw 1
                        .area idata
 005A 0146              .word L43
                        .area data
 005C                   .dbfile C:\Dev\REV1~1.01\CamMenu.c
 005C                   .blkw 1
                        .area idata
 005C 01B8              .word L26
                        .area data
 005E                   .dbfile C:\Dev\REV1~1.01\CamMenu.c
 005E                   .blkw 1
                        .area idata
 005E 0140              .word L44
                        .area data
 0060                   .dbfile C:\Dev\REV1~1.01\CamMenu.c
 0060                   .dbsym e ViscaCommands _ViscaCommands A[80:8:5]pc
 0060           _currentMenuIndex:
 0060                   .blkb 2
                        .area idata
 0060 0000              .word 0
                        .area data
 0062                   .dbfile C:\Dev\REV1~1.01\CamMenu.c
 0062                   .dbsym s currentMenuIndex _currentMenuIndex I
                        .area extcode(paged)
 0000                   .dbfile C:\Dev\REV1~1.01\CamMenu.c
 0000                   .dbfunc e getViscaCommand _getViscaCommand fI
 0000           ;          up_dn -> 0,SP
 0000           $_getViscaCommand::
 0000 3B                pshd
 0001                   .dbline -1
 0001                   .dbline 65
 0001           ; #include <stdio.h>
 0001           ; #include <string.h>
 0001           ; #include <math.h>
 0001           ; #include "CamMenu.h"
 0001           ; #include "Interrupts.h"
 0001           ; #include "Subroutines.h"
 0001           ; #include "mcohw.h"
 0001           ; #include "Packets.h"
 0001           ; //#include "MenuFunctions.h"
 0001           ; 
 0001           ; //#include "SonyCam.h"
 0001           ; // -bidata:0xFA00
 0001           ; 
 0001           ; const char* MenuStrings[NUM_MENU_STRINGS] = {
 0001           ;     " ZOOM",
 0001           ;     " FOCUS",
 0001           ;       " AUTO FOCUS",
 0001           ;     " AUTO EXPO",
 0001           ;     " SHUTTER",
 0001           ;     " APERTURE",
 0001           ;     " CAM GAIN",
 0001           ; //    " AUTO WB",
 0001           ; //    " RED GAIN",
 0001           ; //    " BLUE GAIN",
 0001           ;     " CAM MENU"
 0001           ; //    " POSITION"
 0001           ; };
 0001           ; 
 0001           ; const char ViscaStringLens[NUM_MENU_STRINGS][NUM_VISCA_COMMANDS+1] = {
 0001           ;        {6,                                                6,                                                   9,                                                                                             6,                                                              5,              ZOOM_INQ    },
 0001           ;        {6,                                                    6,                                                       9,                                                                                             6,                                                              5,              FOCUS_INQ   },
 0001           ;        {6,                                                    12,                                                      12,                                                                                    0,                                                              5,              AF_INQ      },
 0001           ;        {6,                                                    6,                                                       6,                                                                                             0,                                                              5,              AE_INQ      },
 0001           ;        {6,                                                    6,                                                       6,                                                                                             0,                                                              5,              SHUTTER_INQ },
 0001           ;        {6,                                                    6,                                                       6,                                                                                             0,                                                              5,              APERTURE_INQ},
 0001           ;        {6,                                                    6,                                                       6,                                                                                             0,                                                              5,              GAIN_INQ    },
 0001           ; //     {6,                                                    6,                                                       6,                                                                                             0,                                                              5,              WB_INQ      },
 0001           ; //     {6,                                                    6,                                                       6,                                                                                             0,                                                              5,              RGAIN_INQ   },
 0001           ; //     {6,                                                    6,                                                       6,                                                                                             0,                                                              5,              BGAIN_INQ   },
 0001           ;        {0,                                                    0,                                                       6,                                                                                             0,                                                              5,              MENU_ON_OFF     }
 0001           ; //     {0,                                                    0,                                                       0,                                                                                             0,                                                              0,              0},
 0001           ; };
 0001           ; 
 0001           ; const char* ViscaCommands[NUM_MENU_STRINGS][NUM_VISCA_COMMANDS] = {
 0001           ;       // "Left",                                              "Right",                                        "Default",                                                                              "Stop",                                                 "Inquire"
 0001           ;     {"\x81\x01\x04\x07\x35\xFF",      "\x81\x01\x04\x07\x25\xFF", "\x81\x01\x04\x47\x00\x00\x00\x00\xFF",             "\x81\x01\x04\x07\x00\xFF",     "\x81\x09\x04\x47\xFF"},   // ZOOM        
 0001           ;     {"\x81\x01\x04\x08\x31\xFF",      "\x81\x01\x04\x08\x21\xFF", "\x81\x01\x04\x46\x00\x00\x00\x00\xFF",             "\x81\x01\x04\x08\x00\xFF",     "\x81\x09\x04\x48\xFF"},   // FOCUS             
 0001           ;     {"\x81\x01\x04\x38\x03\xFF",      "\x81\x01\x04\x38\x02\xFF\x81\x01\x04\x57\x00\xFF", "\x81\x01\x04\x38\x02\xFF\x81\x01\x04\x57\x00\xFF",                                         "",                                                     "\x81\x09\x04\x38\xFF"},   // AUTO FOCUS        
 0001           ;     {"\x81\x01\x04\x39\x03\xFF",      "\x81\x01\x04\x39\x00\xFF", "\x81\x01\x04\x39\x00\xFF",                                         "",                                                     "\x81\x09\x04\x39\xFF"},   // AUTO EXPOSURE     
 0001           ;     {"\x81\x01\x04\x0A\x03\xFF",      "\x81\x01\x04\x0A\x02\xFF", "\x81\x01\x04\x0A\x00\xFF",                                         "",                                                     "\x81\x09\x04\x4A\xFF"},   // SHUTTER           
 0001           ;     {"\x81\x01\x04\x0B\x02\xFF",      "\x81\x01\x04\x0B\x03\xFF", "\x81\x01\x04\x0B\x00\xFF",                                         "",                                                     "\x81\x09\x04\x4B\xFF"},   // APERTURE  
 0001           ;     {"\x81\x01\x04\x0C\x03\xFF",      "\x81\x01\x04\x0C\x02\xFF", "\x81\x01\x04\x0C\x00\xFF",                                         "",                                                     "\x81\x09\x04\x4C\xFF"},   // CAM GAIN          
 0001           ; //    {"\x81\x01\x04\x35\x05\xFF",    "\x81\x01\x04\x35\x00\xFF", "\x81\x01\x04\x35\x00\xFF",                                         "",                                                     "\x81\x09\x04\x35\xFF"},   // AUTO WB           
 0001           ; //    {"\x81\x01\x04\x03\x03\xFF",    "\x81\x01\x04\x03\x02\xFF", "\x81\x01\x04\x03\x00\xFF",                                         "",                                                     "\x81\x09\x04\x43\xFF"},   // RED GAIN          
 0001           ; //    {"\x81\x01\x04\x04\x03\xFF",    "\x81\x01\x04\x04\x02\xFF", "\x81\x01\x04\x04\x00\xFF",                                         "",                                                     "\x81\x09\x04\x44\xFF"},   // BLUE BAIN         
 0001           ;     {"",                                                      "",                                             "\x81\x01\x70\x01\x26\xFF",                                     "",                                                     "\x81\x09\x70\x01\xFF"}   // Camera Menu                                                             // MENU            
 0001           ; //    {"",                                                    "",                                             "",                                                                                     "",                                                     ""                                        },   // Position Menu                                                              // MENU            
 0001           ; };
 0001           ; 
 0001           ; 
 0001           ; static int currentMenuIndex = 0;
 0001           ; /// @brief used to select the proper serial visca command when using the up and down buttons
 0001           ; /// @param up_dn adjusts the current menu index by the given value
 0001           ; /// @return current menu index
 0001           ; int getViscaCommand(int up_dn) {
 0001                   .dbline 69
 0001           ;     
 0001           ; //    static int currentViscaIndex = 0;
 0001           ; 
 0001           ;     if (up_dn != 0) {
 0001 ED80              ldy 0,S
 0003 8D0000            cpy #0
 0006 2708              beq L46
 0008                   .dbline 69
 0008                   .dbline 70
 0008           ;         currentMenuIndex += up_dn;
 0008 FC0060            ldd _currentMenuIndex
 000B E380              addd 0,S
 000D 7C0060            std _currentMenuIndex
 0010                   .dbline 71
 0010           ;     }
 0010           L46:
 0010                   .dbline 74
 0010           ; 
 0010           ;     // Handle boundary conditions for the menu string array
 0010           ;     if (currentMenuIndex < 0) {
 0010 FD0060            ldy _currentMenuIndex
 0013 8D0000            cpy #0
 0016 2C08              bge L48
 0018                   .dbline 74
 0018                   .dbline 75
 0018           ;         currentMenuIndex = NUM_MENU_STRINGS - 1;
 0018 180300070060      movw #7,_currentMenuIndex
 001E                   .dbline 76
 001E           ;     } else if (currentMenuIndex >= NUM_MENU_STRINGS) {
 001E 200E              bra L49
 0020           L48:
 0020                   .dbline 76
 0020 FD0060            ldy _currentMenuIndex
 0023 8D0008            cpy #8
 0026 2D06              blt L50
 0028                   .dbline 76
 0028                   .dbline 77
 0028           ;         currentMenuIndex = 0;
 0028 180300000060      movw #0,_currentMenuIndex
 002E                   .dbline 78
 002E           ;     }
 002E           L50:
 002E           L49:
 002E                   .dbline 80
 002E           ; 
 002E           ;     return currentMenuIndex;
 002E FC0060            ldd _currentMenuIndex
 0031                   .dbline -2
 0031           L45:
 0031                   .dbline 0 ; func end
 0031 1B82              leas 2,S
 0033 0A                rtc
 0034                   .dbsym l up_dn 0 I
 0034                   .dbend
                        .area text
 0030                   .dbfile C:\Dev\REV1~1.01\CamMenu.c
 0030           _SHUTTER_NAMEx::
 0030 31202020203220202020342020202038  .byte 49,32,32,32,32,50,32,32,32,32,52,32,32,32,32,56
 0040 20202020313520202033302020203630  .byte 32,32,32,32,49,53,32,32,32,51,48,32,32,32,54,48
 0050 20202039302020203130302020313235  .byte 32,32,32,57,48,32,32,32,49,48,48,32,32,49,50,53
 0060 20203138302020323530202033353020  .byte 32,32,49,56,48,32,32,50,53,48,32,32,51,53,48,32
 0070 20353030202037323520203130303020  .byte 32,53,48,48,32,32,55,50,53,32,32,49,48,48,48,32
 0080 31353030203230303020333030302034  .byte 49,53,48,48,32,50,48,48,48,32,51,48,48,48,32,52
 0090 30303020363030302031303030303230  .byte 48,48,48,32,54,48,48,48,32,49,48,48,48,48,50,48
 00A0 30303000          .byte 48,48,48,0
 00A4                   .dbsym e SHUTTER_NAMEx _SHUTTER_NAMEx A[116:116]c
 00A4           _APERTURE_NAMEx::
 00A4 313920313620313420313120392E3638  .byte 49,57,32,49,54,32,49,52,32,49,49,32,57,46,54,56
 00B4 2020362E38362020352E34342E38342E  .byte 32,32,54,46,56,54,32,32,53,46,52,52,46,56,52,46
 00C4 32332E38332E34322E38322E34322020  .byte 50,51,46,56,51,46,52,50,46,56,50,46,52,50,32,32
 00D4 312E3600          .byte 49,46,54,0
 00D8                   .dbsym e APERTURE_NAMEx _APERTURE_NAMEx A[52:52]c
                        .area data
 0062                   .dbfile C:\Dev\REV1~1.01\CamMenu.c
 0062           _CamMenu::
 0062                   .blkb 1
                        .area idata
 0062 00                .byte 0
                        .area data
 0063                   .dbfile C:\Dev\REV1~1.01\CamMenu.c
 0063                   .dbsym e CamMenu _CamMenu c
 0063           _PosMenu::
 0063                   .blkb 1
                        .area idata
 0063 00                .byte 0
                        .area data
 0064                   .dbfile C:\Dev\REV1~1.01\CamMenu.c
 0064                   .dbsym e PosMenu _PosMenu c
 0064           _CamStartup::
 0064                   .blkb 1
                        .area idata
 0064 00                .byte 0
                        .area data
 0065                   .dbfile C:\Dev\REV1~1.01\CamMenu.c
 0065                   .dbsym e CamStartup _CamStartup c
 0065           _CamMenuTimer::
 0065                   .blkb 2
                        .area idata
 0065 0124              .word 292
                        .area data
 0067                   .dbfile C:\Dev\REV1~1.01\CamMenu.c
 0067                   .dbsym e CamMenuTimer _CamMenuTimer i
                        .area extcode(paged)
 0034                   .dbfile C:\Dev\REV1~1.01\CamMenu.c
 0034                   .dbfunc e Init_Cam _Init_Cam fI
 0034           $_Init_Cam::
 0034                   .dbline -1
 0034                   .dbline 95
 0034           ; }
 0034           ; 
 0034           ; 
 0034           ; char reply;
 0034           ; int inquiry;
 0034           ; const char SHUTTER_NAMEx[]="1    2    4    8    15   30   60   90   100  125  180  250  350  500  725  1000 1500 2000 3000 4000 6000 1000020000";
 0034           ; const char APERTURE_NAMEx[]= "19 16 14 11 9.68  6.86  5.44.84.23.83.42.82.42  1.6";
 0034           ; char CamMenu=0,PosMenu=0,CamStartup=0;
 0034           ; extern char OSD_changed;
 0034           ; unsigned int CamMenuTimer = RTI_One_Sec * 0.3;
 0034           ; /// @brief Function to run when the system is first initialized
 0034           ; /// @param  
 0034           ; /// @return 
 0034           ; int Init_Cam(void)
 0034           ; {
 0034                   .dbline 96
 0034           ;       CamStartup=1;
 0034 180B010064        movb #1,_CamStartup
 0039                   .dbline 97
 0039           ;       return 0;
 0039 CC0000            ldd #0
 003C                   .dbline -2
 003C           L52:
 003C                   .dbline 0 ; func end
 003C 0A                rtc
 003D                   .dbend
 003D                   .dbfunc e SetCameraDefaults _SetCameraDefaults fV
 003D           $_SetCameraDefaults::
 003D 1B9C              leas -4,S
 003F                   .dbline -1
 003F                   .dbline 103
 003F           ; }
 003F           ; 
 003F           ; /// @brief When Restore Defaults is selected, this function sets the minimal focal range to 1cm
 003F           ; /// @param  
 003F           ; void SetCameraDefaults(void)
 003F           ; {
 003F                   .dbline 104
 003F           ;       memcpy(SOUT0Buf, "\x81\x01\x04\x28\x0F\x0F\x0F\x0F\xFF", 9);
 003F CD0009            ldy #9
 0042 6D82              sty 2,S
 0044 CD0136            ldy #L54
 0047 6D80              sty 0,S
 0049 CC0000            ldd #_SOUT0Buf
 004C 4A000000          xcall $_memcpy
 0050                   .dbline 105
 0050           ;       SOUT0Bufptr=0;
 0050 180300000000      movw #0,_SOUT0Bufptr
 0056                   .dbline 106
 0056           ;     SCI0CR2|=SCI0CR2_TIE;                                   //cause interrupt
 0056 1C00CB80          bset 0xcb,#128
 005A                   .dbline 107
 005A           ;       SC_Timeout=SC_TIMEOUT;
 005A 180313880000      movw #5000,_SC_Timeout
 0060                   .dbline 108
 0060           ;       CamMenuTimer = RTI_One_Sec * 0.1;
 0060 180300610065      movw #97,_CamMenuTimer
 0066           L55:
 0066                   .dbline 109
 0066           ;       while(CamMenuTimer != 0);
 0066           L56:
 0066                   .dbline 109
 0066 FD0065            ldy _CamMenuTimer
 0069 8D0000            cpy #0
 006C 26F8              bne L55
 006E                   .dbline -2
 006E           L53:
 006E                   .dbline 0 ; func end
 006E 1B84              leas 4,S
 0070 0A                rtc
 0071                   .dbend
                        .area text
 00D8                   .dbfile C:\Dev\REV1~1.01\CamMenu.c
 00D8           _Cam_Message_Queue_Size::
 00D8 0005              .word 5
 00DA                   .dbsym e Cam_Message_Queue_Size _Cam_Message_Queue_Size I
                        .area data
 0067                   .dbfile C:\Dev\REV1~1.01\CamMenu.c
 0067           _Cam_Message_Front::
 0067                   .blkb 2
                        .area idata
 0067 FFFF              .word -1
                        .area data
 0069                   .dbfile C:\Dev\REV1~1.01\CamMenu.c
 0069                   .dbsym e Cam_Message_Front _Cam_Message_Front I
 0069           _Cam_Message_Rear::
 0069                   .blkb 2
                        .area idata
 0069 FFFF              .word -1
                        .area data
 006B                   .dbfile C:\Dev\REV1~1.01\CamMenu.c
 006B                   .dbsym e Cam_Message_Rear _Cam_Message_Rear I
                        .area extcode(paged)
 0071                   .dbfile C:\Dev\REV1~1.01\CamMenu.c
 0071                   .dbfunc e CamMessageIsEmpty _CamMessageIsEmpty fI
 0071           $_CamMessageIsEmpty::
 0071 1B9E              leas -2,S
 0073                   .dbline -1
 0073                   .dbline 128
 0073           ; }
 0073           ; /// @brief used to bundle a serial message and callback selection together in the fifo queue
 0073           ; struct Cam_Message 
 0073           ; {
 0073           ;       char message[12];
 0073           ;       char expect_reply;
 0073           ; };
 0073           ; 
 0073           ; const int Cam_Message_Queue_Size = 5;
 0073           ; struct Cam_Message Cam_Message_Queue[5];
 0073           ; int Cam_Message_Front = -1;
 0073           ; int Cam_Message_Rear = -1;
 0073           ; char message[12];
 0073           ; 
 0073           ; /// @brief Function to check if the queue is empty
 0073           ; /// @param  
 0073           ; /// @return returns if the current fifo queue is empty or not
 0073           ; int CamMessageIsEmpty( void ) 
 0073           ; {
 0073                   .dbline 129
 0073           ;     return (Cam_Message_Front == -1 || Cam_Message_Front > Cam_Message_Rear);
 0073 FD0067            ldy _Cam_Message_Front
 0076 8DFFFF            cpy #65535
 0079 2708              beq L62
 007B FD0067            ldy _Cam_Message_Front
 007E BD0069            cpy _Cam_Message_Rear
 0081 2F07              ble L60
 0083           L62:
 0083 1800800001        movw #1,0,S
 0088 2005              bra L61
 008A           L60:
 008A 1800800000        movw #0,0,S
 008F           L61:
 008F EC80              ldd 0,S
 0091                   .dbline -2
 0091           L58:
 0091                   .dbline 0 ; func end
 0091 1B82              leas 2,S
 0093 0A                rtc
 0094                   .dbend
 0094                   .dbfunc e CamMessageIsFull _CamMessageIsFull fI
 0094           $_CamMessageIsFull::
 0094 1B9E              leas -2,S
 0096                   .dbline -1
 0096                   .dbline 136
 0096           ; }
 0096           ; 
 0096           ; /// @brief Function to check if the queue is full
 0096           ; /// @param  
 0096           ; /// @return returns if the current fifo queue is full or not
 0096           ; int CamMessageIsFull( void ) 
 0096           ; {
 0096                   .dbline 137
 0096           ;     return (Cam_Message_Rear == Cam_Message_Queue_Size - 1);
 0096 FD00D8            ldy _Cam_Message_Queue_Size
 0099 03                dey
 009A BD0069            cpy _Cam_Message_Rear
 009D 2607              bne L65
 009F 1800800001        movw #1,0,S
 00A4 2005              bra L66
 00A6           L65:
 00A6 1800800000        movw #0,0,S
 00AB           L66:
 00AB EC80              ldd 0,S
 00AD                   .dbline -2
 00AD           L63:
 00AD                   .dbline 0 ; func end
 00AD 1B82              leas 2,S
 00AF 0A                rtc
 00B0                   .dbend
 00B0                   .dbfunc e Add_Cam_command _Add_Cam_command fV
 00B0           ;   expect_reply -> 12,SP
 00B0           ;        soutstr -> 6,SP
 00B0           $_Add_Cam_command::
 00B0 3B                pshd
 00B1 1B9A              leas -6,S
 00B3                   .dbline -1
 00B3                   .dbline 144
 00B3           ; }
 00B3           ; 
 00B3           ; /// @brief Function to add an element to the queue (enqueue)
 00B3           ; /// @param soutstr serial command to be added to the queue
 00B3           ; /// @param expect_reply used to select how the Cam_HandleInput will use the return data
 00B3           ; void Add_Cam_command(char soutstr[],char expect_reply) 
 00B3           ; {
 00B3                   .dbline 145
 00B3           ;     if (CamMessageIsFull()) {
 00B3 4A009494          xcall $_CamMessageIsFull
 00B7 8C0000            cpd #0
 00BA 2702              beq L68
 00BC                   .dbline 145
 00BC                   .dbline 146
 00BC           ;         return;
 00BC 204C              bra L67
 00BE           L68:
 00BE                   .dbline 148
 00BE           ;     }
 00BE           ;     if (Cam_Message_Front == -1) { // If the queue was empty, set front to 0
 00BE FD0067            ldy _Cam_Message_Front
 00C1 8DFFFF            cpy #65535
 00C4 2606              bne L70
 00C6                   .dbline 148
 00C6                   .dbline 149
 00C6           ;         Cam_Message_Front = 0;
 00C6 180300000067      movw #0,_Cam_Message_Front
 00CC                   .dbline 150
 00CC           ;     }
 00CC           L70:
 00CC                   .dbline 151
 00CC           ;     Cam_Message_Rear++;
 00CC FD0069            ldy _Cam_Message_Rear
 00CF 02                iny
 00D0 7D0069            sty _Cam_Message_Rear
 00D3                   .dbline 153
 00D3           ;     //Cam_Message_Queue[Cam_Message_Rear].message = soutstr;
 00D3           ;       memcpy(Cam_Message_Queue[Cam_Message_Rear].message, soutstr, 12);
 00D3 CC000D            ldd #13
 00D6 CD000C            ldy #12
 00D9 6D82              sty 2,S
 00DB ED86              ldy 6,S
 00DD 6D80              sty 0,S
 00DF FD0069            ldy _Cam_Message_Rear
 00E2 13                emul
 00E3 B746              tfr D,Y
 00E5 CE000C            ldx #_Cam_Message_Queue
 00E8 B764              tfr Y,D
 00EA 6E84              stx 4,S
 00EC E384              addd 4,S
 00EE 4A000000          xcall $_memcpy
 00F2                   .dbline 154
 00F2           ;       Cam_Message_Queue[Cam_Message_Rear].expect_reply = expect_reply;
 00F2 CC000D            ldd #13
 00F5 FD0069            ldy _Cam_Message_Rear
 00F8 13                emul
 00F9 B746              tfr D,Y
 00FB CE0018            ldx #_Cam_Message_Queue+12
 00FE B764              tfr Y,D
 0100 6E84              stx 4,S
 0102 E384              addd 4,S
 0104 B746              tfr D,Y
 0106 E68C              ldab 12,S
 0108 6B40              stab 0,Y
 010A                   .dbline -2
 010A           L67:
 010A                   .dbline 0 ; func end
 010A 1B88              leas 8,S
 010C 0A                rtc
 010D                   .dbsym l expect_reply 12 c
 010D                   .dbsym l soutstr 6 pc
 010D                   .dbend
 010D                   .dbfunc e Cam_command _Cam_command fV
 010D           $_Cam_command::
 010D 1B9A              leas -6,S
 010F                   .dbline -1
 010F                   .dbline 159
 010F           ; }
 010F           ; 
 010F           ; /// @brief Send serial data to the camera
 010F           ; void Cam_command( void )
 010F           ; {
 010F                   .dbline 161
 010F           ; 
 010F           ;       if(~SCI0CR2 & SCI0CR2_TIE)
 010F F600CB            ldab 0xcb
 0112 51                comb
 0113 C480              andb #128
 0115 C100              cmpb #0
 0117 182700A3          lbeq L74
 011B                   .dbline 162
 011B           ;       {
 011B                   .dbline 163
 011B           ;               if(CamMessageIsEmpty())
 011B 4A007171          xcall $_CamMessageIsEmpty
 011F 8C0000            cpd #0
 0122 2704              beq L76
 0124                   .dbline 164
 0124           ;               {
 0124                   .dbline 165
 0124           ;                       return;
 0124 18200096          lbra L73
 0128           L76:
 0128                   .dbline 167
 0128           ;               }
 0128           ;               memset(SOUT0Buf, '\00', 12);
 0128 CD000C            ldy #12
 012B 6D82              sty 2,S
 012D CD0000            ldy #0
 0130 6D80              sty 0,S
 0132 CC0000            ldd #_SOUT0Buf
 0135 4A000000          xcall $_memset
 0139                   .dbline 168
 0139           ;               memcpy(SOUT0Buf, Cam_Message_Queue[Cam_Message_Front].message, 12);
 0139 CC000D            ldd #13
 013C CD000C            ldy #12
 013F 6D82              sty 2,S
 0141 FD0067            ldy _Cam_Message_Front
 0144 13                emul
 0145 B746              tfr D,Y
 0147 CE000C            ldx #_Cam_Message_Queue
 014A B764              tfr Y,D
 014C 6E84              stx 4,S
 014E E384              addd 4,S
 0150 6C80              std 0,S
 0152 CC0000            ldd #_SOUT0Buf
 0155 4A000000          xcall $_memcpy
 0159                   .dbline 169
 0159           ;               memset(Cam_Message_Queue[Cam_Message_Front].message, '\00', 12);
 0159 CC000D            ldd #13
 015C CD000C            ldy #12
 015F 6D82              sty 2,S
 0161 CD0000            ldy #0
 0164 6D80              sty 0,S
 0166 FD0067            ldy _Cam_Message_Front
 0169 13                emul
 016A B746              tfr D,Y
 016C CE000C            ldx #_Cam_Message_Queue
 016F B764              tfr Y,D
 0171 6E84              stx 4,S
 0173 E384              addd 4,S
 0175 4A000000          xcall $_memset
 0179                   .dbline 170
 0179           ;               inquiry = Cam_Message_Queue[Cam_Message_Front].expect_reply;
 0179 CC000D            ldd #13
 017C FD0067            ldy _Cam_Message_Front
 017F 13                emul
 0180 B746              tfr D,Y
 0182 CE0018            ldx #_Cam_Message_Queue+12
 0185 B764              tfr Y,D
 0187 6E84              stx 4,S
 0189 E384              addd 4,S
 018B B746              tfr D,Y
 018D E640              ldab 0,Y
 018F 87                clra
 0190 7C004D            std _inquiry
 0193                   .dbline 171
 0193           ;               Cam_Message_Front++;
 0193 FD0067            ldy _Cam_Message_Front
 0196 02                iny
 0197 7D0067            sty _Cam_Message_Front
 019A                   .dbline 172
 019A           ;               if (Cam_Message_Front > Cam_Message_Rear) {
 019A FD0067            ldy _Cam_Message_Front
 019D BD0069            cpy _Cam_Message_Rear
 01A0 2F0C              ble L79
 01A2                   .dbline 172
 01A2                   .dbline 173
 01A2           ;                       Cam_Message_Front = -1;
 01A2 1803FFFF0067      movw #65535,_Cam_Message_Front
 01A8                   .dbline 174
 01A8           ;                       Cam_Message_Rear = -1;
 01A8 1803FFFF0069      movw #65535,_Cam_Message_Rear
 01AE                   .dbline 175
 01AE           ;               }
 01AE           L79:
 01AE                   .dbline 176
 01AE           ;               SOUT0Bufptr=0;
 01AE 180300000000      movw #0,_SOUT0Bufptr
 01B4                   .dbline 177
 01B4           ;       SCI0CR2|=SCI0CR2_TIE;                                 //cause interrupt
 01B4 1C00CB80          bset 0xcb,#128
 01B8                   .dbline 178
 01B8           ;               SC_Timeout=SC_TIMEOUT;
 01B8 180313880000      movw #5000,_SC_Timeout
 01BE                   .dbline 179
 01BE           ;       }
 01BE           L74:
 01BE                   .dbline -2
 01BE           L73:
 01BE                   .dbline 0 ; func end
 01BE 1B86              leas 6,S
 01C0 0A                rtc
 01C1                   .dbend
 01C1                   .dbfunc e Cam_HandleInput _Cam_HandleInput fV
 01C1           ;      zoom_temp -> 18,SP
 01C1           ;     temp_value -> 22,SP
 01C1           ;              i -> 26,SP
 01C1           ;        message -> 33,SP
 01C1           ;           flag -> 29,SP
 01C1           $_Cam_HandleInput::
 01C1 3B                pshd
 01C2 1BF1E4            leas -28,S
 01C5                   .dbline -1
 01C5                   .dbline 187
 01C5           ; 
 01C5           ; }
 01C5           ; 
 01C5           ; /// @brief Callback function for the serial communication that handles and formats data coming from the hd camera serial bus
 01C5           ; /// @param flag used to clear Gen_Flags to tell the system that the serial message was received 
 01C5           ; /// @param message pointer passed to this function to manipulate. The parent function will use the array to display the string in the menu
 01C5           ; void Cam_HandleInput(char flag,char message[9])
 01C5           ; {
 01C5                   .dbline 190
 01C5           ;       long temp_value,zoom_temp;
 01C5           ;       int i;
 01C5           ;       message[0]=0;
 01C5 CD0000            ldy #0
 01C8 EEF021            ldx 33,S
 01CB B761              tfr Y,B
 01CD 6B00              stab 0,X
 01CF                   .dbline 192
 01CF           ; 
 01CF           ;       reply=1;
 01CF 180B01004F        movb #1,_reply
 01D4                   .dbline 193
 01D4           ;       SC_Timeout=0;
 01D4 180300000000      movw #0,_SC_Timeout
 01DA                   .dbline 194
 01DA           ;       if(inquiry && SIN0Buf[0]==(char)0x90 && SIN0Buf[1]==(char)0x50)    //reply to inquiry
 01DA FD004D            ldy _inquiry
 01DD 8D0000            cpy #0
 01E0 18270AC4          lbeq L82
 01E4 F60000            ldab _SIN0Buf
 01E7 C190              cmpb #144
 01E9 18260ABB          lbne L82
 01ED F60001            ldab _SIN0Buf+1
 01F0 C150              cmpb #80
 01F2 18260AB2          lbne L82
 01F6                   .dbline 195
 01F6           ;       {
 01F6                   .dbline 196
 01F6           ;         switch(inquiry)
 01F6 FD004D            ldy _inquiry
 01F9 8D0001            cpy #1
 01FC 2768              beq L87
 01FE FD004D            ldy _inquiry
 0201 8D0002            cpy #2
 0204 1827008A          lbeq L96
 0208 FD004D            ldy _inquiry
 020B 8D0003            cpy #3
 020E 182700AC          lbeq L103
 0212 FD004D            ldy _inquiry
 0215 8D0004            cpy #4
 0218 182702C4          lbeq L125
 021C FD004D            ldy _inquiry
 021F 8D0005            cpy #5
 0222 182701CB          lbeq L111
 0226 FD004D            ldy _inquiry
 0229 8D0006            cpy #6
 022C 18270342          lbeq L133
 0230 FD004D            ldy _inquiry
 0233 8D0007            cpy #7
 0236 182704F8          lbeq L140
 023A FD004D            ldy _inquiry
 023D 8D0008            cpy #8
 0240 182708F6          lbeq L155
 0244 FD004D            ldy _inquiry
 0247 8D0009            cpy #9
 024A 18270918          lbeq L163
 024E FD004D            ldy _inquiry
 0251 8D000A            cpy #10
 0254 182709A2          lbeq L170
 0258 FD004D            ldy _inquiry
 025B 8D000B            cpy #11
 025E 18270A2A          lbeq L176
 0262 18200A3C          lbra L86
 0266           L87:
 0266                   .dbline 199
 0266           ;         {
 0266           ;           case(AF_INQ):
 0266           ;                       if(SIN0Buf[2]==0x02)            //on
 0266 F60002            ldab _SIN0Buf+2
 0269 C102              cmpb #2
 026B 260C              bne L88
 026D                   .dbline 200
 026D           ;                       {
 026D                   .dbline 201
 026D           ;                               strcat(message," ON");
 026D CD0132            ldy #L91
 0270 6D80              sty 0,S
 0272 ECF021            ldd 33,S
 0275 4A000000          xcall $_strcat
 0279                   .dbline 202
 0279           ;                       }
 0279           L88:
 0279                   .dbline 203
 0279           ;                       if(SIN0Buf[2]==0x03)            //off
 0279 F60002            ldab _SIN0Buf+2
 027C C103              cmpb #3
 027E 18260A20          lbne L86
 0282                   .dbline 204
 0282           ;                       {
 0282                   .dbline 205
 0282           ;                               strcat(message," OFF");
 0282 CD012D            ldy #L95
 0285 6D80              sty 0,S
 0287 ECF021            ldd 33,S
 028A 4A000000          xcall $_strcat
 028E                   .dbline 206
 028E           ;                       }
 028E                   .dbline 207
 028E           ;                   break;
 028E 18200A10          lbra L86
 0292           L96:
 0292                   .dbline 209
 0292           ;               case(AE_INQ):
 0292           ;                       if(SIN0Buf[2]==0x00)            //on
 0292 F60002            ldab _SIN0Buf+2
 0295 C100              cmpb #0
 0297 260C              bne L97
 0299                   .dbline 210
 0299           ;                       {
 0299                   .dbline 211
 0299           ;                               strcat(message," ON");
 0299 CD0132            ldy #L91
 029C 6D80              sty 0,S
 029E ECF021            ldd 33,S
 02A1 4A000000          xcall $_strcat
 02A5                   .dbline 212
 02A5           ;                       }
 02A5           L97:
 02A5                   .dbline 213
 02A5           ;                       if(SIN0Buf[2]==0x03)            //off
 02A5 F60002            ldab _SIN0Buf+2
 02A8 C103              cmpb #3
 02AA 182609F4          lbne L86
 02AE                   .dbline 214
 02AE           ;                       {
 02AE                   .dbline 215
 02AE           ;                           strcat(message," OFF");
 02AE CD012D            ldy #L95
 02B1 6D80              sty 0,S
 02B3 ECF021            ldd 33,S
 02B6 4A000000          xcall $_strcat
 02BA                   .dbline 216
 02BA           ;                       }
 02BA                   .dbline 217
 02BA           ;                   break;
 02BA 182009E4          lbra L86
 02BE           L103:
 02BE                   .dbline 219
 02BE           ;               case(GAIN_INQ):
 02BE           ;                   temp_value=16*SIN0Buf[4]+SIN0Buf[5]; //Takes the data from serial message and converts to number
 02BE F60004            ldab _SIN0Buf+4
 02C1 87                clra
 02C2 B746              tfr D,Y
 02C4 CC0010            ldd #16
 02C7 13                emul
 02C8 B746              tfr D,Y
 02CA F60005            ldab _SIN0Buf+5
 02CD 87                clra
 02CE B745              tfr D,X
 02D0 B764              tfr Y,D
 02D2 6E88              stx 8,S
 02D4 E388              addd 8,S
 02D6 160000            jsr int2long
 02D9 3A                puld
 02DA 6CF018            std 24,S
 02DD 3A                puld
 02DE 6CF018            std 24,S
 02E1                   .dbline 220
 02E1           ;                       switch(temp_value)
 02E1 ECF018            ldd 24,S
 02E4 3B                pshd
 02E5 ECF018            ldd 24,S
 02E8 3B                pshd
 02E9 1800AE0000        movw #0,2,-S
 02EE 1800AE0000        movw #0,2,-S
 02F3 160000            jsr cmp4
 02F6 2702              beq L108
 02F8 2025              bra L106
 02FA           L108:
 02FA                   .dbline 223
 02FA           ;                       {
 02FA           ;                           case(0):
 02FA           ;                                   message[0]=' ';
 02FA CD0020            ldy #32
 02FD EEF021            ldx 33,S
 0300 B761              tfr Y,B
 0302 6B00              stab 0,X
 0304                   .dbline 224
 0304           ;                               message[1]='-';
 0304 CD002D            ldy #45
 0307 EEF021            ldx 33,S
 030A 08                inx
 030B B761              tfr Y,B
 030D 6B00              stab 0,X
 030F                   .dbline 225
 030F           ;                                       message[2]='3';
 030F ECF021            ldd 33,S
 0312 C30002            addd #2
 0315 B745              tfr D,X
 0317 C633              ldab #51
 0319 6B00              stab 0,X
 031B                   .dbline 226
 031B           ;                                   break;
 031B 182000AA          lbra L107
 031F           L106:
 031F                   .dbline 228
 031F           ;                               default:
 031F           ;                                   message[0]=' ';
 031F CD0020            ldy #32
 0322 EEF021            ldx 33,S
 0325 B761              tfr Y,B
 0327 6B00              stab 0,X
 0329                   .dbline 229
 0329           ;                                   temp_value=temp_value*4-4;          //convert to dB
 0329 ECF018            ldd 24,S
 032C 3B                pshd
 032D ECF018            ldd 24,S
 0330 3B                pshd
 0331 CC0002            ldd #2
 0334 160000            jsr lsl4
 0337 1800AE0004        movw #4,2,-S
 033C 1800AE0000        movw #0,2,-S
 0341 160000            jsr sub4
 0344 3A                puld
 0345 6CF018            std 24,S
 0348 3A                puld
 0349 6CF018            std 24,S
 034C                   .dbline 230
 034C           ;                                       message[1]=temp_value/10 + 0x30;
 034C ECF018            ldd 24,S
 034F 3B                pshd
 0350 ECF018            ldd 24,S
 0353 3B                pshd
 0354 1800AE000A        movw #10,2,-S
 0359 1800AE0000        movw #0,2,-S
 035E 160000            jsr div4s
 0361 1800AE0030        movw #48,2,-S
 0366 1800AE0000        movw #0,2,-S
 036B 160000            jsr add4
 036E 1B82              leas 2,S
 0370 31                puly
 0371 B764              tfr Y,D
 0373 87                clra
 0374 B746              tfr D,Y
 0376 EEF021            ldx 33,S
 0379 08                inx
 037A B761              tfr Y,B
 037C 6B00              stab 0,X
 037E                   .dbline 231
 037E           ;                                       message[2]=temp_value%10 + 0x30;
 037E ECF018            ldd 24,S
 0381 3B                pshd
 0382 ECF018            ldd 24,S
 0385 3B                pshd
 0386 1800AE000A        movw #10,2,-S
 038B 1800AE0000        movw #0,2,-S
 0390 160000            jsr mod4s
 0393 1800AE0030        movw #48,2,-S
 0398 1800AE0000        movw #0,2,-S
 039D 160000            jsr add4
 03A0 1B82              leas 2,S
 03A2 31                puly
 03A3 B764              tfr Y,D
 03A5 87                clra
 03A6 B746              tfr D,Y
 03A8 ECF021            ldd 33,S
 03AB C30002            addd #2
 03AE B745              tfr D,X
 03B0 B761              tfr Y,B
 03B2 6B00              stab 0,X
 03B4                   .dbline 232
 03B4           ;                                       if(message[1]=='0') message[1]=' ';
 03B4 EDF021            ldy 33,S
 03B7 02                iny
 03B8 E640              ldab 0,Y
 03BA C130              cmpb #48
 03BC 260B              bne L107
 03BE                   .dbline 232
 03BE CD0020            ldy #32
 03C1 EEF021            ldx 33,S
 03C4 08                inx
 03C5 B761              tfr Y,B
 03C7 6B00              stab 0,X
 03C9                   .dbline 233
 03C9           ;                                   break;
 03C9           L107:
 03C9                   .dbline 235
 03C9           ;                       }
 03C9           ;                       message[3]='d';
 03C9 ECF021            ldd 33,S
 03CC C30003            addd #3
 03CF B745              tfr D,X
 03D1 C664              ldab #100
 03D3 6B00              stab 0,X
 03D5                   .dbline 236
 03D5           ;                       message[4]='B';
 03D5 ECF021            ldd 33,S
 03D8 C30004            addd #4
 03DB B745              tfr D,X
 03DD C642              ldab #66
 03DF 6B00              stab 0,X
 03E1                   .dbline 237
 03E1           ;                       message[5]=0;
 03E1 ECF021            ldd 33,S
 03E4 C30005            addd #5
 03E7 B745              tfr D,X
 03E9 C600              ldab #0
 03EB 6B00              stab 0,X
 03ED                   .dbline 238
 03ED           ;                   break;
 03ED 182008B1          lbra L86
 03F1           L111:
 03F1                   .dbline 240
 03F1           ;               case(APERTURE_INQ):
 03F1           ;                   temp_value=16*SIN0Buf[4]+SIN0Buf[5]; //Takes the data from serial message and converts to number
 03F1 F60004            ldab _SIN0Buf+4
 03F4 87                clra
 03F5 B746              tfr D,Y
 03F7 CC0010            ldd #16
 03FA 13                emul
 03FB B746              tfr D,Y
 03FD F60005            ldab _SIN0Buf+5
 0400 87                clra
 0401 B745              tfr D,X
 0403 B764              tfr Y,D
 0405 6E88              stx 8,S
 0407 E388              addd 8,S
 0409 160000            jsr int2long
 040C 3A                puld
 040D 6CF018            std 24,S
 0410 3A                puld
 0411 6CF018            std 24,S
 0414                   .dbline 241
 0414           ;                       switch(temp_value)
 0414 ECF018            ldd 24,S
 0417 3B                pshd
 0418 ECF018            ldd 24,S
 041B 3B                pshd
 041C 1800AE0000        movw #0,2,-S
 0421 1800AE0000        movw #0,2,-S
 0426 160000            jsr cmp4
 0429 2702              beq L116
 042B 2010              bra L114
 042D           L116:
 042D                   .dbline 244
 042D           ;                       {
 042D           ;                           case(0):
 042D           ;                                       strcat(message," CLOSED");
 042D CD0125            ldy #L117
 0430 6D80              sty 0,S
 0432 ECF021            ldd 33,S
 0435 4A000000          xcall $_strcat
 0439                   .dbline 245
 0439           ;                                   break;
 0439 18200865          lbra L86
 043D           L114:
 043D                   .dbline 247
 043D           ;                               default:
 043D           ;                                   if(temp_value>=1)
 043D ECF018            ldd 24,S
 0440 3B                pshd
 0441 ECF018            ldd 24,S
 0444 3B                pshd
 0445 1800AE0001        movw #1,2,-S
 044A 1800AE0000        movw #0,2,-S
 044F 160000            jsr cmp4
 0452 182D084C          lblt L86
 0456                   .dbline 248
 0456           ;                                       {
 0456                   .dbline 249
 0456           ;                                           strcat(message," F   ");
 0456 CD011F            ldy #L120
 0459 6D80              sty 0,S
 045B ECF021            ldd 33,S
 045E 4A000000          xcall $_strcat
 0462                   .dbline 250
 0462           ;                                               message[6]=message[7]=0;
 0462 ECF021            ldd 33,S
 0465 C30007            addd #7
 0468 B745              tfr D,X
 046A C600              ldab #0
 046C 6B00              stab 0,X
 046E ECF021            ldd 33,S
 0471 C30006            addd #6
 0474 B745              tfr D,X
 0476 C600              ldab #0
 0478 6B00              stab 0,X
 047A                   .dbline 251
 047A           ;                                       for(i=0;i<=2;i++)
 047A 1AF01A            leax 26,S
 047D 1800000000        movw #0,0,x
 0482           L121:
 0482                   .dbline 252
 0482           ;                                               {
 0482                   .dbline 253
 0482           ;                                                   message[2+i]=APERTURE_NAMEx[(temp_value-1)*3+i];
 0482 1800AE0003        movw #3,2,-S
 0487 1800AE0000        movw #0,2,-S
 048C ECF01C            ldd 28,S
 048F 3B                pshd
 0490 ECF01C            ldd 28,S
 0493 3B                pshd
 0494 160000            jsr mul4
 0497 1800AE0003        movw #3,2,-S
 049C 1800AE0000        movw #0,2,-S
 04A1 160000            jsr sub4
 04A4 ECF01E            ldd 30,S
 04A7 160000            jsr int2long
 04AA 160000            jsr add4
 04AD 1B82              leas 2,S
 04AF 31                puly
 04B0 CE00A4            ldx #_APERTURE_NAMEx
 04B3 B764              tfr Y,D
 04B5 6E88              stx 8,S
 04B7 E388              addd 8,S
 04B9 B746              tfr D,Y
 04BB E640              ldab 0,Y
 04BD B716              tfr B,Y
 04BF ECF01A            ldd 26,S
 04C2 E3F021            addd 33,S
 04C5 C30002            addd #2
 04C8 B745              tfr D,X
 04CA B761              tfr Y,B
 04CC 6B00              stab 0,X
 04CE                   .dbline 254
 04CE           ;                                               }
 04CE           L122:
 04CE                   .dbline 251
 04CE EDF01A            ldy 26,S
 04D1 02                iny
 04D2 6DF01A            sty 26,S
 04D5                   .dbline 251
 04D5 8D0002            cpy #2
 04D8 182FFFA6          lble L121
 04DC                   .dbline 255
 04DC           ;                                       }
 04DC                   .dbline 256
 04DC           ;                                       break;
 04DC                   .dbline 258
 04DC           ;                       }
 04DC           ;                   break;
 04DC 182007C2          lbra L86
 04E0           L125:
 04E0                   .dbline 260
 04E0           ;               case(SHUTTER_INQ):
 04E0           ;                   temp_value=16*SIN0Buf[4]+SIN0Buf[5]; //Takes the data from serial message and converts to number
 04E0 F60004            ldab _SIN0Buf+4
 04E3 87                clra
 04E4 B746              tfr D,Y
 04E6 CC0010            ldd #16
 04E9 13                emul
 04EA B746              tfr D,Y
 04EC F60005            ldab _SIN0Buf+5
 04EF 87                clra
 04F0 B745              tfr D,X
 04F2 B764              tfr Y,D
 04F4 6E88              stx 8,S
 04F6 E388              addd 8,S
 04F8 160000            jsr int2long
 04FB 3A                puld
 04FC 6CF018            std 24,S
 04FF 3A                puld
 0500 6CF018            std 24,S
 0503                   .dbline 261
 0503           ;                       strcat(message," 1/     ");
 0503 CD0116            ldy #L128
 0506 6D80              sty 0,S
 0508 ECF021            ldd 33,S
 050B 4A000000          xcall $_strcat
 050F                   .dbline 262
 050F           ;                       for(i=0;i<=4;i++)
 050F 1AF01A            leax 26,S
 0512 1800000000        movw #0,0,x
 0517           L129:
 0517                   .dbline 263
 0517           ;                       {
 0517                   .dbline 264
 0517           ;                           message[3+i]=SHUTTER_NAMEx[temp_value*5+i];
 0517 1800AE0005        movw #5,2,-S
 051C 1800AE0000        movw #0,2,-S
 0521 ECF01C            ldd 28,S
 0524 3B                pshd
 0525 ECF01C            ldd 28,S
 0528 3B                pshd
 0529 160000            jsr mul4
 052C ECF01E            ldd 30,S
 052F 160000            jsr int2long
 0532 160000            jsr add4
 0535 1B82              leas 2,S
 0537 31                puly
 0538 CE0030            ldx #_SHUTTER_NAMEx
 053B B764              tfr Y,D
 053D 6E88              stx 8,S
 053F E388              addd 8,S
 0541 B746              tfr D,Y
 0543 E640              ldab 0,Y
 0545 B716              tfr B,Y
 0547 ECF01A            ldd 26,S
 054A E3F021            addd 33,S
 054D C30003            addd #3
 0550 B745              tfr D,X
 0552 B761              tfr Y,B
 0554 6B00              stab 0,X
 0556                   .dbline 265
 0556           ;                       }       
 0556           L130:
 0556                   .dbline 262
 0556 EDF01A            ldy 26,S
 0559 02                iny
 055A 6DF01A            sty 26,S
 055D                   .dbline 262
 055D 8D0004            cpy #4
 0560 2FB5              ble L129
 0562                   .dbline 266
 0562           ;                   message[8]=0;
 0562 ECF021            ldd 33,S
 0565 C30008            addd #8
 0568 B745              tfr D,X
 056A C600              ldab #0
 056C 6B00              stab 0,X
 056E                   .dbline 267
 056E           ;                       break;
 056E 18200730          lbra L86
 0572           L133:
 0572                   .dbline 269
 0572           ;               case(ZOOM_INQ):
 0572           ;                       temp_value = (long)(4096*SIN0Buf[2]+256*SIN0Buf[3]+16*SIN0Buf[4]+SIN0Buf[5]);
 0572 F60003            ldab _SIN0Buf+3
 0575 87                clra
 0576 B746              tfr D,Y
 0578 CC0100            ldd #256
 057B 13                emul
 057C B746              tfr D,Y
 057E 6D8C              sty 12,S
 0580 F60002            ldab _SIN0Buf+2
 0583 87                clra
 0584 B745              tfr D,X
 0586 CC1000            ldd #4096
 0589 B756              tfr X,Y
 058B 13                emul
 058C B746              tfr D,Y
 058E EE8C              ldx 12,S
 0590 B764              tfr Y,D
 0592 6E88              stx 8,S
 0594 E388              addd 8,S
 0596 B746              tfr D,Y
 0598 6D8A              sty 10,S
 059A F60004            ldab _SIN0Buf+4
 059D 87                clra
 059E B745              tfr D,X
 05A0 CC0010            ldd #16
 05A3 B756              tfr X,Y
 05A5 13                emul
 05A6 B746              tfr D,Y
 05A8 EC8A              ldd 10,S
 05AA 6D88              sty 8,S
 05AC E388              addd 8,S
 05AE B746              tfr D,Y
 05B0 F60005            ldab _SIN0Buf+5
 05B3 87                clra
 05B4 B745              tfr D,X
 05B6 B764              tfr Y,D
 05B8 6E88              stx 8,S
 05BA E388              addd 8,S
 05BC 160000            jsr int2long
 05BF 3A                puld
 05C0 6CF018            std 24,S
 05C3 3A                puld
 05C4 6CF018            std 24,S
 05C7                   .dbline 270
 05C7           ;                       temp_value = (long)(0.005494*temp_value+10); // convert zoom into scaled float
 05C7 1800AE0703        movw #1795,2,-S
 05CC 1800AE3BB4        movw #15284,2,-S
 05D1 ECF01C            ldd 28,S
 05D4 3B                pshd
 05D5 ECF01C            ldd 28,S
 05D8 3B                pshd
 05D9 160000            jsr long2fp
 05DC 160000            jsr mulf4
 05DF 1800AE0000        movw #0,2,-S
 05E4 1800AE4120        movw #16672,2,-S
 05E9 160000            jsr addf4
 05EC 160000            jsr fp2long
 05EF 3A                puld
 05F0 6CF018            std 24,S
 05F3 3A                puld
 05F4 6CF018            std 24,S
 05F7                   .dbline 271
 05F7           ;                   message[0]=' ';
 05F7 CD0020            ldy #32
 05FA EEF021            ldx 33,S
 05FD B761              tfr Y,B
 05FF 6B00              stab 0,X
 0601                   .dbline 272
 0601           ;                       if (temp_value>=100)
 0601 ECF018            ldd 24,S
 0604 3B                pshd
 0605 ECF018            ldd 24,S
 0608 3B                pshd
 0609 1800AE0064        movw #100,2,-S
 060E 1800AE0000        movw #0,2,-S
 0613 160000            jsr cmp4
 0616 182D0088          lblt L138
 061A                   .dbline 273
 061A           ;                       {
 061A                   .dbline 274
 061A           ;                           message[1]=' ';
 061A CD0020            ldy #32
 061D EEF021            ldx 33,S
 0620 08                inx
 0621 B761              tfr Y,B
 0623 6B00              stab 0,X
 0625                   .dbline 275
 0625           ;                               message[2]=temp_value/100 + 0x30;
 0625 ECF018            ldd 24,S
 0628 3B                pshd
 0629 ECF018            ldd 24,S
 062C 3B                pshd
 062D 1800AE0064        movw #100,2,-S
 0632 1800AE0000        movw #0,2,-S
 0637 160000            jsr div4s
 063A 1800AE0030        movw #48,2,-S
 063F 1800AE0000        movw #0,2,-S
 0644 160000            jsr add4
 0647 1B82              leas 2,S
 0649 31                puly
 064A B764              tfr Y,D
 064C 87                clra
 064D B746              tfr D,Y
 064F ECF021            ldd 33,S
 0652 C30002            addd #2
 0655 B745              tfr D,X
 0657 B761              tfr Y,B
 0659 6B00              stab 0,X
 065B                   .dbline 276
 065B           ;                               message[3]=(temp_value/10)%10 + 0x30;
 065B ECF018            ldd 24,S
 065E 3B                pshd
 065F ECF018            ldd 24,S
 0662 3B                pshd
 0663 1800AE000A        movw #10,2,-S
 0668 1800AE0000        movw #0,2,-S
 066D 160000            jsr div4s
 0670 1800AE000A        movw #10,2,-S
 0675 1800AE0000        movw #0,2,-S
 067A 160000            jsr mod4s
 067D 1800AE0030        movw #48,2,-S
 0682 1800AE0000        movw #0,2,-S
 0687 160000            jsr add4
 068A 1B82              leas 2,S
 068C 31                puly
 068D B764              tfr Y,D
 068F 87                clra
 0690 B746              tfr D,Y
 0692 ECF021            ldd 33,S
 0695 C30003            addd #3
 0698 B745              tfr D,X
 069A B761              tfr Y,B
 069C 6B00              stab 0,X
 069E                   .dbline 277
 069E           ;                       }
 069E 18200074          lbra L139
 06A2           L138:
 06A2                   .dbline 279
 06A2           ;                       else
 06A2           ;                       {
 06A2                   .dbline 280
 06A2           ;                           message[1]=temp_value/10 + 0x30;
 06A2 ECF018            ldd 24,S
 06A5 3B                pshd
 06A6 ECF018            ldd 24,S
 06A9 3B                pshd
 06AA 1800AE000A        movw #10,2,-S
 06AF 1800AE0000        movw #0,2,-S
 06B4 160000            jsr div4s
 06B7 1800AE0030        movw #48,2,-S
 06BC 1800AE0000        movw #0,2,-S
 06C1 160000            jsr add4
 06C4 1B82              leas 2,S
 06C6 31                puly
 06C7 B764              tfr Y,D
 06C9 87                clra
 06CA B746              tfr D,Y
 06CC EEF021            ldx 33,S
 06CF 08                inx
 06D0 B761              tfr Y,B
 06D2 6B00              stab 0,X
 06D4                   .dbline 281
 06D4           ;                               message[2]='.';
 06D4 ECF021            ldd 33,S
 06D7 C30002            addd #2
 06DA B745              tfr D,X
 06DC C62E              ldab #46
 06DE 6B00              stab 0,X
 06E0                   .dbline 282
 06E0           ;                               message[3]=temp_value%10 + 0x30;
 06E0 ECF018            ldd 24,S
 06E3 3B                pshd
 06E4 ECF018            ldd 24,S
 06E7 3B                pshd
 06E8 1800AE000A        movw #10,2,-S
 06ED 1800AE0000        movw #0,2,-S
 06F2 160000            jsr mod4s
 06F5 1800AE0030        movw #48,2,-S
 06FA 1800AE0000        movw #0,2,-S
 06FF 160000            jsr add4
 0702 1B82              leas 2,S
 0704 31                puly
 0705 B764              tfr Y,D
 0707 87                clra
 0708 B746              tfr D,Y
 070A ECF021            ldd 33,S
 070D C30003            addd #3
 0710 B745              tfr D,X
 0712 B761              tfr Y,B
 0714 6B00              stab 0,X
 0716                   .dbline 283
 0716           ;                       }
 0716           L139:
 0716                   .dbline 284
 0716           ;                       message[4]='x';
 0716 ECF021            ldd 33,S
 0719 C30004            addd #4
 071C B745              tfr D,X
 071E C678              ldab #120
 0720 6B00              stab 0,X
 0722                   .dbline 285
 0722           ;                       message[5]=0;
 0722 ECF021            ldd 33,S
 0725 C30005            addd #5
 0728 B745              tfr D,X
 072A C600              ldab #0
 072C 6B00              stab 0,X
 072E                   .dbline 286
 072E           ;                   break;
 072E 18200570          lbra L86
 0732           L140:
 0732                   .dbline 288
 0732           ;               case(FOCUS_INQ):
 0732           ;                       temp_value=SIN0Buf[2]*4096l+SIN0Buf[3]*256l+SIN0Buf[4]*16l+SIN0Buf[5]; //Takes the data from serial message and converts to number
 0732 1800AE1000        movw #4096,2,-S
 0737 1800AE0000        movw #0,2,-S
 073C F60002            ldab _SIN0Buf+2
 073F 87                clra
 0740 160000            jsr int2long
 0743 160000            jsr mul4
 0746 1800AE0100        movw #256,2,-S
 074B 1800AE0000        movw #0,2,-S
 0750 F60003            ldab _SIN0Buf+3
 0753 87                clra
 0754 160000            jsr int2long
 0757 160000            jsr mul4
 075A 160000            jsr add4
 075D 1800AE0010        movw #16,2,-S
 0762 1800AE0000        movw #0,2,-S
 0767 F60004            ldab _SIN0Buf+4
 076A 87                clra
 076B 160000            jsr int2long
 076E 160000            jsr mul4
 0771 160000            jsr add4
 0774 F60005            ldab _SIN0Buf+5
 0777 87                clra
 0778 160000            jsr int2long
 077B 160000            jsr add4
 077E 3A                puld
 077F 6CF018            std 24,S
 0782 3A                puld
 0783 6CF018            std 24,S
 0786                   .dbline 289
 0786           ;                       temp_value=65535-temp_value;
 0786 1800AEFFFF        movw #65535,2,-S
 078B 1800AE0000        movw #0,2,-S
 0790 ECF01C            ldd 28,S
 0793 3B                pshd
 0794 ECF01C            ldd 28,S
 0797 3B                pshd
 0798 160000            jsr sub4
 079B 3A                puld
 079C 6CF018            std 24,S
 079F 3A                puld
 07A0 6CF018            std 24,S
 07A3                   .dbline 290
 07A3           ;                       temp_value=((0.1266*pow(2.71828,(temp_value*0.0001)))-0.43)*100; //Convert binary number to scaled float
 07A3 1800AEB717        movw #46871,2,-S
 07A8 1800AE38D1        movw #14545,2,-S
 07AD ECF01C            ldd 28,S
 07B0 3B                pshd
 07B1 ECF01C            ldd 28,S
 07B4 3B                pshd
 07B5 160000            jsr long2fp
 07B8 160000            jsr mulf4
 07BB 30                pulx
 07BC 6E86              stx 6,S
 07BE 30                pulx
 07BF 6E86              stx 6,S
 07C1 180080402D        movw #16429,0,S
 07C6 180082F84D        movw #63565,2,S
 07CB 4A000000          xcall $_powf
 07CF 3A                puld
 07D0 6CF010            std 16,S
 07D3 3A                puld
 07D4 6CF010            std 16,S
 07D7 1800AE0000        movw #0,2,-S
 07DC 1800AE42C8        movw #17096,2,-S
 07E1 1800AEA36E        movw #41838,2,-S
 07E6 1800AE3E01        movw #15873,2,-S
 07EB ECF018            ldd 24,S
 07EE 3B                pshd
 07EF ECF018            ldd 24,S
 07F2 3B                pshd
 07F3 160000            jsr mulf4
 07F6 1800AE28F6        movw #10486,2,-S
 07FB 1800AE3EDC        movw #16092,2,-S
 0800 160000            jsr subf4
 0803 160000            jsr mulf4
 0806 160000            jsr fp2long
 0809 3A                puld
 080A 6CF018            std 24,S
 080D 3A                puld
 080E 6CF018            std 24,S
 0811                   .dbline 291
 0811           ;                       if(temp_value < 1)
 0811 ECF018            ldd 24,S
 0814 3B                pshd
 0815 ECF018            ldd 24,S
 0818 3B                pshd
 0819 1800AE0001        movw #1,2,-S
 081E 1800AE0000        movw #0,2,-S
 0823 160000            jsr cmp4
 0826 2C3D              bge L145
 0828                   .dbline 292
 0828           ;                       {
 0828                   .dbline 293
 0828           ;                               message[0]=' ';
 0828 CD0020            ldy #32
 082B EEF021            ldx 33,S
 082E B761              tfr Y,B
 0830 6B00              stab 0,X
 0832                   .dbline 294
 0832           ;                               message[1]=' ';
 0832 CD0020            ldy #32
 0835 EEF021            ldx 33,S
 0838 08                inx
 0839 B761              tfr Y,B
 083B 6B00              stab 0,X
 083D                   .dbline 295
 083D           ;                               message[2]='1';
 083D ECF021            ldd 33,S
 0840 C30002            addd #2
 0843 B745              tfr D,X
 0845 C631              ldab #49
 0847 6B00              stab 0,X
 0849                   .dbline 296
 0849           ;                               message[3]='C';
 0849 ECF021            ldd 33,S
 084C C30003            addd #3
 084F B745              tfr D,X
 0851 C643              ldab #67
 0853 6B00              stab 0,X
 0855                   .dbline 297
 0855           ;                               message[4]='M';
 0855 ECF021            ldd 33,S
 0858 C30004            addd #4
 085B B745              tfr D,X
 085D C64D              ldab #77
 085F 6B00              stab 0,X
 0861                   .dbline 298
 0861           ;                       }
 0861 182002B9          lbra L146
 0865           L145:
 0865                   .dbline 299
 0865           ;                       else if(temp_value < 10)
 0865 ECF018            ldd 24,S
 0868 3B                pshd
 0869 ECF018            ldd 24,S
 086C 3B                pshd
 086D 1800AE000A        movw #10,2,-S
 0872 1800AE0000        movw #0,2,-S
 0877 160000            jsr cmp4
 087A 182C005A          lbge L147
 087E                   .dbline 300
 087E           ;                       {
 087E                   .dbline 301
 087E           ;                               message[0]=' ';
 087E CD0020            ldy #32
 0881 EEF021            ldx 33,S
 0884 B761              tfr Y,B
 0886 6B00              stab 0,X
 0888                   .dbline 302
 0888           ;                               message[1]=' ';
 0888 CD0020            ldy #32
 088B EEF021            ldx 33,S
 088E 08                inx
 088F B761              tfr Y,B
 0891 6B00              stab 0,X
 0893                   .dbline 303
 0893           ;                               message[2]=temp_value + 0x30;
 0893 ECF018            ldd 24,S
 0896 3B                pshd
 0897 ECF018            ldd 24,S
 089A 3B                pshd
 089B 1800AE0030        movw #48,2,-S
 08A0 1800AE0000        movw #0,2,-S
 08A5 160000            jsr add4
 08A8 1B82              leas 2,S
 08AA 31                puly
 08AB B764              tfr Y,D
 08AD 87                clra
 08AE B746              tfr D,Y
 08B0 ECF021            ldd 33,S
 08B3 C30002            addd #2
 08B6 B745              tfr D,X
 08B8 B761              tfr Y,B
 08BA 6B00              stab 0,X
 08BC                   .dbline 304
 08BC           ;                               message[3]='C';
 08BC ECF021            ldd 33,S
 08BF C30003            addd #3
 08C2 B745              tfr D,X
 08C4 C643              ldab #67
 08C6 6B00              stab 0,X
 08C8                   .dbline 305
 08C8           ;                               message[4]='M';
 08C8 ECF021            ldd 33,S
 08CB C30004            addd #4
 08CE B745              tfr D,X
 08D0 C64D              ldab #77
 08D2 6B00              stab 0,X
 08D4                   .dbline 306
 08D4           ;                       }
 08D4 18200246          lbra L148
 08D8           L147:
 08D8                   .dbline 307
 08D8           ;                       else if(temp_value < 100)
 08D8 ECF018            ldd 24,S
 08DB 3B                pshd
 08DC ECF018            ldd 24,S
 08DF 3B                pshd
 08E0 1800AE0064        movw #100,2,-S
 08E5 1800AE0000        movw #0,2,-S
 08EA 160000            jsr cmp4
 08ED 182C008E          lbge L149
 08F1                   .dbline 308
 08F1           ;                       {
 08F1                   .dbline 309
 08F1           ;                               message[0]=' ';
 08F1 CD0020            ldy #32
 08F4 EEF021            ldx 33,S
 08F7 B761              tfr Y,B
 08F9 6B00              stab 0,X
 08FB                   .dbline 310
 08FB           ;                               message[1]=temp_value/10 + 0x30;
 08FB ECF018            ldd 24,S
 08FE 3B                pshd
 08FF ECF018            ldd 24,S
 0902 3B                pshd
 0903 1800AE000A        movw #10,2,-S
 0908 1800AE0000        movw #0,2,-S
 090D 160000            jsr div4s
 0910 1800AE0030        movw #48,2,-S
 0915 1800AE0000        movw #0,2,-S
 091A 160000            jsr add4
 091D 1B82              leas 2,S
 091F 31                puly
 0920 B764              tfr Y,D
 0922 87                clra
 0923 B746              tfr D,Y
 0925 EEF021            ldx 33,S
 0928 08                inx
 0929 B761              tfr Y,B
 092B 6B00              stab 0,X
 092D                   .dbline 311
 092D           ;                               message[2]=temp_value%10 + 0x30;
 092D ECF018            ldd 24,S
 0930 3B                pshd
 0931 ECF018            ldd 24,S
 0934 3B                pshd
 0935 1800AE000A        movw #10,2,-S
 093A 1800AE0000        movw #0,2,-S
 093F 160000            jsr mod4s
 0942 1800AE0030        movw #48,2,-S
 0947 1800AE0000        movw #0,2,-S
 094C 160000            jsr add4
 094F 1B82              leas 2,S
 0951 31                puly
 0952 B764              tfr Y,D
 0954 87                clra
 0955 B746              tfr D,Y
 0957 ECF021            ldd 33,S
 095A C30002            addd #2
 095D B745              tfr D,X
 095F B761              tfr Y,B
 0961 6B00              stab 0,X
 0963                   .dbline 312
 0963           ;                               message[3]='C';
 0963 ECF021            ldd 33,S
 0966 C30003            addd #3
 0969 B745              tfr D,X
 096B C643              ldab #67
 096D 6B00              stab 0,X
 096F                   .dbline 313
 096F           ;                               message[4]='M';
 096F ECF021            ldd 33,S
 0972 C30004            addd #4
 0975 B745              tfr D,X
 0977 C64D              ldab #77
 0979 6B00              stab 0,X
 097B                   .dbline 314
 097B           ;                       }
 097B 1820019F          lbra L150
 097F           L149:
 097F                   .dbline 315
 097F           ;                       else if(temp_value < 1000)
 097F ECF018            ldd 24,S
 0982 3B                pshd
 0983 ECF018            ldd 24,S
 0986 3B                pshd
 0987 1800AE03E8        movw #1000,2,-S
 098C 1800AE0000        movw #0,2,-S
 0991 160000            jsr cmp4
 0994 182C009B          lbge L151
 0998                   .dbline 316
 0998           ;                       {
 0998                   .dbline 317
 0998           ;                               message[0]=' ';
 0998 CD0020            ldy #32
 099B EEF021            ldx 33,S
 099E B761              tfr Y,B
 09A0 6B00              stab 0,X
 09A2                   .dbline 318
 09A2           ;                               message[1]=temp_value/100 + 0x30;
 09A2 ECF018            ldd 24,S
 09A5 3B                pshd
 09A6 ECF018            ldd 24,S
 09A9 3B                pshd
 09AA 1800AE0064        movw #100,2,-S
 09AF 1800AE0000        movw #0,2,-S
 09B4 160000            jsr div4s
 09B7 1800AE0030        movw #48,2,-S
 09BC 1800AE0000        movw #0,2,-S
 09C1 160000            jsr add4
 09C4 1B82              leas 2,S
 09C6 31                puly
 09C7 B764              tfr Y,D
 09C9 87                clra
 09CA B746              tfr D,Y
 09CC EEF021            ldx 33,S
 09CF 08                inx
 09D0 B761              tfr Y,B
 09D2 6B00              stab 0,X
 09D4                   .dbline 319
 09D4           ;                               message[2]='.';
 09D4 ECF021            ldd 33,S
 09D7 C30002            addd #2
 09DA B745              tfr D,X
 09DC C62E              ldab #46
 09DE 6B00              stab 0,X
 09E0                   .dbline 320
 09E0           ;                               message[3]=(temp_value/10)%10 + 0x30;
 09E0 ECF018            ldd 24,S
 09E3 3B                pshd
 09E4 ECF018            ldd 24,S
 09E7 3B                pshd
 09E8 1800AE000A        movw #10,2,-S
 09ED 1800AE0000        movw #0,2,-S
 09F2 160000            jsr div4s
 09F5 1800AE000A        movw #10,2,-S
 09FA 1800AE0000        movw #0,2,-S
 09FF 160000            jsr mod4s
 0A02 1800AE0030        movw #48,2,-S
 0A07 1800AE0000        movw #0,2,-S
 0A0C 160000            jsr add4
 0A0F 1B82              leas 2,S
 0A11 31                puly
 0A12 B764              tfr Y,D
 0A14 87                clra
 0A15 B746              tfr D,Y
 0A17 ECF021            ldd 33,S
 0A1A C30003            addd #3
 0A1D B745              tfr D,X
 0A1F B761              tfr Y,B
 0A21 6B00              stab 0,X
 0A23                   .dbline 321
 0A23           ;                               message[4]='M';
 0A23 ECF021            ldd 33,S
 0A26 C30004            addd #4
 0A29 B745              tfr D,X
 0A2B C64D              ldab #77
 0A2D 6B00              stab 0,X
 0A2F                   .dbline 322
 0A2F           ;                       }
 0A2F 182000EB          lbra L152
 0A33           L151:
 0A33                   .dbline 323
 0A33           ;                       else if(temp_value < 3500)
 0A33 ECF018            ldd 24,S
 0A36 3B                pshd
 0A37 ECF018            ldd 24,S
 0A3A 3B                pshd
 0A3B 1800AE0DAC        movw #3500,2,-S
 0A40 1800AE0000        movw #0,2,-S
 0A45 160000            jsr cmp4
 0A48 182C0099          lbge L153
 0A4C                   .dbline 324
 0A4C           ;                       {
 0A4C                   .dbline 325
 0A4C           ;                               message[0]=' ';
 0A4C CD0020            ldy #32
 0A4F EEF021            ldx 33,S
 0A52 B761              tfr Y,B
 0A54 6B00              stab 0,X
 0A56                   .dbline 326
 0A56           ;                               message[1]=temp_value/1000 + 0x30;
 0A56 ECF018            ldd 24,S
 0A59 3B                pshd
 0A5A ECF018            ldd 24,S
 0A5D 3B                pshd
 0A5E 1800AE03E8        movw #1000,2,-S
 0A63 1800AE0000        movw #0,2,-S
 0A68 160000            jsr div4s
 0A6B 1800AE0030        movw #48,2,-S
 0A70 1800AE0000        movw #0,2,-S
 0A75 160000            jsr add4
 0A78 1B82              leas 2,S
 0A7A 31                puly
 0A7B B764              tfr Y,D
 0A7D 87                clra
 0A7E B746              tfr D,Y
 0A80 EEF021            ldx 33,S
 0A83 08                inx
 0A84 B761              tfr Y,B
 0A86 6B00              stab 0,X
 0A88                   .dbline 327
 0A88           ;                               message[2]=(temp_value/100)%10 + 0x30;
 0A88 ECF018            ldd 24,S
 0A8B 3B                pshd
 0A8C ECF018            ldd 24,S
 0A8F 3B                pshd
 0A90 1800AE0064        movw #100,2,-S
 0A95 1800AE0000        movw #0,2,-S
 0A9A 160000            jsr div4s
 0A9D 1800AE000A        movw #10,2,-S
 0AA2 1800AE0000        movw #0,2,-S
 0AA7 160000            jsr mod4s
 0AAA 1800AE0030        movw #48,2,-S
 0AAF 1800AE0000        movw #0,2,-S
 0AB4 160000            jsr add4
 0AB7 1B82              leas 2,S
 0AB9 31                puly
 0ABA B764              tfr Y,D
 0ABC 87                clra
 0ABD B746              tfr D,Y
 0ABF ECF021            ldd 33,S
 0AC2 C30002            addd #2
 0AC5 B745              tfr D,X
 0AC7 B761              tfr Y,B
 0AC9 6B00              stab 0,X
 0ACB                   .dbline 328
 0ACB           ;                               message[3]='M';
 0ACB ECF021            ldd 33,S
 0ACE C30003            addd #3
 0AD1 B745              tfr D,X
 0AD3 C64D              ldab #77
 0AD5 6B00              stab 0,X
 0AD7                   .dbline 329
 0AD7           ;                               message[4]=' ';
 0AD7 ECF021            ldd 33,S
 0ADA C30004            addd #4
 0ADD B745              tfr D,X
 0ADF C620              ldab #32
 0AE1 6B00              stab 0,X
 0AE3                   .dbline 330
 0AE3           ;                       }
 0AE3 2039              bra L154
 0AE5           L153:
 0AE5                   .dbline 332
 0AE5           ;                       else
 0AE5           ;                       {
 0AE5                   .dbline 333
 0AE5           ;                               message[0]=' ';
 0AE5 CD0020            ldy #32
 0AE8 EEF021            ldx 33,S
 0AEB B761              tfr Y,B
 0AED 6B00              stab 0,X
 0AEF                   .dbline 334
 0AEF           ;                               message[1]='I';
 0AEF CD0049            ldy #73
 0AF2 EEF021            ldx 33,S
 0AF5 08                inx
 0AF6 B761              tfr Y,B
 0AF8 6B00              stab 0,X
 0AFA                   .dbline 335
 0AFA           ;                               message[2]='N';
 0AFA ECF021            ldd 33,S
 0AFD C30002            addd #2
 0B00 B745              tfr D,X
 0B02 C64E              ldab #78
 0B04 6B00              stab 0,X
 0B06                   .dbline 336
 0B06           ;                               message[3]='F';
 0B06 ECF021            ldd 33,S
 0B09 C30003            addd #3
 0B0C B745              tfr D,X
 0B0E C646              ldab #70
 0B10 6B00              stab 0,X
 0B12                   .dbline 337
 0B12           ;                               message[4]=' ';
 0B12 ECF021            ldd 33,S
 0B15 C30004            addd #4
 0B18 B745              tfr D,X
 0B1A C620              ldab #32
 0B1C 6B00              stab 0,X
 0B1E                   .dbline 338
 0B1E           ;                       }
 0B1E           L154:
 0B1E           L152:
 0B1E           L150:
 0B1E           L148:
 0B1E           L146:
 0B1E                   .dbline 339
 0B1E           ;                       message[5]=0;
 0B1E ECF021            ldd 33,S
 0B21 C30005            addd #5
 0B24 B745              tfr D,X
 0B26 C600              ldab #0
 0B28 6B00              stab 0,X
 0B2A                   .dbline 340
 0B2A           ;                       message[6]=0;
 0B2A ECF021            ldd 33,S
 0B2D C30006            addd #6
 0B30 B745              tfr D,X
 0B32 C600              ldab #0
 0B34 6B00              stab 0,X
 0B36                   .dbline 341
 0B36           ;                   break;
 0B36 18200168          lbra L86
 0B3A           L155:
 0B3A                   .dbline 344
 0B3A           ;               case(WB_INQ):
 0B3A           ;               
 0B3A           ;                       if(SIN0Buf[2]==0x05)            //manual
 0B3A F60002            ldab _SIN0Buf+2
 0B3D C105              cmpb #5
 0B3F 260C              bne L156
 0B41                   .dbline 345
 0B41           ;                       {
 0B41                   .dbline 346
 0B41           ;                           strcat(message," OFF");
 0B41 CD012D            ldy #L95
 0B44 6D80              sty 0,S
 0B46 ECF021            ldd 33,S
 0B49 4A000000          xcall $_strcat
 0B4D                   .dbline 347
 0B4D           ;                       }
 0B4D           L156:
 0B4D                   .dbline 348
 0B4D           ;                       if(SIN0Buf[2]==0x00)            //auto
 0B4D F60002            ldab _SIN0Buf+2
 0B50 C100              cmpb #0
 0B52 1826014C          lbne L86
 0B56                   .dbline 349
 0B56           ;                       {
 0B56                   .dbline 350
 0B56           ;                               strcat(message,"  ON");
 0B56 CD0111            ldy #L162
 0B59 6D80              sty 0,S
 0B5B ECF021            ldd 33,S
 0B5E 4A000000          xcall $_strcat
 0B62                   .dbline 351
 0B62           ;                       }                       
 0B62                   .dbline 352
 0B62           ;                   break;      
 0B62 1820013C          lbra L86
 0B66           L163:
 0B66                   .dbline 354
 0B66           ;               case(RGAIN_INQ):
 0B66           ;                   temp_value=16*SIN0Buf[4]+SIN0Buf[5]; //Takes the data from serial message and converts to number
 0B66 F60004            ldab _SIN0Buf+4
 0B69 87                clra
 0B6A B746              tfr D,Y
 0B6C CC0010            ldd #16
 0B6F 13                emul
 0B70 B746              tfr D,Y
 0B72 F60005            ldab _SIN0Buf+5
 0B75 87                clra
 0B76 B745              tfr D,X
 0B78 B764              tfr Y,D
 0B7A 6E88              stx 8,S
 0B7C E388              addd 8,S
 0B7E 160000            jsr int2long
 0B81 3A                puld
 0B82 6CF018            std 24,S
 0B85 3A                puld
 0B86 6CF018            std 24,S
 0B89                   .dbline 355
 0B89           ;                       switch(temp_value)
 0B89 ECF018            ldd 24,S
 0B8C 3B                pshd
 0B8D ECF018            ldd 24,S
 0B90 3B                pshd
 0B91 1800AE0000        movw #0,2,-S
 0B96 1800AE0000        movw #0,2,-S
 0B9B 160000            jsr cmp4
 0B9E 2702              beq L168
 0BA0 202F              bra L166
 0BA2           L168:
 0BA2                   .dbline 358
 0BA2           ;                       {
 0BA2           ;                           case(0):
 0BA2           ;                                   message[0]=' ';
 0BA2 CD0020            ldy #32
 0BA5 EEF021            ldx 33,S
 0BA8 B761              tfr Y,B
 0BAA 6B00              stab 0,X
 0BAC                   .dbline 359
 0BAC           ;                               message[1]=' ';
 0BAC CD0020            ldy #32
 0BAF EEF021            ldx 33,S
 0BB2 08                inx
 0BB3 B761              tfr Y,B
 0BB5 6B00              stab 0,X
 0BB7                   .dbline 360
 0BB7           ;                                       message[2]=' ';
 0BB7 ECF021            ldd 33,S
 0BBA C30002            addd #2
 0BBD B745              tfr D,X
 0BBF C620              ldab #32
 0BC1 6B00              stab 0,X
 0BC3                   .dbline 361
 0BC3           ;                                       message[3]='0';
 0BC3 ECF021            ldd 33,S
 0BC6 C30003            addd #3
 0BC9 B745              tfr D,X
 0BCB C630              ldab #48
 0BCD 6B00              stab 0,X
 0BCF                   .dbline 362
 0BCF           ;                                   break;
 0BCF 2019              bra L167
 0BD1           L166:
 0BD1                   .dbline 364
 0BD1           ;                               default:
 0BD1           ;                                       sprintf(message," %3ld",temp_value);
 0BD1 19F016            leay 22,S
 0BD4 18024084          movw 0,y,4,S
 0BD8 18024286          movw 2,y,6,S
 0BDC CD010B            ldy #L169
 0BDF 6D82              sty 2,S
 0BE1 EDF021            ldy 33,S
 0BE4 6D80              sty 0,S
 0BE6 4A000000          xcall $_sprintf
 0BEA                   .dbline 365
 0BEA           ;                                   break;
 0BEA           L167:
 0BEA                   .dbline 367
 0BEA           ;                       }
 0BEA           ;                       message[4]=0;
 0BEA ECF021            ldd 33,S
 0BED C30004            addd #4
 0BF0 B745              tfr D,X
 0BF2 C600              ldab #0
 0BF4 6B00              stab 0,X
 0BF6                   .dbline 368
 0BF6           ;                   break;
 0BF6 182000A8          lbra L86
 0BFA           L170:
 0BFA                   .dbline 370
 0BFA           ;               case(BGAIN_INQ):
 0BFA           ;                   temp_value=16*SIN0Buf[4]+SIN0Buf[5]; //Takes the data from serial message and converts to number
 0BFA F60004            ldab _SIN0Buf+4
 0BFD 87                clra
 0BFE B746              tfr D,Y
 0C00 CC0010            ldd #16
 0C03 13                emul
 0C04 B746              tfr D,Y
 0C06 F60005            ldab _SIN0Buf+5
 0C09 87                clra
 0C0A B745              tfr D,X
 0C0C B764              tfr Y,D
 0C0E 6E88              stx 8,S
 0C10 E388              addd 8,S
 0C12 160000            jsr int2long
 0C15 3A                puld
 0C16 6CF018            std 24,S
 0C19 3A                puld
 0C1A 6CF018            std 24,S
 0C1D                   .dbline 371
 0C1D           ;                       switch(temp_value)
 0C1D ECF018            ldd 24,S
 0C20 3B                pshd
 0C21 ECF018            ldd 24,S
 0C24 3B                pshd
 0C25 1800AE0000        movw #0,2,-S
 0C2A 1800AE0000        movw #0,2,-S
 0C2F 160000            jsr cmp4
 0C32 2702              beq L175
 0C34 202F              bra L173
 0C36           L175:
 0C36                   .dbline 374
 0C36           ;                       {
 0C36           ;                           case(0):
 0C36           ;                                   message[0]=' ';
 0C36 CD0020            ldy #32
 0C39 EEF021            ldx 33,S
 0C3C B761              tfr Y,B
 0C3E 6B00              stab 0,X
 0C40                   .dbline 375
 0C40           ;                               message[1]=' ';
 0C40 CD0020            ldy #32
 0C43 EEF021            ldx 33,S
 0C46 08                inx
 0C47 B761              tfr Y,B
 0C49 6B00              stab 0,X
 0C4B                   .dbline 376
 0C4B           ;                                       message[2]=' ';
 0C4B ECF021            ldd 33,S
 0C4E C30002            addd #2
 0C51 B745              tfr D,X
 0C53 C620              ldab #32
 0C55 6B00              stab 0,X
 0C57                   .dbline 377
 0C57           ;                                       message[3]='0';
 0C57 ECF021            ldd 33,S
 0C5A C30003            addd #3
 0C5D B745              tfr D,X
 0C5F C630              ldab #48
 0C61 6B00              stab 0,X
 0C63                   .dbline 378
 0C63           ;                                   break;
 0C63 2019              bra L174
 0C65           L173:
 0C65                   .dbline 380
 0C65           ;                               default:
 0C65           ;                                       sprintf(message," %3ld",temp_value);
 0C65 19F016            leay 22,S
 0C68 18024084          movw 0,y,4,S
 0C6C 18024286          movw 2,y,6,S
 0C70 CD010B            ldy #L169
 0C73 6D82              sty 2,S
 0C75 EDF021            ldy 33,S
 0C78 6D80              sty 0,S
 0C7A 4A000000          xcall $_sprintf
 0C7E                   .dbline 381
 0C7E           ;                                   break;
 0C7E           L174:
 0C7E                   .dbline 383
 0C7E           ;                       }
 0C7E           ;                       message[4]=0;
 0C7E ECF021            ldd 33,S
 0C81 C30004            addd #4
 0C84 B745              tfr D,X
 0C86 C600              ldab #0
 0C88 6B00              stab 0,X
 0C8A                   .dbline 384
 0C8A           ;                   break;
 0C8A 2016              bra L86
 0C8C           L176:
 0C8C                   .dbline 386
 0C8C           ;               case(MENU_ON_OFF):
 0C8C           ;                       if (SIN0Buf[1] == 0x50 && SIN0Buf[2] == 0x03) // Check that OSD menu entered
 0C8C F60001            ldab _SIN0Buf+1
 0C8F C150              cmpb #80
 0C91 260F              bne L86
 0C93 F60002            ldab _SIN0Buf+2
 0C96 C103              cmpb #3
 0C98 2608              bne L86
 0C9A                   .dbline 387
 0C9A           ;                       {
 0C9A                   .dbline 388
 0C9A           ;                               CamMenu = 0;
 0C9A 790062            clr _CamMenu
 0C9D                   .dbline 389
 0C9D           ;                               OSD_changed = 1;
 0C9D 180B010000        movb #1,_OSD_changed
 0CA2                   .dbline 390
 0CA2           ;                   }
 0CA2                   .dbline 391
 0CA2           ;                       break;
 0CA2                   .dbline 393
 0CA2           ;               default: 
 0CA2           ;               break;
 0CA2           L86:
 0CA2                   .dbline 395
 0CA2           ;         }
 0CA2           ;         inquiry=0;
 0CA2 18030000004D      movw #0,_inquiry
 0CA8                   .dbline 396
 0CA8           ;       }
 0CA8           L82:
 0CA8                   .dbline 397
 0CA8           ;       SIN0Bufptr=0;
 0CA8 180300000000      movw #0,_SIN0Bufptr
 0CAE                   .dbline 398
 0CAE           ;       Gen_Flags &= ~flag;               //clear flag
 0CAE E6F01D            ldab 29,S
 0CB1 51                comb
 0CB2 B716              tfr B,Y
 0CB4 F60000            ldab _Gen_Flags
 0CB7 6D88              sty 8,S
 0CB9 E489              andb 9,S
 0CBB 7B0000            stab _Gen_Flags
 0CBE                   .dbline -2
 0CBE           L81:
 0CBE                   .dbline 0 ; func end
 0CBE 1BF01E            leas 30,S
 0CC1 0A                rtc
 0CC2                   .dbsym l zoom_temp 18 L
 0CC2                   .dbsym l temp_value 22 L
 0CC2                   .dbsym l i 26 I
 0CC2                   .dbsym l message 33 pc
 0CC2                   .dbsym l flag 29 c
 0CC2                   .dbend
                        .area data
 006B                   .dbfile C:\Dev\REV1~1.01\CamMenu.c
 006B           _Up_Dn::
 006B                   .blkb 2
                        .area idata
 006B 0000              .word 0
                        .area data
 006D                   .dbfile C:\Dev\REV1~1.01\CamMenu.c
 006D                   .dbsym e Up_Dn _Up_Dn I
 006D           _menu_string::
 006D                   .blkb 1
                        .area idata
 006D 00                .byte 0
                        .area data
 006E                   .dbfile C:\Dev\REV1~1.01\CamMenu.c
 006E                   .blkb 39
                        .area idata
 006E 00000000000000000000      .word 0,0,0,0,0
 0078 00000000000000000000      .word 0,0,0,0,0
 0082 00000000000000000000      .word 0,0,0,0,0
 008C 000000000000000000        .byte 0,0,0,0,0,0,0,0,0
                        .area data
 0095                   .dbfile C:\Dev\REV1~1.01\CamMenu.c
 0095                   .dbsym e menu_string _menu_string A[40:40]c
 0095           _visca_string::
 0095                   .blkb 1
                        .area idata
 0095 00                .byte 0
                        .area data
 0096                   .dbfile C:\Dev\REV1~1.01\CamMenu.c
 0096                   .blkb 19
                        .area idata
 0096 00000000000000000000      .word 0,0,0,0,0
 00A0 000000000000000000        .byte 0,0,0,0,0,0,0,0,0
                        .area data
 00A9                   .dbfile C:\Dev\REV1~1.01\CamMenu.c
 00A9                   .dbsym e visca_string _visca_string A[20:20]c
 00A9           _menu_index::
 00A9                   .blkb 2
                        .area idata
 00A9 FFFF              .word -1
                        .area data
 00AB                   .dbfile C:\Dev\REV1~1.01\CamMenu.c
 00AB                   .dbsym e menu_index _menu_index I
 00AB           _Popup_Menu_Act::
 00AB                   .blkb 1
                        .area idata
 00AB 00                .byte 0
                        .area data
 00AC                   .dbfile C:\Dev\REV1~1.01\CamMenu.c
 00AC                   .dbsym e Popup_Menu_Act _Popup_Menu_Act c
 00AC           _Up_State::
 00AC                   .blkb 1
                        .area idata
 00AC 00                .byte 0
                        .area data
 00AD                   .dbfile C:\Dev\REV1~1.01\CamMenu.c
 00AD                   .dbsym e Up_State _Up_State c
 00AD           _Up_Echo::
 00AD                   .blkb 1
                        .area idata
 00AD 00                .byte 0
                        .area data
 00AE                   .dbfile C:\Dev\REV1~1.01\CamMenu.c
 00AE                   .dbsym e Up_Echo _Up_Echo c
 00AE           _Down_State::
 00AE                   .blkb 1
                        .area idata
 00AE 00                .byte 0
                        .area data
 00AF                   .dbfile C:\Dev\REV1~1.01\CamMenu.c
 00AF                   .dbsym e Down_State _Down_State c
 00AF           _Down_Echo::
 00AF                   .blkb 1
                        .area idata
 00AF 00                .byte 0
                        .area data
 00B0                   .dbfile C:\Dev\REV1~1.01\CamMenu.c
 00B0                   .dbsym e Down_Echo _Down_Echo c
 00B0           _Left_State::
 00B0                   .blkb 1
                        .area idata
 00B0 00                .byte 0
                        .area data
 00B1                   .dbfile C:\Dev\REV1~1.01\CamMenu.c
 00B1                   .dbsym e Left_State _Left_State c
 00B1           _Left_Echo::
 00B1                   .blkb 1
                        .area idata
 00B1 00                .byte 0
                        .area data
 00B2                   .dbfile C:\Dev\REV1~1.01\CamMenu.c
 00B2                   .dbsym e Left_Echo _Left_Echo c
 00B2           _Right_State::
 00B2                   .blkb 1
                        .area idata
 00B2 00                .byte 0
                        .area data
 00B3                   .dbfile C:\Dev\REV1~1.01\CamMenu.c
 00B3                   .dbsym e Right_State _Right_State c
 00B3           _Right_Echo::
 00B3                   .blkb 1
                        .area idata
 00B3 00                .byte 0
                        .area data
 00B4                   .dbfile C:\Dev\REV1~1.01\CamMenu.c
 00B4                   .dbsym e Right_Echo _Right_Echo c
 00B4           _Middle_State::
 00B4                   .blkb 1
                        .area idata
 00B4 00                .byte 0
                        .area data
 00B5                   .dbfile C:\Dev\REV1~1.01\CamMenu.c
 00B5                   .dbsym e Middle_State _Middle_State c
 00B5           _Middle_Echo::
 00B5                   .blkb 1
                        .area idata
 00B5 00                .byte 0
                        .area data
 00B6                   .dbfile C:\Dev\REV1~1.01\CamMenu.c
 00B6                   .dbsym e Middle_Echo _Middle_Echo c
                        .area extcode(paged)
 0CC2                   .dbfile C:\Dev\REV1~1.01\CamMenu.c
 0CC2                   .dbfunc e Read_Buttons _Read_Buttons fV
 0CC2           $_Read_Buttons::
 0CC2 1B96              leas -10,S
 0CC4                   .dbline -1
 0CC4                   .dbline 424
 0CC4           ; }
 0CC4           ; 
 0CC4           ; int Up_Dn = 0;
 0CC4           ; char menu_string[40] = "";
 0CC4           ; char visca_string[20] = "";
 0CC4           ; int menu_index = -1;
 0CC4           ; char Popup_Menu_Act = 0;
 0CC4           ; extern UNSIGNED8 gProcImg[];
 0CC4           ; extern char Rcv_Packet_Data[];
 0CC4           ; extern char Cam_Message[];
 0CC4           ; extern unsigned char Line[4][20];
 0CC4           ; char Up_State = 0;
 0CC4           ; char Up_Echo = 0;
 0CC4           ; char Down_State = 0;
 0CC4           ; char Down_Echo = 0;
 0CC4           ; char Left_State = 0;
 0CC4           ; char Left_Echo = 0;
 0CC4           ; char Right_State = 0;
 0CC4           ; char Right_Echo = 0;
 0CC4           ; char Middle_State = 0;
 0CC4           ; char Middle_Echo = 0;
 0CC4           ; 
 0CC4           ; /// @brief Sets the one shot variable of whichever button has been pressed
 0CC4           ; /// @param  
 0CC4           ; void Read_Buttons ( void )
 0CC4           ; {
 0CC4                   .dbline 425
 0CC4           ;       Up_Echo = Up_State;
 0CC4 180C00AC00AD      movb _Up_State,_Up_Echo
 0CCA                   .dbline 426
 0CCA           ;       Down_Echo = Down_State;
 0CCA 180C00AE00AF      movb _Down_State,_Down_Echo
 0CD0                   .dbline 427
 0CD0           ;       Left_Echo = Left_State;
 0CD0 180C00B000B1      movb _Left_State,_Left_Echo
 0CD6                   .dbline 428
 0CD6           ;       Right_Echo = Right_State;
 0CD6 180C00B200B3      movb _Right_State,_Right_Echo
 0CDC                   .dbline 429
 0CDC           ;       Middle_Echo = Middle_State;
 0CDC 180C00B400B5      movb _Middle_State,_Middle_Echo
 0CE2                   .dbline 431
 0CE2           ; 
 0CE2           ;       Up_State = gProcImg[OUT_digi_1+2] & 0b00000001?1:0;
 0CE2 1F001A0107        brclr _gProcImg+26,#1,L184
 0CE7 1800880001        movw #1,8,S
 0CEC 2005              bra L185
 0CEE           L184:
 0CEE 1800880000        movw #0,8,S
 0CF3           L185:
 0CF3 E689              ldab 9,S
 0CF5 7B00AC            stab _Up_State
 0CF8                   .dbline 432
 0CF8           ;       Down_State = gProcImg[OUT_digi_1+2] & 0b00000010?1:0;
 0CF8 1F001A0207        brclr _gProcImg+26,#2,L188
 0CFD 1800860001        movw #1,6,S
 0D02 2005              bra L189
 0D04           L188:
 0D04 1800860000        movw #0,6,S
 0D09           L189:
 0D09 E687              ldab 7,S
 0D0B 7B00AE            stab _Down_State
 0D0E                   .dbline 433
 0D0E           ;       Left_State = gProcImg[OUT_digi_1+2] & 0b00000100?1:0;
 0D0E 1F001A0407        brclr _gProcImg+26,#4,L192
 0D13 1800840001        movw #1,4,S
 0D18 2005              bra L193
 0D1A           L192:
 0D1A 1800840000        movw #0,4,S
 0D1F           L193:
 0D1F E685              ldab 5,S
 0D21 7B00B0            stab _Left_State
 0D24                   .dbline 434
 0D24           ;       Right_State = gProcImg[OUT_digi_1+2] & 0b00001000?1:0;
 0D24 1F001A0807        brclr _gProcImg+26,#8,L196
 0D29 1800820001        movw #1,2,S
 0D2E 2005              bra L197
 0D30           L196:
 0D30 1800820000        movw #0,2,S
 0D35           L197:
 0D35 E683              ldab 3,S
 0D37 7B00B2            stab _Right_State
 0D3A                   .dbline 435
 0D3A           ;       Middle_State = gProcImg[OUT_digi_1+2] & 0b00010000?1:0;
 0D3A 1F001A1007        brclr _gProcImg+26,#16,L200
 0D3F 1800800001        movw #1,0,S
 0D44 2005              bra L201
 0D46           L200:
 0D46 1800800000        movw #0,0,S
 0D4B           L201:
 0D4B E681              ldab 1,S
 0D4D 7B00B4            stab _Middle_State
 0D50                   .dbline -2
 0D50           L181:
 0D50                   .dbline 0 ; func end
 0D50 1B8A              leas 10,S
 0D52 0A                rtc
 0D53                   .dbend
 0D53                   .dbfunc e upButtonOn _upButtonOn fV
 0D53           $_upButtonOn::
 0D53 1B9A              leas -6,S
 0D55                   .dbline -1
 0D55                   .dbline 440
 0D55           ; }
 0D55           ; /// @brief functions called when the up button is first pressed
 0D55           ; /// @param  
 0D55           ; void upButtonOn(void)
 0D55           ; {
 0D55                   .dbline 441
 0D55           ;       if( CamMenu && gProcImg[OUT_digi_1] & 0b10000000)// If in camera OSD menu
 0D55 F60062            ldab _CamMenu
 0D58 C100              cmpb #0
 0D5A 2715              beq L203
 0D5C 1F00188010        brclr _gProcImg+24,#128,L203
 0D61                   .dbline 442
 0D61           ;       {
 0D61                   .dbline 443
 0D61           ;               Add_Cam_command("\x81\x01\x70\x01\x21\xFF",0);
 0D61 CD0000            ldy #0
 0D64 6D80              sty 0,S
 0D66 CC0104            ldd #L206
 0D69 4A00B0B0          xcall $_Add_Cam_command
 0D6D                   .dbline 444
 0D6D           ;       }
 0D6D 1820006F          lbra L204
 0D71           L203:
 0D71                   .dbline 445
 0D71           ;       else if (gProcImg[OUT_digi_1] & 0b10000000)// If in camera function menu
 0D71 1F00188002        brclr _gProcImg+24,#128,X0
 0D76 2004              bra X1
 0D78 18200064  X0: lbra L207
 0D7C           X1:
 0D7C                   .dbline 446
 0D7C           ;     {
 0D7C                   .dbline 447
 0D7C           ;               OSD_changed = 1;
 0D7C 180B010000        movb #1,_OSD_changed
 0D81                   .dbline 448
 0D81           ;               menu_index = getViscaCommand(1);
 0D81 CC0001            ldd #1
 0D84 4A000000          xcall $_getViscaCommand
 0D88 7C00A9            std _menu_index
 0D8B                   .dbline 449
 0D8B           ;               if (menu_index == (NUM_MENU_STRINGS-1)) // See if current selection is the 'Cam Menu'
 0D8B FD00A9            ldy _menu_index
 0D8E 8D0007            cpy #7
 0D91 264D              bne L210
 0D93                   .dbline 450
 0D93           ;       {
 0D93                   .dbline 451
 0D93           ;                       strncpy(menu_string,MenuStrings[menu_index],strlen(MenuStrings[menu_index])+1);
 0D93 FC00A9            ldd _menu_index
 0D96 CD0000            ldy #_MenuStrings
 0D99 59                lsld
 0D9A 6D84              sty 4,S
 0D9C E384              addd 4,S
 0D9E B746              tfr D,Y
 0DA0 EC40              ldd 0,Y
 0DA2 4A000000          xcall $_strlen
 0DA6 B746              tfr D,Y
 0DA8 FC00A9            ldd _menu_index
 0DAB 02                iny
 0DAC 6D82              sty 2,S
 0DAE CD0000            ldy #_MenuStrings
 0DB1 59                lsld
 0DB2 6D84              sty 4,S
 0DB4 E384              addd 4,S
 0DB6 B746              tfr D,Y
 0DB8 ED40              ldy 0,Y
 0DBA 6D80              sty 0,S
 0DBC CC006D            ldd #_menu_string
 0DBF 4A000000          xcall $_strncpy
 0DC3                   .dbline 452
 0DC3           ;                       strcat(menu_string,"                    ");
 0DC3 CD00EF            ldy #L212
 0DC6 6D80              sty 0,S
 0DC8 CC006D            ldd #_menu_string
 0DCB 4A000000          xcall $_strcat
 0DCF                   .dbline 453
 0DCF           ;                       strncpy(&Line[0][0],menu_string,20);
 0DCF CD0014            ldy #20
 0DD2 6D82              sty 2,S
 0DD4 CD006D            ldy #_menu_string
 0DD7 6D80              sty 0,S
 0DD9 CC0000            ldd #_Line
 0DDC 4A000000          xcall $_strncpy
 0DE0                   .dbline 454
 0DE0           ;               }
 0DE0           L210:
 0DE0                   .dbline 455
 0DE0           ;       }
 0DE0           L207:
 0DE0           L204:
 0DE0                   .dbline -2
 0DE0           L202:
 0DE0                   .dbline 0 ; func end
 0DE0 1B86              leas 6,S
 0DE2 0A                rtc
 0DE3                   .dbend
 0DE3                   .dbfunc e upButtonOff _upButtonOff fV
 0DE3           $_upButtonOff::
 0DE3 1B9A              leas -6,S
 0DE5                   .dbline -1
 0DE5                   .dbline 460
 0DE5           ; }
 0DE5           ; /// @brief functions called when the up button is first released
 0DE5           ; /// @param  
 0DE5           ; void upButtonOff(void)
 0DE5           ; {
 0DE5                   .dbline 461
 0DE5           ;       if( CamMenu && gProcImg[OUT_digi_1] & 0b10000000)// If in camera OSD menu
 0DE5 F60062            ldab _CamMenu
 0DE8 C100              cmpb #0
 0DEA 2709              beq L214
 0DEC 1F00188004        brclr _gProcImg+24,#128,L214
 0DF1                   .dbline 462
 0DF1           ;       {
 0DF1                   .dbline 464
 0DF1           ; 
 0DF1           ;       }
 0DF1 18200078          lbra L215
 0DF5           L214:
 0DF5                   .dbline 465
 0DF5           ;       else if (gProcImg[OUT_digi_1] & 0b10000000)// If in camera function menu
 0DF5 1F00188002        brclr _gProcImg+24,#128,X2
 0DFA 2004              bra X3
 0DFC 1820006D  X2: lbra L217
 0E00           X3:
 0E00                   .dbline 466
 0E00           ;     {
 0E00                   .dbline 467
 0E00           ;               memset(visca_string, '\00', 12);
 0E00 CD000C            ldy #12
 0E03 6D82              sty 2,S
 0E05 CD0000            ldy #0
 0E08 6D80              sty 0,S
 0E0A CC0095            ldd #_visca_string
 0E0D 4A000000          xcall $_memset
 0E11                   .dbline 468
 0E11           ;               memcpy(visca_string,ViscaCommands[menu_index][4],ViscaStringLens[menu_index][4]);
 0E11 CC0006            ldd #6
 0E14 FD00A9            ldy _menu_index
 0E17 13                emul
 0E18 B746              tfr D,Y
 0E1A CE0004            ldx #_ViscaStringLens+4
 0E1D B764              tfr Y,D
 0E1F 6E84              stx 4,S
 0E21 E384              addd 4,S
 0E23 B746              tfr D,Y
 0E25 E640              ldab 0,Y
 0E27 87                clra
 0E28 B746              tfr D,Y
 0E2A CE000A            ldx #10
 0E2D 6D82              sty 2,S
 0E2F FD00A9            ldy _menu_index
 0E32 B754              tfr X,D
 0E34 13                emul
 0E35 B746              tfr D,Y
 0E37 CE0018            ldx #_ViscaCommands+8
 0E3A B764              tfr Y,D
 0E3C 6E84              stx 4,S
 0E3E E384              addd 4,S
 0E40 B746              tfr D,Y
 0E42 ED40              ldy 0,Y
 0E44 6D80              sty 0,S
 0E46 CC0095            ldd #_visca_string
 0E49 4A000000          xcall $_memcpy
 0E4D                   .dbline 469
 0E4D           ;         Add_Cam_command(visca_string,ViscaStringLens[menu_index][5]);
 0E4D CC0006            ldd #6
 0E50 FD00A9            ldy _menu_index
 0E53 13                emul
 0E54 B746              tfr D,Y
 0E56 CE0005            ldx #_ViscaStringLens+5
 0E59 B764              tfr Y,D
 0E5B 6E84              stx 4,S
 0E5D E384              addd 4,S
 0E5F B746              tfr D,Y
 0E61 E640              ldab 0,Y
 0E63 87                clra
 0E64 6C80              std 0,S
 0E66 CC0095            ldd #_visca_string
 0E69 4A00B0B0          xcall $_Add_Cam_command
 0E6D                   .dbline 470
 0E6D           ;       }
 0E6D           L217:
 0E6D           L215:
 0E6D                   .dbline -2
 0E6D           L213:
 0E6D                   .dbline 0 ; func end
 0E6D 1B86              leas 6,S
 0E6F 0A                rtc
 0E70                   .dbend
 0E70                   .dbfunc e downButtonOn _downButtonOn fV
 0E70           $_downButtonOn::
 0E70 1B9A              leas -6,S
 0E72                   .dbline -1
 0E72                   .dbline 475
 0E72           ; }
 0E72           ; /// @brief functions called when the down button is first pressed
 0E72           ; /// @param  
 0E72           ; void downButtonOn(void)
 0E72           ; {
 0E72                   .dbline 476
 0E72           ;       if( CamMenu && gProcImg[OUT_digi_1] & 0b10000000)// If in camera OSD menu
 0E72 F60062            ldab _CamMenu
 0E75 C100              cmpb #0
 0E77 2715              beq L224
 0E79 1F00188010        brclr _gProcImg+24,#128,L224
 0E7E                   .dbline 477
 0E7E           ;       {
 0E7E                   .dbline 478
 0E7E           ;               Add_Cam_command("\x81\x01\x70\x01\x22\xFF",0);
 0E7E CD0000            ldy #0
 0E81 6D80              sty 0,S
 0E83 CC00E8            ldd #L227
 0E86 4A00B0B0          xcall $_Add_Cam_command
 0E8A                   .dbline 479
 0E8A           ;       }
 0E8A 1820006F          lbra L225
 0E8E           L224:
 0E8E                   .dbline 480
 0E8E           ;       else if (gProcImg[OUT_digi_1] & 0b10000000)// If in camera function menu
 0E8E 1F00188002        brclr _gProcImg+24,#128,X4
 0E93 2004              bra X5
 0E95 18200064  X4: lbra L228
 0E99           X5:
 0E99                   .dbline 481
 0E99           ;     {
 0E99                   .dbline 482
 0E99           ;               OSD_changed = 1;
 0E99 180B010000        movb #1,_OSD_changed
 0E9E                   .dbline 483
 0E9E           ;               menu_index = getViscaCommand(-1);
 0E9E CCFFFF            ldd #65535
 0EA1 4A000000          xcall $_getViscaCommand
 0EA5 7C00A9            std _menu_index
 0EA8                   .dbline 484
 0EA8           ;               if (menu_index == (NUM_MENU_STRINGS-1)) // See if current selection is the 'Cam Menu'
 0EA8 FD00A9            ldy _menu_index
 0EAB 8D0007            cpy #7
 0EAE 264D              bne L231
 0EB0                   .dbline 485
 0EB0           ;       {
 0EB0                   .dbline 486
 0EB0           ;                       strncpy(menu_string,MenuStrings[menu_index],strlen(MenuStrings[menu_index])+1);
 0EB0 FC00A9            ldd _menu_index
 0EB3 CD0000            ldy #_MenuStrings
 0EB6 59                lsld
 0EB7 6D84              sty 4,S
 0EB9 E384              addd 4,S
 0EBB B746              tfr D,Y
 0EBD EC40              ldd 0,Y
 0EBF 4A000000          xcall $_strlen
 0EC3 B746              tfr D,Y
 0EC5 FC00A9            ldd _menu_index
 0EC8 02                iny
 0EC9 6D82              sty 2,S
 0ECB CD0000            ldy #_MenuStrings
 0ECE 59                lsld
 0ECF 6D84              sty 4,S
 0ED1 E384              addd 4,S
 0ED3 B746              tfr D,Y
 0ED5 ED40              ldy 0,Y
 0ED7 6D80              sty 0,S
 0ED9 CC006D            ldd #_menu_string
 0EDC 4A000000          xcall $_strncpy
 0EE0                   .dbline 487
 0EE0           ;                       strcat(menu_string,"                    ");
 0EE0 CD00EF            ldy #L212
 0EE3 6D80              sty 0,S
 0EE5 CC006D            ldd #_menu_string
 0EE8 4A000000          xcall $_strcat
 0EEC                   .dbline 488
 0EEC           ;                       strncpy(&Line[0][0],menu_string,20);
 0EEC CD0014            ldy #20
 0EEF 6D82              sty 2,S
 0EF1 CD006D            ldy #_menu_string
 0EF4 6D80              sty 0,S
 0EF6 CC0000            ldd #_Line
 0EF9 4A000000          xcall $_strncpy
 0EFD                   .dbline 489
 0EFD           ;               }
 0EFD           L231:
 0EFD                   .dbline 490
 0EFD           ;       }       
 0EFD           L228:
 0EFD           L225:
 0EFD                   .dbline -2
 0EFD           L223:
 0EFD                   .dbline 0 ; func end
 0EFD 1B86              leas 6,S
 0EFF 0A                rtc
 0F00                   .dbend
 0F00                   .dbfunc e downButtonOff _downButtonOff fV
 0F00           $_downButtonOff::
 0F00 1B9A              leas -6,S
 0F02                   .dbline -1
 0F02                   .dbline 495
 0F02           ; }
 0F02           ; /// @brief functions called when the down button is first released
 0F02           ; /// @param  
 0F02           ; void downButtonOff(void)
 0F02           ; {
 0F02                   .dbline 496
 0F02           ;       if( CamMenu && gProcImg[OUT_digi_1] & 0b10000000)// If in camera OSD menu
 0F02 F60062            ldab _CamMenu
 0F05 C100              cmpb #0
 0F07 2709              beq L234
 0F09 1F00188004        brclr _gProcImg+24,#128,L234
 0F0E                   .dbline 497
 0F0E           ;       {
 0F0E                   .dbline 499
 0F0E           ; 
 0F0E           ;       }
 0F0E 18200078          lbra L235
 0F12           L234:
 0F12                   .dbline 500
 0F12           ;       else if (gProcImg[OUT_digi_1] & 0b10000000)// If in camera function menu
 0F12 1F00188002        brclr _gProcImg+24,#128,X6
 0F17 2004              bra X7
 0F19 1820006D  X6: lbra L237
 0F1D           X7:
 0F1D                   .dbline 501
 0F1D           ;     {
 0F1D                   .dbline 502
 0F1D           ;               memset(visca_string, '\00', 12);
 0F1D CD000C            ldy #12
 0F20 6D82              sty 2,S
 0F22 CD0000            ldy #0
 0F25 6D80              sty 0,S
 0F27 CC0095            ldd #_visca_string
 0F2A 4A000000          xcall $_memset
 0F2E                   .dbline 503
 0F2E           ;               memcpy(visca_string,ViscaCommands[menu_index][4],ViscaStringLens[menu_index][4]);
 0F2E CC0006            ldd #6
 0F31 FD00A9            ldy _menu_index
 0F34 13                emul
 0F35 B746              tfr D,Y
 0F37 CE0004            ldx #_ViscaStringLens+4
 0F3A B764              tfr Y,D
 0F3C 6E84              stx 4,S
 0F3E E384              addd 4,S
 0F40 B746              tfr D,Y
 0F42 E640              ldab 0,Y
 0F44 87                clra
 0F45 B746              tfr D,Y
 0F47 CE000A            ldx #10
 0F4A 6D82              sty 2,S
 0F4C FD00A9            ldy _menu_index
 0F4F B754              tfr X,D
 0F51 13                emul
 0F52 B746              tfr D,Y
 0F54 CE0018            ldx #_ViscaCommands+8
 0F57 B764              tfr Y,D
 0F59 6E84              stx 4,S
 0F5B E384              addd 4,S
 0F5D B746              tfr D,Y
 0F5F ED40              ldy 0,Y
 0F61 6D80              sty 0,S
 0F63 CC0095            ldd #_visca_string
 0F66 4A000000          xcall $_memcpy
 0F6A                   .dbline 504
 0F6A           ;         Add_Cam_command(visca_string,ViscaStringLens[menu_index][5]);
 0F6A CC0006            ldd #6
 0F6D FD00A9            ldy _menu_index
 0F70 13                emul
 0F71 B746              tfr D,Y
 0F73 CE0005            ldx #_ViscaStringLens+5
 0F76 B764              tfr Y,D
 0F78 6E84              stx 4,S
 0F7A E384              addd 4,S
 0F7C B746              tfr D,Y
 0F7E E640              ldab 0,Y
 0F80 87                clra
 0F81 6C80              std 0,S
 0F83 CC0095            ldd #_visca_string
 0F86 4A00B0B0          xcall $_Add_Cam_command
 0F8A                   .dbline 505
 0F8A           ;       }
 0F8A           L237:
 0F8A           L235:
 0F8A                   .dbline -2
 0F8A           L233:
 0F8A                   .dbline 0 ; func end
 0F8A 1B86              leas 6,S
 0F8C 0A                rtc
 0F8D                   .dbend
 0F8D                   .dbfunc e leftButtonOn _leftButtonOn fV
 0F8D           $_leftButtonOn::
 0F8D 1B9A              leas -6,S
 0F8F                   .dbline -1
 0F8F                   .dbline 510
 0F8F           ; }
 0F8F           ; /// @brief functions called when the left button is first pressed
 0F8F           ; /// @param  
 0F8F           ; void leftButtonOn(void)
 0F8F           ; {
 0F8F                   .dbline 511
 0F8F           ;       if( CamMenu && gProcImg[OUT_digi_1] & 0b10000000)// If in camera OSD menu
 0F8F F60062            ldab _CamMenu
 0F92 C100              cmpb #0
 0F94 2713              beq L244
 0F96 1F0018800E        brclr _gProcImg+24,#128,L244
 0F9B                   .dbline 512
 0F9B           ;       {
 0F9B                   .dbline 513
 0F9B           ;               Add_Cam_command("\x81\x01\x70\x01\x23\xFF",0);
 0F9B CD0000            ldy #0
 0F9E 6D80              sty 0,S
 0FA0 CC00E1            ldd #L247
 0FA3 4A00B0B0          xcall $_Add_Cam_command
 0FA7                   .dbline 514
 0FA7           ;       }
 0FA7 205E              bra L245
 0FA9           L244:
 0FA9                   .dbline 515
 0FA9           ;     else if (gProcImg[OUT_digi_1] & 0b10000000)// If in camera function menu
 0FA9 1F00188059        brclr _gProcImg+24,#128,L248
 0FAE                   .dbline 516
 0FAE           ;     {
 0FAE                   .dbline 517
 0FAE           ;               memset(visca_string, '\00', 12);
 0FAE CD000C            ldy #12
 0FB1 6D82              sty 2,S
 0FB3 CD0000            ldy #0
 0FB6 6D80              sty 0,S
 0FB8 CC0095            ldd #_visca_string
 0FBB 4A000000          xcall $_memset
 0FBF                   .dbline 518
 0FBF           ;               memcpy(visca_string,ViscaCommands[menu_index][0],ViscaStringLens[menu_index][0]);
 0FBF CC0006            ldd #6
 0FC2 FD00A9            ldy _menu_index
 0FC5 13                emul
 0FC6 B746              tfr D,Y
 0FC8 CE0000            ldx #_ViscaStringLens
 0FCB B764              tfr Y,D
 0FCD 6E84              stx 4,S
 0FCF E384              addd 4,S
 0FD1 B746              tfr D,Y
 0FD3 E640              ldab 0,Y
 0FD5 87                clra
 0FD6 B746              tfr D,Y
 0FD8 CE000A            ldx #10
 0FDB 6D82              sty 2,S
 0FDD FD00A9            ldy _menu_index
 0FE0 B754              tfr X,D
 0FE2 13                emul
 0FE3 B746              tfr D,Y
 0FE5 CE0010            ldx #_ViscaCommands
 0FE8 B764              tfr Y,D
 0FEA 6E84              stx 4,S
 0FEC E384              addd 4,S
 0FEE B746              tfr D,Y
 0FF0 ED40              ldy 0,Y
 0FF2 6D80              sty 0,S
 0FF4 CC0095            ldd #_visca_string
 0FF7 4A000000          xcall $_memcpy
 0FFB                   .dbline 519
 0FFB           ;         Add_Cam_command(visca_string,0);
 0FFB CD0000            ldy #0
 0FFE 6D80              sty 0,S
 1000 CC0095            ldd #_visca_string
 1003 4A00B0B0          xcall $_Add_Cam_command
 1007                   .dbline 520
 1007           ;       }
 1007           L248:
 1007           L245:
 1007                   .dbline -2
 1007           L243:
 1007                   .dbline 0 ; func end
 1007 1B86              leas 6,S
 1009 0A                rtc
 100A                   .dbend
 100A                   .dbfunc e leftButtonOff _leftButtonOff fV
 100A           $_leftButtonOff::
 100A 1B9A              leas -6,S
 100C                   .dbline -1
 100C                   .dbline 525
 100C           ; }
 100C           ; /// @brief functions called when the left button is first released
 100C           ; /// @param  
 100C           ; void leftButtonOff(void)
 100C           ; {
 100C                   .dbline 526
 100C           ;       if( CamMenu && gProcImg[OUT_digi_1] & 0b10000000)// If in camera OSD menu
 100C F60062            ldab _CamMenu
 100F C100              cmpb #0
 1011 2709              beq L252
 1013 1F00188004        brclr _gProcImg+24,#128,L252
 1018                   .dbline 527
 1018           ;       {
 1018                   .dbline 529
 1018           ; 
 1018           ;       }
 1018 182000EB          lbra L253
 101C           L252:
 101C                   .dbline 530
 101C           ;       else if (gProcImg[OUT_digi_1] & 0b10000000)// If in camera function menu
 101C 1F00188002        brclr _gProcImg+24,#128,X8
 1021 2004              bra X9
 1023 182000E0  X8: lbra L255
 1027           X9:
 1027                   .dbline 531
 1027           ;     {
 1027                   .dbline 532
 1027           ;               if(ViscaStringLens[menu_index][3]){
 1027 CC0006            ldd #6
 102A FD00A9            ldy _menu_index
 102D 13                emul
 102E B746              tfr D,Y
 1030 CE0003            ldx #_ViscaStringLens+3
 1033 B764              tfr Y,D
 1035 6E84              stx 4,S
 1037 E384              addd 4,S
 1039 B746              tfr D,Y
 103B E640              ldab 0,Y
 103D C100              cmpb #0
 103F 2759              beq L258
 1041                   .dbline 532
 1041                   .dbline 533
 1041           ;                       memset(visca_string, '\00', 12);
 1041 CD000C            ldy #12
 1044 6D82              sty 2,S
 1046 CD0000            ldy #0
 1049 6D80              sty 0,S
 104B CC0095            ldd #_visca_string
 104E 4A000000          xcall $_memset
 1052                   .dbline 534
 1052           ;                       memcpy(visca_string,ViscaCommands[menu_index][3],ViscaStringLens[menu_index][3]);
 1052 CC0006            ldd #6
 1055 FD00A9            ldy _menu_index
 1058 13                emul
 1059 B746              tfr D,Y
 105B CE0003            ldx #_ViscaStringLens+3
 105E B764              tfr Y,D
 1060 6E84              stx 4,S
 1062 E384              addd 4,S
 1064 B746              tfr D,Y
 1066 E640              ldab 0,Y
 1068 87                clra
 1069 B746              tfr D,Y
 106B CE000A            ldx #10
 106E 6D82              sty 2,S
 1070 FD00A9            ldy _menu_index
 1073 B754              tfr X,D
 1075 13                emul
 1076 B746              tfr D,Y
 1078 CE0016            ldx #_ViscaCommands+6
 107B B764              tfr Y,D
 107D 6E84              stx 4,S
 107F E384              addd 4,S
 1081 B746              tfr D,Y
 1083 ED40              ldy 0,Y
 1085 6D80              sty 0,S
 1087 CC0095            ldd #_visca_string
 108A 4A000000          xcall $_memcpy
 108E                   .dbline 535
 108E           ;               Add_Cam_command(visca_string,0);
 108E CD0000            ldy #0
 1091 6D80              sty 0,S
 1093 CC0095            ldd #_visca_string
 1096 4A00B0B0          xcall $_Add_Cam_command
 109A                   .dbline 536
 109A           ;               }
 109A           L258:
 109A                   .dbline 537
 109A           ;               memset(visca_string, '\00', 12);
 109A CD000C            ldy #12
 109D 6D82              sty 2,S
 109F CD0000            ldy #0
 10A2 6D80              sty 0,S
 10A4 CC0095            ldd #_visca_string
 10A7 4A000000          xcall $_memset
 10AB                   .dbline 538
 10AB           ;               memcpy(visca_string,ViscaCommands[menu_index][4],ViscaStringLens[menu_index][4]);
 10AB CC0006            ldd #6
 10AE FD00A9            ldy _menu_index
 10B1 13                emul
 10B2 B746              tfr D,Y
 10B4 CE0004            ldx #_ViscaStringLens+4
 10B7 B764              tfr Y,D
 10B9 6E84              stx 4,S
 10BB E384              addd 4,S
 10BD B746              tfr D,Y
 10BF E640              ldab 0,Y
 10C1 87                clra
 10C2 B746              tfr D,Y
 10C4 CE000A            ldx #10
 10C7 6D82              sty 2,S
 10C9 FD00A9            ldy _menu_index
 10CC B754              tfr X,D
 10CE 13                emul
 10CF B746              tfr D,Y
 10D1 CE0018            ldx #_ViscaCommands+8
 10D4 B764              tfr Y,D
 10D6 6E84              stx 4,S
 10D8 E384              addd 4,S
 10DA B746              tfr D,Y
 10DC ED40              ldy 0,Y
 10DE 6D80              sty 0,S
 10E0 CC0095            ldd #_visca_string
 10E3 4A000000          xcall $_memcpy
 10E7                   .dbline 539
 10E7           ;         Add_Cam_command(visca_string,ViscaStringLens[menu_index][5]);
 10E7 CC0006            ldd #6
 10EA FD00A9            ldy _menu_index
 10ED 13                emul
 10EE B746              tfr D,Y
 10F0 CE0005            ldx #_ViscaStringLens+5
 10F3 B764              tfr Y,D
 10F5 6E84              stx 4,S
 10F7 E384              addd 4,S
 10F9 B746              tfr D,Y
 10FB E640              ldab 0,Y
 10FD 87                clra
 10FE 6C80              std 0,S
 1100 CC0095            ldd #_visca_string
 1103 4A00B0B0          xcall $_Add_Cam_command
 1107                   .dbline 540
 1107           ;       }       
 1107           L255:
 1107           L253:
 1107                   .dbline -2
 1107           L251:
 1107                   .dbline 0 ; func end
 1107 1B86              leas 6,S
 1109 0A                rtc
 110A                   .dbend
 110A                   .dbfunc e rightButtonOn _rightButtonOn fV
 110A           $_rightButtonOn::
 110A 1B9A              leas -6,S
 110C                   .dbline -1
 110C                   .dbline 545
 110C           ; }
 110C           ; /// @brief functions called when the right button is first pressed
 110C           ; /// @param  
 110C           ; void rightButtonOn(void)
 110C           ; {
 110C                   .dbline 546
 110C           ;       if( CamMenu && gProcImg[OUT_digi_1] & 0b10000000)// If in camera OSD menu
 110C F60062            ldab _CamMenu
 110F C100              cmpb #0
 1111 2713              beq L267
 1113 1F0018800E        brclr _gProcImg+24,#128,L267
 1118                   .dbline 547
 1118           ;       {
 1118                   .dbline 548
 1118           ;               Add_Cam_command("\x81\x01\x70\x01\x24\xFF",0);
 1118 CD0000            ldy #0
 111B 6D80              sty 0,S
 111D CC00DA            ldd #L270
 1120 4A00B0B0          xcall $_Add_Cam_command
 1124                   .dbline 549
 1124           ;       }
 1124 205E              bra L268
 1126           L267:
 1126                   .dbline 550
 1126           ;       else if (gProcImg[OUT_digi_1] & 0b10000000)// If in camera function menu
 1126 1F00188059        brclr _gProcImg+24,#128,L271
 112B                   .dbline 551
 112B           ;     {
 112B                   .dbline 552
 112B           ;               memset(visca_string, '\00', 12);
 112B CD000C            ldy #12
 112E 6D82              sty 2,S
 1130 CD0000            ldy #0
 1133 6D80              sty 0,S
 1135 CC0095            ldd #_visca_string
 1138 4A000000          xcall $_memset
 113C                   .dbline 553
 113C           ;               memcpy(visca_string,ViscaCommands[menu_index][1],ViscaStringLens[menu_index][1]);
 113C CC0006            ldd #6
 113F FD00A9            ldy _menu_index
 1142 13                emul
 1143 B746              tfr D,Y
 1145 CE0001            ldx #_ViscaStringLens+1
 1148 B764              tfr Y,D
 114A 6E84              stx 4,S
 114C E384              addd 4,S
 114E B746              tfr D,Y
 1150 E640              ldab 0,Y
 1152 87                clra
 1153 B746              tfr D,Y
 1155 CE000A            ldx #10
 1158 6D82              sty 2,S
 115A FD00A9            ldy _menu_index
 115D B754              tfr X,D
 115F 13                emul
 1160 B746              tfr D,Y
 1162 CE0012            ldx #_ViscaCommands+2
 1165 B764              tfr Y,D
 1167 6E84              stx 4,S
 1169 E384              addd 4,S
 116B B746              tfr D,Y
 116D ED40              ldy 0,Y
 116F 6D80              sty 0,S
 1171 CC0095            ldd #_visca_string
 1174 4A000000          xcall $_memcpy
 1178                   .dbline 554
 1178           ;         Add_Cam_command(visca_string,0);
 1178 CD0000            ldy #0
 117B 6D80              sty 0,S
 117D CC0095            ldd #_visca_string
 1180 4A00B0B0          xcall $_Add_Cam_command
 1184                   .dbline 555
 1184           ;       }               
 1184           L271:
 1184           L268:
 1184                   .dbline -2
 1184           L266:
 1184                   .dbline 0 ; func end
 1184 1B86              leas 6,S
 1186 0A                rtc
 1187                   .dbend
 1187                   .dbfunc e rightButtonOff _rightButtonOff fV
 1187           $_rightButtonOff::
 1187 1B9A              leas -6,S
 1189                   .dbline -1
 1189                   .dbline 561
 1189           ; 
 1189           ; }
 1189           ; /// @brief functions called when the right button is first released
 1189           ; /// @param  
 1189           ; void rightButtonOff(void)
 1189           ; {
 1189                   .dbline 562
 1189           ;       if( CamMenu && gProcImg[OUT_digi_1] & 0b10000000)// If in camera OSD menu
 1189 F60062            ldab _CamMenu
 118C C100              cmpb #0
 118E 2709              beq L277
 1190 1F00188004        brclr _gProcImg+24,#128,L277
 1195                   .dbline 563
 1195           ;       {
 1195                   .dbline 565
 1195           ; 
 1195           ;       }
 1195 182000EB          lbra L278
 1199           L277:
 1199                   .dbline 566
 1199           ;     else if (gProcImg[OUT_digi_1] & 0b10000000)// If in camera function menu
 1199 1F00188002        brclr _gProcImg+24,#128,X10
 119E 2004              bra X11
 11A0 182000E0  X10: lbra L280
 11A4           X11:
 11A4                   .dbline 567
 11A4           ;     {
 11A4                   .dbline 568
 11A4           ;               if(ViscaStringLens[menu_index][3]){
 11A4 CC0006            ldd #6
 11A7 FD00A9            ldy _menu_index
 11AA 13                emul
 11AB B746              tfr D,Y
 11AD CE0003            ldx #_ViscaStringLens+3
 11B0 B764              tfr Y,D
 11B2 6E84              stx 4,S
 11B4 E384              addd 4,S
 11B6 B746              tfr D,Y
 11B8 E640              ldab 0,Y
 11BA C100              cmpb #0
 11BC 2759              beq L283
 11BE                   .dbline 568
 11BE                   .dbline 569
 11BE           ;                       memset(visca_string, '\00', 12);
 11BE CD000C            ldy #12
 11C1 6D82              sty 2,S
 11C3 CD0000            ldy #0
 11C6 6D80              sty 0,S
 11C8 CC0095            ldd #_visca_string
 11CB 4A000000          xcall $_memset
 11CF                   .dbline 570
 11CF           ;                       memcpy(visca_string,ViscaCommands[menu_index][3],ViscaStringLens[menu_index][3]);
 11CF CC0006            ldd #6
 11D2 FD00A9            ldy _menu_index
 11D5 13                emul
 11D6 B746              tfr D,Y
 11D8 CE0003            ldx #_ViscaStringLens+3
 11DB B764              tfr Y,D
 11DD 6E84              stx 4,S
 11DF E384              addd 4,S
 11E1 B746              tfr D,Y
 11E3 E640              ldab 0,Y
 11E5 87                clra
 11E6 B746              tfr D,Y
 11E8 CE000A            ldx #10
 11EB 6D82              sty 2,S
 11ED FD00A9            ldy _menu_index
 11F0 B754              tfr X,D
 11F2 13                emul
 11F3 B746              tfr D,Y
 11F5 CE0016            ldx #_ViscaCommands+6
 11F8 B764              tfr Y,D
 11FA 6E84              stx 4,S
 11FC E384              addd 4,S
 11FE B746              tfr D,Y
 1200 ED40              ldy 0,Y
 1202 6D80              sty 0,S
 1204 CC0095            ldd #_visca_string
 1207 4A000000          xcall $_memcpy
 120B                   .dbline 571
 120B           ;               Add_Cam_command(visca_string,0);
 120B CD0000            ldy #0
 120E 6D80              sty 0,S
 1210 CC0095            ldd #_visca_string
 1213 4A00B0B0          xcall $_Add_Cam_command
 1217                   .dbline 572
 1217           ;               }
 1217           L283:
 1217                   .dbline 573
 1217           ;               memset(visca_string, '\00', 12);
 1217 CD000C            ldy #12
 121A 6D82              sty 2,S
 121C CD0000            ldy #0
 121F 6D80              sty 0,S
 1221 CC0095            ldd #_visca_string
 1224 4A000000          xcall $_memset
 1228                   .dbline 574
 1228           ;               memcpy(visca_string,ViscaCommands[menu_index][4],ViscaStringLens[menu_index][4]);
 1228 CC0006            ldd #6
 122B FD00A9            ldy _menu_index
 122E 13                emul
 122F B746              tfr D,Y
 1231 CE0004            ldx #_ViscaStringLens+4
 1234 B764              tfr Y,D
 1236 6E84              stx 4,S
 1238 E384              addd 4,S
 123A B746              tfr D,Y
 123C E640              ldab 0,Y
 123E 87                clra
 123F B746              tfr D,Y
 1241 CE000A            ldx #10
 1244 6D82              sty 2,S
 1246 FD00A9            ldy _menu_index
 1249 B754              tfr X,D
 124B 13                emul
 124C B746              tfr D,Y
 124E CE0018            ldx #_ViscaCommands+8
 1251 B764              tfr Y,D
 1253 6E84              stx 4,S
 1255 E384              addd 4,S
 1257 B746              tfr D,Y
 1259 ED40              ldy 0,Y
 125B 6D80              sty 0,S
 125D CC0095            ldd #_visca_string
 1260 4A000000          xcall $_memcpy
 1264                   .dbline 575
 1264           ;         Add_Cam_command(visca_string,ViscaStringLens[menu_index][5]);
 1264 CC0006            ldd #6
 1267 FD00A9            ldy _menu_index
 126A 13                emul
 126B B746              tfr D,Y
 126D CE0005            ldx #_ViscaStringLens+5
 1270 B764              tfr Y,D
 1272 6E84              stx 4,S
 1274 E384              addd 4,S
 1276 B746              tfr D,Y
 1278 E640              ldab 0,Y
 127A 87                clra
 127B 6C80              std 0,S
 127D CC0095            ldd #_visca_string
 1280 4A00B0B0          xcall $_Add_Cam_command
 1284                   .dbline 576
 1284           ;       }
 1284           L280:
 1284           L278:
 1284                   .dbline -2
 1284           L276:
 1284                   .dbline 0 ; func end
 1284 1B86              leas 6,S
 1286 0A                rtc
 1287                   .dbend
 1287                   .dbfunc e middleButtonOn _middleButtonOn fV
 1287           $_middleButtonOn::
 1287 1B9A              leas -6,S
 1289                   .dbline -1
 1289                   .dbline 581
 1289           ; }
 1289           ; /// @brief functions called when the middle button is first pressed
 1289           ; /// @param  
 1289           ; void middleButtonOn(void)
 1289           ; {
 1289                   .dbline 582
 1289           ;       if( CamMenu && gProcImg[OUT_digi_1] & 0b10000000)// If in camera OSD menu
 1289 F60062            ldab _CamMenu
 128C C100              cmpb #0
 128E 2715              beq L292
 1290 1F00188010        brclr _gProcImg+24,#128,L292
 1295                   .dbline 583
 1295           ;       {
 1295                   .dbline 584
 1295           ;               Add_Cam_command("\x81\x01\x70\x01\x26\xFF",0);
 1295 CD0000            ldy #0
 1298 6D80              sty 0,S
 129A CC0146            ldd #L43
 129D 4A00B0B0          xcall $_Add_Cam_command
 12A1                   .dbline 585
 12A1           ;       }
 12A1 1820007F          lbra L293
 12A5           L292:
 12A5                   .dbline 586
 12A5           ;       else if (gProcImg[OUT_digi_1] & 0b10000000)// If in camera function menu
 12A5 1F00188002        brclr _gProcImg+24,#128,X12
 12AA 2004              bra X13
 12AC 18200074  X12: lbra L295
 12B0           X13:
 12B0                   .dbline 587
 12B0           ;     {
 12B0                   .dbline 588
 12B0           ;               if (menu_index == (NUM_MENU_STRINGS-1)) // See if current selection is the 'Cam Menu'
 12B0 FD00A9            ldy _menu_index
 12B3 8D0007            cpy #7
 12B6 2613              bne L298
 12B8                   .dbline 589
 12B8           ;       {
 12B8                   .dbline 590
 12B8           ;           CamMenu = 1;
 12B8 180B010062        movb #1,_CamMenu
 12BD                   .dbline 591
 12BD           ;                       Add_Cam_command("\x81\x01\x70\x01\x26\xFF",0);
 12BD CD0000            ldy #0
 12C0 6D80              sty 0,S
 12C2 CC0146            ldd #L43
 12C5 4A00B0B0          xcall $_Add_Cam_command
 12C9                   .dbline 592
 12C9           ;               }
 12C9 2059              bra L299
 12CB           L298:
 12CB                   .dbline 594
 12CB           ;               else
 12CB           ;               {
 12CB                   .dbline 595
 12CB           ;                       memset(visca_string, '\00', 12);
 12CB CD000C            ldy #12
 12CE 6D82              sty 2,S
 12D0 CD0000            ldy #0
 12D3 6D80              sty 0,S
 12D5 CC0095            ldd #_visca_string
 12D8 4A000000          xcall $_memset
 12DC                   .dbline 596
 12DC           ;                       memcpy(visca_string,ViscaCommands[menu_index][2],ViscaStringLens[menu_index][2]);
 12DC CC0006            ldd #6
 12DF FD00A9            ldy _menu_index
 12E2 13                emul
 12E3 B746              tfr D,Y
 12E5 CE0002            ldx #_ViscaStringLens+2
 12E8 B764              tfr Y,D
 12EA 6E84              stx 4,S
 12EC E384              addd 4,S
 12EE B746              tfr D,Y
 12F0 E640              ldab 0,Y
 12F2 87                clra
 12F3 B746              tfr D,Y
 12F5 CE000A            ldx #10
 12F8 6D82              sty 2,S
 12FA FD00A9            ldy _menu_index
 12FD B754              tfr X,D
 12FF 13                emul
 1300 B746              tfr D,Y
 1302 CE0014            ldx #_ViscaCommands+4
 1305 B764              tfr Y,D
 1307 6E84              stx 4,S
 1309 E384              addd 4,S
 130B B746              tfr D,Y
 130D ED40              ldy 0,Y
 130F 6D80              sty 0,S
 1311 CC0095            ldd #_visca_string
 1314 4A000000          xcall $_memcpy
 1318                   .dbline 597
 1318           ;               Add_Cam_command(visca_string,0);
 1318 CD0000            ldy #0
 131B 6D80              sty 0,S
 131D CC0095            ldd #_visca_string
 1320 4A00B0B0          xcall $_Add_Cam_command
 1324                   .dbline 598
 1324           ;               }
 1324           L299:
 1324                   .dbline 599
 1324           ;       }               
 1324           L295:
 1324           L293:
 1324                   .dbline -2
 1324           L291:
 1324                   .dbline 0 ; func end
 1324 1B86              leas 6,S
 1326 0A                rtc
 1327                   .dbend
 1327                   .dbfunc e middleButtonOff _middleButtonOff fV
 1327           $_middleButtonOff::
 1327 1B9A              leas -6,S
 1329                   .dbline -1
 1329                   .dbline 604
 1329           ; }
 1329           ; /// @brief functions called when the middle button is first released
 1329           ; /// @param  
 1329           ; void middleButtonOff(void)
 1329           ; {
 1329                   .dbline 605
 1329           ;       if( CamMenu && gProcImg[OUT_digi_1] & 0b10000000)// If in camera OSD menu
 1329 F60062            ldab _CamMenu
 132C C100              cmpb #0
 132E 1827007C          lbeq L303
 1332 1F00188002        brclr _gProcImg+24,#128,X14
 1337 2004              bra X15
 1339 18200071  X14: lbra L303
 133D           X15:
 133D                   .dbline 606
 133D           ;       {
 133D                   .dbline 607
 133D           ;               memset(visca_string, '\00', 12);
 133D CD000C            ldy #12
 1340 6D82              sty 2,S
 1342 CD0000            ldy #0
 1345 6D80              sty 0,S
 1347 CC0095            ldd #_visca_string
 134A 4A000000          xcall $_memset
 134E                   .dbline 608
 134E           ;               memcpy(visca_string,ViscaCommands[menu_index][4],ViscaStringLens[menu_index][4]);
 134E CC0006            ldd #6
 1351 FD00A9            ldy _menu_index
 1354 13                emul
 1355 B746              tfr D,Y
 1357 CE0004            ldx #_ViscaStringLens+4
 135A B764              tfr Y,D
 135C 6E84              stx 4,S
 135E E384              addd 4,S
 1360 B746              tfr D,Y
 1362 E640              ldab 0,Y
 1364 87                clra
 1365 B746              tfr D,Y
 1367 CE000A            ldx #10
 136A 6D82              sty 2,S
 136C FD00A9            ldy _menu_index
 136F B754              tfr X,D
 1371 13                emul
 1372 B746              tfr D,Y
 1374 CE0018            ldx #_ViscaCommands+8
 1377 B764              tfr Y,D
 1379 6E84              stx 4,S
 137B E384              addd 4,S
 137D B746              tfr D,Y
 137F ED40              ldy 0,Y
 1381 6D80              sty 0,S
 1383 CC0095            ldd #_visca_string
 1386 4A000000          xcall $_memcpy
 138A                   .dbline 609
 138A           ;         Add_Cam_command(visca_string,ViscaStringLens[menu_index][5]);
 138A CC0006            ldd #6
 138D FD00A9            ldy _menu_index
 1390 13                emul
 1391 B746              tfr D,Y
 1393 CE0005            ldx #_ViscaStringLens+5
 1396 B764              tfr Y,D
 1398 6E84              stx 4,S
 139A E384              addd 4,S
 139C B746              tfr D,Y
 139E E640              ldab 0,Y
 13A0 87                clra
 13A1 6C80              std 0,S
 13A3 CC0095            ldd #_visca_string
 13A6 4A00B0B0          xcall $_Add_Cam_command
 13AA                   .dbline 610
 13AA           ;       }
 13AA 18200078          lbra L304
 13AE           L303:
 13AE                   .dbline 611
 13AE           ;       else if (gProcImg[OUT_digi_1] & 0b10000000)// If in camera function menu
 13AE 1F00188002        brclr _gProcImg+24,#128,X16
 13B3 2004              bra X17
 13B5 1820006D  X16: lbra L309
 13B9           X17:
 13B9                   .dbline 612
 13B9           ;     {
 13B9                   .dbline 613
 13B9           ;               memset(visca_string, '\00', 12);
 13B9 CD000C            ldy #12
 13BC 6D82              sty 2,S
 13BE CD0000            ldy #0
 13C1 6D80              sty 0,S
 13C3 CC0095            ldd #_visca_string
 13C6 4A000000          xcall $_memset
 13CA                   .dbline 614
 13CA           ;               memcpy(visca_string,ViscaCommands[menu_index][4],ViscaStringLens[menu_index][4]);
 13CA CC0006            ldd #6
 13CD FD00A9            ldy _menu_index
 13D0 13                emul
 13D1 B746              tfr D,Y
 13D3 CE0004            ldx #_ViscaStringLens+4
 13D6 B764              tfr Y,D
 13D8 6E84              stx 4,S
 13DA E384              addd 4,S
 13DC B746              tfr D,Y
 13DE E640              ldab 0,Y
 13E0 87                clra
 13E1 B746              tfr D,Y
 13E3 CE000A            ldx #10
 13E6 6D82              sty 2,S
 13E8 FD00A9            ldy _menu_index
 13EB B754              tfr X,D
 13ED 13                emul
 13EE B746              tfr D,Y
 13F0 CE0018            ldx #_ViscaCommands+8
 13F3 B764              tfr Y,D
 13F5 6E84              stx 4,S
 13F7 E384              addd 4,S
 13F9 B746              tfr D,Y
 13FB ED40              ldy 0,Y
 13FD 6D80              sty 0,S
 13FF CC0095            ldd #_visca_string
 1402 4A000000          xcall $_memcpy
 1406                   .dbline 615
 1406           ;         Add_Cam_command(visca_string,ViscaStringLens[menu_index][5]);
 1406 CC0006            ldd #6
 1409 FD00A9            ldy _menu_index
 140C 13                emul
 140D B746              tfr D,Y
 140F CE0005            ldx #_ViscaStringLens+5
 1412 B764              tfr Y,D
 1414 6E84              stx 4,S
 1416 E384              addd 4,S
 1418 B746              tfr D,Y
 141A E640              ldab 0,Y
 141C 87                clra
 141D 6C80              std 0,S
 141F CC0095            ldd #_visca_string
 1422 4A00B0B0          xcall $_Add_Cam_command
 1426                   .dbline 616
 1426           ;       }               
 1426           L309:
 1426           L304:
 1426                   .dbline -2
 1426           L302:
 1426                   .dbline 0 ; func end
 1426 1B86              leas 6,S
 1428 0A                rtc
 1429                   .dbend
 1429                   .dbfunc e Cam_Menu_Funct _Cam_Menu_Funct fV
 1429           $_Cam_Menu_Funct::
 1429 1B9A              leas -6,S
 142B                   .dbline -1
 142B                   .dbline 622
 142B           ; }
 142B           ; 
 142B           ; /// @brief Main function called from Subroutines to handle all F1 camera functions
 142B           ; /// @param  
 142B           ; void Cam_Menu_Funct ( void )
 142B           ; {
 142B                   .dbline 623
 142B           ;       Read_Buttons();
 142B 4A0CC2C2          xcall $_Read_Buttons
 142F                   .dbline 624
 142F           ;       Cam_command();
 142F 4A010D0D          xcall $_Cam_command
 1433                   .dbline 625
 1433           ;       if( !Popup_Menu_Act )
 1433 F600AB            ldab _Popup_Menu_Act
 1436 C100              cmpb #0
 1438 182600CE          lbne L316
 143C                   .dbline 626
 143C           ;       {
 143C                   .dbline 627
 143C           ;               Popup_Menu_Act=1;
 143C 180B0100AB        movb #1,_Popup_Menu_Act
 1441                   .dbline 628
 1441           ;               menu_index = getViscaCommand(0);
 1441 CC0000            ldd #0
 1444 4A000000          xcall $_getViscaCommand
 1448 7C00A9            std _menu_index
 144B                   .dbline 629
 144B           ;               strncpy(menu_string,MenuStrings[menu_index],strlen(MenuStrings[menu_index])+1);
 144B FC00A9            ldd _menu_index
 144E CD0000            ldy #_MenuStrings
 1451 59                lsld
 1452 6D84              sty 4,S
 1454 E384              addd 4,S
 1456 B746              tfr D,Y
 1458 EC40              ldd 0,Y
 145A 4A000000          xcall $_strlen
 145E B746              tfr D,Y
 1460 FC00A9            ldd _menu_index
 1463 02                iny
 1464 6D82              sty 2,S
 1466 CD0000            ldy #_MenuStrings
 1469 59                lsld
 146A 6D84              sty 4,S
 146C E384              addd 4,S
 146E B746              tfr D,Y
 1470 ED40              ldy 0,Y
 1472 6D80              sty 0,S
 1474 CC006D            ldd #_menu_string
 1477 4A000000          xcall $_strncpy
 147B                   .dbline 630
 147B           ;               strcat(menu_string,"                    ");
 147B CD00EF            ldy #L212
 147E 6D80              sty 0,S
 1480 CC006D            ldd #_menu_string
 1483 4A000000          xcall $_strcat
 1487                   .dbline 631
 1487           ;               strncpy(&Line[0][0],menu_string,20);
 1487 CD0014            ldy #20
 148A 6D82              sty 2,S
 148C CD006D            ldy #_menu_string
 148F 6D80              sty 0,S
 1491 CC0000            ldd #_Line
 1494 4A000000          xcall $_strncpy
 1498                   .dbline 632
 1498           ;               OSD_changed = 1;
 1498 180B010000        movb #1,_OSD_changed
 149D                   .dbline 633
 149D           ;               memset(visca_string, '\00', 12);
 149D CD000C            ldy #12
 14A0 6D82              sty 2,S
 14A2 CD0000            ldy #0
 14A5 6D80              sty 0,S
 14A7 CC0095            ldd #_visca_string
 14AA 4A000000          xcall $_memset
 14AE                   .dbline 634
 14AE           ;               memcpy(visca_string,ViscaCommands[menu_index][4],ViscaStringLens[menu_index][4]);
 14AE CC0006            ldd #6
 14B1 FD00A9            ldy _menu_index
 14B4 13                emul
 14B5 B746              tfr D,Y
 14B7 CE0004            ldx #_ViscaStringLens+4
 14BA B764              tfr Y,D
 14BC 6E84              stx 4,S
 14BE E384              addd 4,S
 14C0 B746              tfr D,Y
 14C2 E640              ldab 0,Y
 14C4 87                clra
 14C5 B746              tfr D,Y
 14C7 CE000A            ldx #10
 14CA 6D82              sty 2,S
 14CC FD00A9            ldy _menu_index
 14CF B754              tfr X,D
 14D1 13                emul
 14D2 B746              tfr D,Y
 14D4 CE0018            ldx #_ViscaCommands+8
 14D7 B764              tfr Y,D
 14D9 6E84              stx 4,S
 14DB E384              addd 4,S
 14DD B746              tfr D,Y
 14DF ED40              ldy 0,Y
 14E1 6D80              sty 0,S
 14E3 CC0095            ldd #_visca_string
 14E6 4A000000          xcall $_memcpy
 14EA                   .dbline 635
 14EA           ;         Add_Cam_command(visca_string,ViscaStringLens[menu_index][5]);
 14EA CC0006            ldd #6
 14ED FD00A9            ldy _menu_index
 14F0 13                emul
 14F1 B746              tfr D,Y
 14F3 CE0005            ldx #_ViscaStringLens+5
 14F6 B764              tfr Y,D
 14F8 6E84              stx 4,S
 14FA E384              addd 4,S
 14FC B746              tfr D,Y
 14FE E640              ldab 0,Y
 1500 87                clra
 1501 6C80              std 0,S
 1503 CC0095            ldd #_visca_string
 1506 4A00B0B0          xcall $_Add_Cam_command
 150A                   .dbline 636
 150A           ;       }
 150A           L316:
 150A                   .dbline 637
 150A           ;       if ( Up_State && !Up_Echo ) upButtonOn(); // Up Turn On 
 150A F600AC            ldab _Up_State
 150D C100              cmpb #0
 150F 270B              beq L321
 1511 F600AD            ldab _Up_Echo
 1514 C100              cmpb #0
 1516 2604              bne L321
 1518                   .dbline 637
 1518 4A0D5353          xcall $_upButtonOn
 151C           L321:
 151C                   .dbline 638
 151C           ;       if ( !Up_State && Up_Echo ) upButtonOff(); // Up Turn Off
 151C F600AC            ldab _Up_State
 151F C100              cmpb #0
 1521 260B              bne L323
 1523 F600AD            ldab _Up_Echo
 1526 C100              cmpb #0
 1528 2704              beq L323
 152A                   .dbline 638
 152A 4A0DE3E3          xcall $_upButtonOff
 152E           L323:
 152E                   .dbline 639
 152E           ;       if ( Down_State && !Down_Echo ) downButtonOn(); // Down Turn On
 152E F600AE            ldab _Down_State
 1531 C100              cmpb #0
 1533 270B              beq L325
 1535 F600AF            ldab _Down_Echo
 1538 C100              cmpb #0
 153A 2604              bne L325
 153C                   .dbline 639
 153C 4A0E7070          xcall $_downButtonOn
 1540           L325:
 1540                   .dbline 640
 1540           ;       if ( !Down_State && Down_Echo ) downButtonOff(); // Down Turn Off
 1540 F600AE            ldab _Down_State
 1543 C100              cmpb #0
 1545 260B              bne L327
 1547 F600AF            ldab _Down_Echo
 154A C100              cmpb #0
 154C 2704              beq L327
 154E                   .dbline 640
 154E 4A0F0000          xcall $_downButtonOff
 1552           L327:
 1552                   .dbline 641
 1552           ;       if ( Left_State && !Left_Echo ) leftButtonOn(); // Left Turn On
 1552 F600B0            ldab _Left_State
 1555 C100              cmpb #0
 1557 270B              beq L329
 1559 F600B1            ldab _Left_Echo
 155C C100              cmpb #0
 155E 2604              bne L329
 1560                   .dbline 641
 1560 4A0F8D8D          xcall $_leftButtonOn
 1564           L329:
 1564                   .dbline 642
 1564           ;       if ( !Left_State && Left_Echo ) leftButtonOff(); // Left Turn Off
 1564 F600B0            ldab _Left_State
 1567 C100              cmpb #0
 1569 260B              bne L331
 156B F600B1            ldab _Left_Echo
 156E C100              cmpb #0
 1570 2704              beq L331
 1572                   .dbline 642
 1572 4A100A0A          xcall $_leftButtonOff
 1576           L331:
 1576                   .dbline 643
 1576           ;       if ( Right_State && !Right_Echo ) rightButtonOn(); // Right Turn On
 1576 F600B2            ldab _Right_State
 1579 C100              cmpb #0
 157B 270B              beq L333
 157D F600B3            ldab _Right_Echo
 1580 C100              cmpb #0
 1582 2604              bne L333
 1584                   .dbline 643
 1584 4A110A0A          xcall $_rightButtonOn
 1588           L333:
 1588                   .dbline 644
 1588           ;       if ( !Right_State && Right_Echo ) rightButtonOff(); // Right Turn Off
 1588 F600B2            ldab _Right_State
 158B C100              cmpb #0
 158D 260B              bne L335
 158F F600B3            ldab _Right_Echo
 1592 C100              cmpb #0
 1594 2704              beq L335
 1596                   .dbline 644
 1596 4A118787          xcall $_rightButtonOff
 159A           L335:
 159A                   .dbline 645
 159A           ;       if ( Middle_State && !Middle_Echo ) middleButtonOn(); // Middle Turn On
 159A F600B4            ldab _Middle_State
 159D C100              cmpb #0
 159F 270B              beq L337
 15A1 F600B5            ldab _Middle_Echo
 15A4 C100              cmpb #0
 15A6 2604              bne L337
 15A8                   .dbline 645
 15A8 4A128787          xcall $_middleButtonOn
 15AC           L337:
 15AC                   .dbline 646
 15AC           ;       if ( !Middle_State && Middle_Echo ) middleButtonOff(); // Middle Turn Off
 15AC F600B4            ldab _Middle_State
 15AF C100              cmpb #0
 15B1 260B              bne L339
 15B3 F600B5            ldab _Middle_Echo
 15B6 C100              cmpb #0
 15B8 2704              beq L339
 15BA                   .dbline 646
 15BA 4A132727          xcall $_middleButtonOff
 15BE           L339:
 15BE                   .dbline 647
 15BE           ;       if (Cam_Message[0])
 15BE F60000            ldab _Cam_Message
 15C1 C100              cmpb #0
 15C3 18270073          lbeq L341
 15C7                   .dbline 648
 15C7           ;       {
 15C7                   .dbline 649
 15C7           ;           menu_index = getViscaCommand(0);//, 0);  // This gets the last menu_index used
 15C7 CC0000            ldd #0
 15CA 4A000000          xcall $_getViscaCommand
 15CE 7C00A9            std _menu_index
 15D1                   .dbline 650
 15D1           ;               strncpy(menu_string,MenuStrings[menu_index],strlen(MenuStrings[menu_index])+1);
 15D1 FC00A9            ldd _menu_index
 15D4 CD0000            ldy #_MenuStrings
 15D7 59                lsld
 15D8 6D84              sty 4,S
 15DA E384              addd 4,S
 15DC B746              tfr D,Y
 15DE EC40              ldd 0,Y
 15E0 4A000000          xcall $_strlen
 15E4 B746              tfr D,Y
 15E6 FC00A9            ldd _menu_index
 15E9 02                iny
 15EA 6D82              sty 2,S
 15EC CD0000            ldy #_MenuStrings
 15EF 59                lsld
 15F0 6D84              sty 4,S
 15F2 E384              addd 4,S
 15F4 B746              tfr D,Y
 15F6 ED40              ldy 0,Y
 15F8 6D80              sty 0,S
 15FA CC006D            ldd #_menu_string
 15FD 4A000000          xcall $_strncpy
 1601                   .dbline 651
 1601           ;               if(menu_index <= NUM_MENU_STRINGS-1) // Do not append to 'CAM MENU' or 'POSITION'
 1601 FD00A9            ldy _menu_index
 1604 8D0007            cpy #7
 1607 2E11              bgt L343
 1609                   .dbline 652
 1609           ;               {
 1609                   .dbline 653
 1609           ;                       OSD_changed = 1;
 1609 180B010000        movb #1,_OSD_changed
 160E                   .dbline 654
 160E           ;                       strcat(menu_string,Cam_Message);
 160E CD0000            ldy #_Cam_Message
 1611 6D80              sty 0,S
 1613 CC006D            ldd #_menu_string
 1616 4A000000          xcall $_strcat
 161A                   .dbline 656
 161A           ;                       
 161A           ;               }
 161A           L343:
 161A                   .dbline 658
 161A           ;               //Display(menu_string);
 161A           ;               strcat(menu_string,"                    ");
 161A CD00EF            ldy #L212
 161D 6D80              sty 0,S
 161F CC006D            ldd #_menu_string
 1622 4A000000          xcall $_strcat
 1626                   .dbline 659
 1626           ;               strncpy(&Line[0][0],menu_string,20);
 1626 CD0014            ldy #20
 1629 6D82              sty 2,S
 162B CD006D            ldy #_menu_string
 162E 6D80              sty 0,S
 1630 CC0000            ldd #_Line
 1633 4A000000          xcall $_strncpy
 1637                   .dbline 660
 1637           ;               Cam_Message[0] = 0;
 1637 790000            clr _Cam_Message
 163A                   .dbline 661
 163A           ;       }
 163A           L341:
 163A                   .dbline -2
 163A           L315:
 163A                   .dbline 0 ; func end
 163A 1B86              leas 6,S
 163C 0A                rtc
 163D                   .dbend
                        .area bss
 0000                   .dbfile C:\Dev\REV1~1.01\CamMenu.c
 0000           _message::
 0000                   .blkb 12
 000C                   .dbsym e message _message A[12:12]c
 000C           _Cam_Message_Queue::
 000C                   .blkb 65
 004D                   .dbstruct 0 13 Cam_Message
 004D                   .dbfield 0 message A[12:12]c
 004D                   .dbfield 12 expect_reply c
 004D                   .dbend
 004D                   .dbsym e Cam_Message_Queue _Cam_Message_Queue A[65:5]S[Cam_Message]
 004D           _inquiry::
 004D                   .blkb 2
 004F                   .dbsym e inquiry _inquiry I
 004F           _reply::
 004F                   .blkb 1
 0050                   .dbsym e reply _reply c
                        .area text
 00DA                   .dbfile C:\Dev\REV1~1.01\CamMenu.c
 00DA           L270:
 00DA 8101700124FF00    .byte 129,1,'p,1,36,255,0
 00E1           L247:
 00E1 8101700123FF00    .byte 129,1,'p,1,35,255,0
 00E8           L227:
 00E8 8101700122FF00    .byte 129,1,'p,1,34,255,0
 00EF           L212:
 00EF 20202020202020202020202020202020  .byte 32,32,32,32,32,32,32,32,32,32,32,32,32,32,32,32
 00FF 2020202000        .byte 32,32,32,32,0
 0104           L206:
 0104 8101700121FF00    .byte 129,1,'p,1,33,255,0
 010B           L169:
 010B 2025336C6400      .byte 32,37,51,'l,'d,0
 0111           L162:
 0111 20204F4E00        .byte 32,32,'O,'N,0
 0116           L128:
 0116 20312F202020202000        .byte 32,49,47,32,32,32,32,32,0
 011F           L120:
 011F 204620202000      .byte 32,'F,32,32,32,0
 0125           L117:
 0125 20434C4F53454400  .byte 32,'C,'L,'O,'S,'E,'D,0
 012D           L95:
 012D 204F464600        .byte 32,'O,'F,'F,0
 0132           L91:
 0132 204F4E00          .byte 32,'O,'N,0
 0136           L54:
 0136 810104280F0F0F0FFF00      .byte 129,1,4,40,15,15,15,15,255,0
 0140           L44:
 0140 81097001FF00      .byte 129,9,'p,1,255,0
 0146           L43:
 0146 8101700126FF00    .byte 129,1,'p,1,38,255,0
 014D           L42:
 014D 8109044CFF00      .byte 129,9,4,'L,255,0
 0153           L41:
 0153 8101040C00FF00    .byte 129,1,4,12,0,255,0
 015A           L40:
 015A 8101040C02FF00    .byte 129,1,4,12,2,255,0
 0161           L39:
 0161 8101040C03FF00    .byte 129,1,4,12,3,255,0
 0168           L38:
 0168 8109044BFF00      .byte 129,9,4,'K,255,0
 016E           L37:
 016E 8101040B00FF00    .byte 129,1,4,11,0,255,0
 0175           L36:
 0175 8101040B03FF00    .byte 129,1,4,11,3,255,0
 017C           L35:
 017C 8101040B02FF00    .byte 129,1,4,11,2,255,0
 0183           L34:
 0183 8109044AFF00      .byte 129,9,4,'J,255,0
 0189           L33:
 0189 8101040A00FF00    .byte 129,1,4,10,0,255,0
 0190           L32:
 0190 8101040A02FF00    .byte 129,1,4,10,2,255,0
 0197           L31:
 0197 8101040A03FF00    .byte 129,1,4,10,3,255,0
 019E           L30:
 019E 81090439FF00      .byte 129,9,4,57,255,0
 01A4           L29:
 01A4 8101043900FF00    .byte 129,1,4,57,0,255,0
 01AB           L28:
 01AB 8101043903FF00    .byte 129,1,4,57,3,255,0
 01B2           L27:
 01B2 81090438FF00      .byte 129,9,4,56,255,0
 01B8           L26:
 01B8 00                .byte 0
 01B9           L25:
 01B9 8101043802FF8101045700FF00        .byte 129,1,4,56,2,255,129,1,4,'W,0,255,0
 01C6           L24:
 01C6 8101043803FF00    .byte 129,1,4,56,3,255,0
 01CD           L23:
 01CD 81090448FF00      .byte 129,9,4,'H,255,0
 01D3           L22:
 01D3 8101040800FF00    .byte 129,1,4,8,0,255,0
 01DA           L21:
 01DA 8101044600000000FF00      .byte 129,1,4,'F,0,0,0,0,255,0
 01E4           L20:
 01E4 8101040821FF00    .byte 129,1,4,8,33,255,0
 01EB           L19:
 01EB 8101040831FF00    .byte 129,1,4,8,49,255,0
 01F2           L18:
 01F2 81090447FF00      .byte 129,9,4,'G,255,0
 01F8           L17:
 01F8 8101040700FF00    .byte 129,1,4,7,0,255,0
 01FF           L16:
 01FF 8101044700000000FF00      .byte 129,1,4,'G,0,0,0,0,255,0
 0209           L15:
 0209 8101040725FF00    .byte 129,1,4,7,37,255,0
 0210           L14:
 0210 8101040735FF00    .byte 129,1,4,7,53,255,0
 0217           L13:
 0217 2043414D204D454E5500      .byte 32,'C,'A,'M,32,'M,'E,'N,'U,0
 0221           L12:
 0221 2043414D204741494E00      .byte 32,'C,'A,'M,32,'G,'A,'I,'N,0
 022B           L11:
 022B 20415045525455524500      .byte 32,'A,'P,'E,'R,'T,'U,'R,'E,0
 0235           L10:
 0235 205348555454455200        .byte 32,'S,'H,'U,'T,'T,'E,'R,0
 023E           L9:
 023E 204155544F204558504F00    .byte 32,'A,'U,'T,'O,32,'E,'X,'P,'O,0
 0249           L8:
 0249 204155544F20464F43555300  .byte 32,'A,'U,'T,'O,32,'F,'O,'C,'U,'S,0
 0255           L7:
 0255 20464F43555300    .byte 32,'F,'O,'C,'U,'S,0
 025C           L6:
 025C 205A4F4F4D00      .byte 32,'Z,'O,'O,'M,0
