S10F4000C6217B0010CF40001659C4CE2E
S111400C252F8E292C2704693020F7CE5E2C38
S111401ACD20008E635B2706180A307020F557
S10840281640BC20FE5F
S1045E2C0071
S1045E2D016F
S2120E00003B1B9EF600E3C5201826006F180D5B
S20E0E000E83252F79253979253879D8
S2110E0018255D180B03255C79255B180D88F9
S2110E0025253A180D8A253B1C00E230180CFB
S2110E0032252F00E4180301E825622018FDB6
S2110E003F25628D00002610180B012000CD46
S20F0E004C40A46D804ABFD2382007F695
S2120E0057255AC10027E179255AF62000C10071
S2120E0065260E180300012562FD25628D000092
S2110E007326F84A8348382009CD408B6D8054
S2110E00804ABFD2381B840A3B1B9E180D8308
S2120E008D252FF600E3C5201826007A792539B1
S2120E009B792538180B01255D180B01255E1809
S2120E00A90B02255C180B01255B180D88253AF8
S2120E00B7F6252FCA017B253B1C00E230180CE6
S2110E00C5252F00E4180301E825622018FD23
S2110E00D225628D00002610180B012000CDB3
S20F0E00DF40746D804ABFD2382007F632
S2120E00EA255AC10027E179255AF62000C100DE
S2120E00F8260E180300012562FD25628D0000FF
S2110E010626F84A834838F6254A87200CCD89
S2110E0113405C6D804ABFD238CC00FF1B84C6
S2120E01200A3B1B9EF600E3C520182600871825
S20F0E012E0D83252F79253979253879A9
S2120E0139255D180B05255C79255BEC87B70156
S2120E014787D72C01417B253AE6887B253BECBC
S2120E015589B70187D72C01417B253CE68A7BB5
S2120E0163253D1C00E230180C252F00E4180374
S2120E017101E825622018FD25628D000026107E
S2110E017F180B012000CD40446D804ABFD203
S2110E018C382007F6255AC10027E179255ABE
S2120E0199F62000C100260E180300012562FD9A
S2110E01A725628D000026F84A834838200990
S2110E01B4CD408B6D804ABFD2381B840A3BAF
S2120E01C11B9C180D85252FF600E3C52018266C
S2120E01CF0092792539792538180B01255D1812
S2120E01DD0B01255E180B03255C180B02255B26
S2120E01EBEC89B70187D72C01417B253AE68AB0
S2120E01F97B253BF6252FCA017B253C1C00E21B
S2120E020730180C252F00E4180301E82562209F
S2120E021518FD25628D00002610180B01200025
S2100E0223CD402D6D804ABFD2382007F665
S2120E022F255AC10027E179255AF62000C10097
S2120E023D260E180300012562FD25628D0000B8
S2110E024B26F84A834838F6254AB714B71031
S2120E0258F6254BB7466D82B764200CCD405C83
S2110E02666D804ABFD238CCFFFF1B860A3BC8
S2110E02731B9EF62001C10027301803000167
S2120E02802017E68351B716F602506D80E48105
S2110E028E7B0250180B0100DD1C00D820F678
S2120E029B00D8C52026F9F60250EA837B0250E4
S2120E02A9792001180300002017180D88253244
S2120E02B7180D8A2533E68351B716F602506DE3
S2110E02C580E4817B0250180C253200DD1CF3
S2120E02D200D820F600D8C52026F9F60250EA0F
S2120E02E0837B02501B840A3B1B9E18030000F5
S2120E02EE2015180300002017180D882532E67E
S2120E02FC8351B716F602506D80E4817B0250D9
S2120E030A180C253200DD1C00D820F600D8C5D3
S2120E03182026F9F60250EA837B0250F62536B2
S2080E0326871B840A90
S111402D49494320776F7264207265616420F4
S111403B6661696C6564200D00494943207775
S11140496F7264207772697465206661696C19
S11140576564200D0043616E6E6F7420726507
S111406561642E2042757320427573792E0D0E
S11140730049494320627974652072656164D6
S1114081206661696C6564200D0043616E6EFB
S111408F6F742077726974652E204275732059
S111409D427573792E0D0049494320627974EF
S11140AB65207772697465206661696C6564CE
S10640B9200D00D3
S1045E2E006F
S1045E2F006E
S1045E30006D
S10A40BC4A8370384A83CDEA
S10940C3384A832A384A42
S10940C98402384A849DC4
S10940CF384A84EF384A70
S10940D58416384A8475CC
S10940DB384A848D384AC6
S10940E1850C384A84D36B
S10940E7384AA0CC384A5F
S10940ED9FEA394A9E7DA2
S10E40F3394AA60238180B46003C793D
S11040FE20031D000004CC00004AA10C3872
S111410BF62790B714B710F6278F7C279B2059
S10B4119084A8348384A9784E0
S10741213820F63D0B
S2120E032A1C0008401D000840180B012003188A
S2110E03380B012002180301E82564180B01C6
S2120E034520040A180B55003F180BAA003FFDA9
S2120E035325648D000026101C0008401D0008B4
S2120E036140180301E825642005180B01200243
S2120E036F0A180BF70002790003180B4000095F
S2110E037D79026A79025279025A79024A799B
S2110E038A024279008D180B800082180B239E
S2110E03970083180B800085180B91000C7962
S2120E03A402547902557900007900017900089E
S2110E03B2790268790250790258790248796E
S2120E03BF024079026D180BFF024C79024E0AB0
S2120E03CD180B800038180B40003B79025D18A6
S2120E03DB0B18025E180B800046180BE0004052
S2110E03E9180BFF004C180B05004D180B01ED
S2120E03F6004A180B55004B1C004C100A180B34
S2120E0404050035180B1100341F003708FB1CC0
S2120E04120039800A180BFF00A1180BFF00A27F
S2110E0420180B1100A3180B6400B4180B6423
S2120E042D00B5180B6400B6180B6400B7180B5B
S2120E043B6400B8180B6400B9180B6400BA18EB
S2120E04490B6400BB7900BC7900BD7900BE794D
S2120E045700BF7900C07900C17900C27900C3DB
S2110E0465180B0300A8180B0300A9180B03B4
S2120E047200A00A79008D180B800082180B234E
S2120E04800083180B450084180B8000850A18A2
S2120E048E0B0200E0180B8000E1180BC000E217
S2120E049C0A1803009C00C81803000020AF18B4
S2120E04AA0B0C00CB1C00CB201803000D00D050
S2120E04B8180B0C00D31803000021531C00D3A3
S2120E04C6201803000021EB180B0D21550A4AD4
S2100E04D4A2233810EF180303D02570F694
S2120E04E00140C5102608FD25708D000026F181
S2120E04EE0A180B100257180BD400D87900D936
S2110E04FC7900DA0A4AA60B38180B01003CF0
S2070E050920FE0AB4
S11141253B1B9E180D832530792531CD2530A6
S11041336D80CC00004AA06238E683871B33
S1054140843DB8
S2120E050C180B280110180B0900120A3B1BF1E3
S2120E051A7419F09318024084EC8484FFC4FC1F
S2120E05286C8419F0881800400000EDF093ADBC
S2120E053684272E1AF0881800000000201DECF8
S2120E0544F08819886D80E380B746E6F3000453
S2120E05526B40ED84026D84EDF088026DF0882D
S2110E0560ED84ADF09326DC1AF08A1800002C
S2120E056D00002025ECF08819886D80E380B71C
S2120E057B46ECF08AE3F091B745E6006B40EDD5
S2120E0589F08A026DF08AEDF088026DF088EDB5
S2120E0597F08AADF08C2DD3ECF0888400C403F1
S2120E05A58C0000273A1AF09318020084EC849D
S2120E05B384FFC4FC6C84201DECF08819886D45
S2120E05C180E380B746ECF088E384B745E6008C
S2120E05CF6B40EDF088026DF088ECF08884002C
S2120E05DDC4038C000026D71AF0931802008472
S2120E05EBECF09384FFC4FC6CF0931AF08A18A2
S2120E05F900000000202CED86EEF0936D00182C
S2120E06070B400116180B8001151F011580FB07
S2110E06154A834838ECF08AC300046CF08A65
S2120E0622ECF093C300046CF093EDF08AADF08E
S2120E0630882DCC1AF09318028400ECF09384FA
S2120E063EFFC4FC6CF0931AF08A180000000041
S2120E064C1820005AECF08A19886D80E380B7ED
S2120E065A46E64087B746CC0100136C82ECF0E5
S2120E06688A1A896E80E380B746E64087B7464C
S2120E0676EC826D80E3806C86B746EEF0936DD8
S2120E068400180B200116180B8001151F01150D
S2110E069280FB4A834838ECF08AC300026CE9
S2120E069FF08AECF093C300026CF093EDF08A36
S20F0E06ADADF088182DFF9C1BF08E0A87
S109FF80414241424142EE
S109FF86414241424142E8
S109FF8C414243AA414278
S109FF92414241424142DC
S109FF98414241424142D6
S109FF9E414241424142D0
S109FFA4414241424142CA
S109FFAA414241424142C4
S109FFB0414241434142BD
S109FFB6414241424142B8
S109FFBC4142414241EA0A
S109FFC2414241424142AC
S109FFC8414241424142A6
S109FFCE414241424142A0
S109FFD4414244F4430B1A
S109FFDA41424142414294
S109FFE043974391438B9B
S109FFE64385437F4379CB
S109FFEC4373436D43C1A1
S109FFF241E941424142D5
S109FFF8414240004142B9
S105FFFE4000BD
S1045E313C30
S1055E3203D097
S1055E3405B8AB
S1055E36000066
S1075E380000000062
S1075E3C000000005E
S1045E40005D
S1055E4100005B
S1055E43000059
S1055E45000057
S1115E47000000000000000000000000000049
S1115E5500000000000000000000000000003B
S1115E6300000000000000000000000000002D
S1115E7100000000000000000000000000001F
S1115E7F000000000000000000000000000011
S1115E8D000000000000000000000000000003
S1115E9B0000000000000000000000000000F5
S1115EA90000000000000000000000000000E7
S1115EB70000000000000000000000000000D9
S1115EC50000000000000000000000000000CB
S10B5ED30000000000000000C3
S1055EDB0000C1
S1055EDD0000BF
S1115EDF0000000000000000000000000000B1
S1115EED0000000000000000000000000000A3
S1115EFB000000000000000000000000000095
S1115F09000000000000000000000000000086
S1115F17000000000000000000000000000078
S10B5F25000000000000000070
S1055F2D00006E
S1055F2F00006C
S1115F3100000000000000000000000000005E
S1115F3F000000000000000000000000000050
S1115F4D000000000000000000000000000042
S1115F5B000000000000000000000000000034
S1115F69000000000000000000000000000026
S10B5F7700000000000000001E
S1055F7F00001C
S1055F8100001A
S1115F8300000000000000000000000000000C
S1115F910000000000000000000000000000FE
S1115F9F0000000000000000000000000000F0
S1115FAD0000000000000000000000000000E2
S1115FBB0000000000000000000000000000D4
S1115FC90000000000000000000000000000C6
S1115FD70000000000000000000000000000B8
S1115FE50000000000000000000000000000AA
S1115FF300000000000000000000000000009C
S111600100000000000000000000000000008D
S10B600F000000000000000085
S1056017000083
S11141420B1BF1EEF60160871656453A6C8CA5
S11041503A6C8CEC8C3BEC8C3BCC000816DC
S111415D54473A6C8C3A6C8CEC8C3BEC8C3BEB
S111416BF60161871656451654103A6C8C3ACC
S11141796C8CEC8C3BEC8C3BCC000516546B30
S11141873A6C8C3A6C8CF6016CC40F6BF01021
S111419569F0112021EC8EC30004B746E6F059
S11041A311876D80E380B746E6F01187C3F5
S11141B00164B745E6006B4062F011E6F011C1
S11141BEE1F01025D7180B010144EC8C3BEC0A
S11141CC8C3B1B8231EE8E6D00E6F010B716B0
S11141DAEC8EC30002B745B7616B001BF012F8
S11141E80B0B1B981C00E3021F00E2100220C8
S11041F604182000BBF6255DC1002734F637
S1114203252FCA01B716F600E46D80E181266E
S111421124F6255BC100271D79255D1D00E202
S111421F10CD254AF62539876D80E380B74619
S111422DF600E46B40182000D2F6255CB716AC
S111423B03F625386D80E181242BF600E3C5DF
S1114249012624F62538876C86B74602B76135
S1114257EE867B2538CD253AB7546D80E38082
S1114265B746180D4000E418200098F6255EB8
S1114273C100273479255E1C00E204F6255BA9
S1114281C10126041C00E208F62538876C846F
S111428FB74602B761EE847B2538CD253AB7D9
S111429D546D80E380B746180D4000E4205DA8
S11142AB1D00E220180B01255A2052F6255B57
S11042B9B71603F625396D80E181260F1D2F
S11142C600E2201D00E208180B01255A201406
S11142D4F6255BC002B716F625396D80E18130
S11142E226041C00E208F62539876C82B746D4
S11142F002B761EE827B2539CD254AB7546DA5
S11142FE80E380B746F600E46B401B880B1B80
S111430C9E1F00DB8018FC2015CD25356D802A
S111431AE380B746F600DD6B40FD2015027D02
S11143282015FD20158D000226061803000145
S111433620151F00DB2029FD20178D00002616
S10F43441AFD2017027D2017FC2017CD65
S111435025326D80E380B746180D4000DD2055
S111435E07FD2017027D20171D00D8201B82AA
S111436C0B180B01004E0B180B02004E0B1821
S111437A0B04004E0B180B08004E0B180B1012
S1114388004E0B180B20004E0B180B40004E7D
S11043960B180B80004EFC0044C302ED7CAC
S11043A3005E4A961F380B1F025F100718BA
S11143B00B10025F200A1F025F0805180B089D
S11143BE025F0B1B9C180B800037FD25758DCC
S11143CC00002707FD2575037D2575FD24DC03
S11043DA8D00002707FD24DC037D24DCFD9D
S11143E7256C8D00002707FD256C037D256CD9
S11043F5FD25708D00002707FD2570037D58
S11144022570FD256E8D00002707FD256E0335
S11144107D256EFD25608D00002707FD2560CB
S110441E037D2560FD25688D00002707FD46
S111442B2568037D2568F62004C1002730FDB6
S111443925648D00002709FD2564037D25649C
S1114447201FF62002C10027181C0008401D8B
S1114455000840F62003C10026037920021857
S11144630301E82564FD25668D00002731FD68
S11144712566037D2566FD25668D0000262246
S111447FFD25608D0000270572255F2006795B
S110448D255F792014F6255FC1092308730B
S111449A255F180B012014FD20088D0000275B
S11144A807FD2008037D2008FD256A8D000015
S11144B62F07FD256A037D256A180182200662
S11144C4ED82037D2006ED828D000026201877
S11144D20303D02006F62005876C80B746034E
S11144E0B7617B2005ED808D00002605180BCA
S11144EE3C20051B840B1B991F00CC200220D0
S11144FC041820006418098600CFF62572C546
S111450A02265818018420AFEC84ED84027D53
S111451820AFCD20196D80E380B746E6866B98
S111452640FD20AF8D009526151C257202FC69
S111453420AFCD20196D80E380B746CC000087
S11045426B40E686C1FF261B1C257202FC9F
S111454F20AFCD20196D80E380B746CC00006C
S111455D6B401803000020AF1F00CC8049FC07
S111456B2101CD20B06D80E380B746E640C14B
S1114579FF261CFC2101CD20B16D80E380B72C
S111458746E640C100260A1D00CB801D2572A9
S111459540201B1801822101EC82ED82027D80
S11145A32101CD20B16D80E380B746180D4094
S10845B100CF1B870B85
S1056019000081
S104601B0878
S2120E06B83B1B976984EC89B701876B80E68A38
S2120E06C66B81CD23736D821820004E180282B3
S2120E06D487EC82C300086C82ED87026D8718D5
S2120E06E20A4086ED87026D87180A4085E6866A
S2120E06F0C1FF260BE685C1FF2605CC00FF20B7
S2120E06FE2BE686E1812618E685E1802612EDB3
S2120E070C87026D87E6F30007E18F2605E6846A
S2120E071A87200D6284E684C1FF1825FFAACC48
S2120E072800FF1B8B0A1B9D180B802593698203
S2120E0736202BCD2597E682876D80E380B74692
S2120E0744EC883BEC883B1B83336B40EC883B0B
S2120E0752EC883BCC000816546B3A6C883A6C5A
S2110E0760886282E682C10425CFCC258F4A22
S2100E076D94E73887C1002607CC88014AA6
S2110E0779A217381B830A3B1B94E6F3000CF8
S2120E0786C4E06B8BEC8CC30002B746E64087D1
S2120E07946C89B710C7B746EE8C08E600876D68
S2120E07A284E3846C89EC8CC30003B746180AF9
S2110E07B04088ED8C02180D402594EC8CC38D
S2120E07BD0002B746180D402595EC8CC30003BF
S2120E07CBB746180D402596E68BC1402708E669
S2120E07D98BC1201826027AE688876C80EC8983
S2110E07E74A86B8386B87C1FF1824014AE613
S2120E07F48BC1402635CD00086D82CD2373E6F0
S2120E080287875959596D84E3846C80CC2593F4
S20C0E08104AB65739CC258F4A73
S2100E081894E73887C1002607CC88024AF9
S2110E0824A21738CC000118200248ED898D71
S2110E08312100182600FFF625A3FB25A4FBCC
S2120E083E25A5FB25A6C4FFC100182600EBE676
S2120E084C88C10018260077F625A387B746CC7F
S2120E085A010013B746F625A487B745B7646EA1
S2120E086884E384B7467D268E180C25A5268DB5
S2100E0876180C25A6268CF6268DB716FE4E
S2120E0882268EB7616B00180B602593792594B1
S2100E0890180B212595792596180C25A32B
S20E0E089C2597180C25A42598180CB5
S20C0E08A625A52599180C25A6C0
S20C0E08AE259ACC258F4A94E72B
S2100E08B63887C1002607CC88024AA2171D
S2110E08C238CC0001182001ACE688C10118E4
S2120E08CF260064F625A387B746CC010013B7A5
S2120E08DD46F625A487B745B7646E84E3847C82
S2110E08EB2690FD26901540180B602593797B
S2120E08F82594180B212595180B012596180C25
S20C0E090625A32597180C25A465
S20E0E090E2598180C25A52599180C3F
S20C0E091825A6259ACC258F4A70
S2100E092094E73887C1002607CC88024AF0
S2110E092CA21738CC000118200140CC0000A8
S2120E093918200139ED898D10012646E688C17C
S2120E0947002640E68BC1402625180B4F259342
S20E0E0955180C268B2597CC258F4A2A
S2100E095F94E73887C1002607CC88024AB1
S2110E096BA21738CC000118200101180080DC
S2100E0978060118008200024A872D38CCBB
S2110E09840000182000ECED898D10171826C7
S2120E0991009EE688C10018260096E68BC14032
S2120E099F262E180B4B2593F626867B2597FCE8
S2100E09AD2685B701877B2598CC258F4A3F
S2100E09B994E73887C1002607CC88024A57
S2100E09C5A21738CC0001182000A7E6F39D
S2120E09D1000CC12B2647EC8CC30005B746E67D
S2110E09DF40877C2685EC8CC30004B746B618
S2110E09EC2686E6407C2685180B602593793E
S20D0E09F925977925987925997940
S20C0E0A02259ACC258F4A94E7D5
S2100E0A0A3887C1002607CC88024AA217C7
S2110E0A1638CC00011820005818008006018C
S2110E0A2318008200004A872D38CC000020F7
S2120E0A3045E688C10026101800800602180043
S2100E0A3E8200004A872D38200E1800801B
S2100E0A4A060918008200114A872D38CCD1
S2110E0A560000201CE68BC1802713180080C0
S2100E0A63050418008200014A872D38CCCE
S2120E0A6F00002003CC00011B8E0A1B93698C20
S2120E0A7D182000C9E68C87B746CC001613B7B5
S2120E0A8B46CE25C7B7646E84E384B746ED40AC
S2110E0A998D0000182700A8E68C87B746CC07
S2120E0AA60016136C8ACD25C96D84E384B74600
S2120E0AB4E640876C82EC8ACD25DC6D84E384EA
S2120E0AC2B746E64087B746CE287EB7646E84EB
S2120E0AD0E3846C80EC8ACD25CB6D84E3844ADD
S20A0E0ADEB657394A95D109
S2110E0AE438B7456E88E68C87B746CC0016F0
S2120E0AF113B746CE25D5B7646E84E384B7469B
S2120E0AFFEC88830002B7456E40E68C87B7463D
S2120E0B0DCC001613B746CE25DBB7646E84E317
S2110E0B1B84B746CC00026B404A95D138B721
S2120E0B28456E86E68C87B746CC001613B7468B
S2120E0B36CE25D9B7646E84E384B746EC86836C
S2120E0B4400026C40628CE68CC1081825FF2F4E
S2120E0B52180B0821EF1B8D0A3B1B96E68B87B1
S2120E0B60B746CC001613B746CE25DBB7646E2E
S2110E0B6E80E380B746CC00016B404A95D15F
S2110E0B7B38B7456E88E68B87B746CC001659
S2120E0B8813B746CE25D7B7646E80E380B74609
S2120E0B96EC88E340B7466D86E68B87B745CCF7
S2120E0BA40016B75613B746CE25D9B7646E8028
S2110E0BB2E380B746EE866E404A95D138B702
S2120E0BBF456E84F621EF87B746CC001613B7A8
S2120E0BCD46CE25D3B7646E80E380B746EC8422
S2110E0BDBE340B7466D82F621EF87B745CC96
S2120E0BE80016B75613B746CE25D5B7646E80E8
S2120E0BF6E380B746EE826E40E68B87B746CC9F
S2120E0C04001613B746CE25C7B7646E80E38083
S2110E0C124A94E73887C1002607CC88014AB1
S2100E0C1FA217381B8C0A3B1B9B180D8B73
S2110E0C2B268979268A180585268318058CDD
S2120E0C382685E68B87C30700B7467D267718FF
S20F0E0C460B01267979267B79268BF6AB
S2120E0C51268987C305807C258F180B082591F3
S2120E0C5F6984201DE68487B746CC001613B7B0
S2110E0C6D46CE25C7B7646E82E382B746CE2C
S2120E0C7A00006E406284E684C10825DD6984A3
S2120E0C882015CD25A7E6848759596D82E38286
S2120E0C96B746CE00006E406284E684C1082586
S2110E0CA4E5EC854A96273887C1002607CC5A
S2100E0CB188024AA21738CD00006D804A5B
S2100E0CBD96D23887C1002607CC88034A62
S2100E0CC9A21738E68B87C306006C804A24
S2100E0CD596D23887C1002607CC88034A4A
S2110E0CE1A21738180BFF21EF1B870A3B1BCE
S2120E0CEE9AE687C1012514E687C108220EF687
S2120E0CFC2689C1012507F62689C17F2307CC5F
S2110E0D0A88044AA21738E6F010C1302507FF
S2110E0D17CC89044AA217386387CD25A9E6BD
S2120E0D24878759596D82E382B746E68E6B407E
S2120E0D32CD25AAE6878759596D82E382B7460D
S2120E0D40E6F0106B40ED8B8D00002632E68737
S2110E0D4E87B746CC010013C30200B746F669
S2120E0D5B268987B745B7646E82E382B7466D6B
S2120E0D6984CE25A7E6878759596E82E382B799
S2120E0D7746EE846E402012CD25A7E6878759DD
S2120E0D85596D82E382B746EE8B6E40CD25A7E3
S2120E0D93E6878759596D82E382B746ED406DAE
S2110E0DA1804A96D23887C1002607CC8805FA
S2110E0DAE4AA217381B880A3B1B9CE685C11F
S2120E0DBB012530E685C108222AF62689C101DA
S2120E0DC92523F62689C17F221CE6F010C101F6
S2120E0DD72515E6F010C108220EED8B8D0000DD
S2110E0DE5260EED8D8D00002607CC88064AE2
S2110E0DF2A21738E6F012C1302507CC890690
S2110E0DFF4AA217386385ED898D0000263C4C
S2120E0E0CE68587B746CC010013C30180B746B5
S2120E0E1AF6268987B745B7646E80E380B74626
S2120E0E286D82E68587B745CC0016B75613B713
S2120E0E3646CE25C7B7646E80E380B746EE82C2
S2120E0E446E40201AE68587B746CC001613B70A
S2120E0E5246CE25C7B7646E80E380B746EE899F
S2120E0E606E40E68587B746CC001613B746CE14
S2120E0E6E25C9B7646E80E380B746E6F0106BBB
S2110E0E7C40E68587B746CC001613B746CE67
S2120E0E8925DCB7646E80E380B746E6F0126B8B
S2110E0E9740E68587B746CC001613B746CE4C
S2120E0EA425D3B7646E80E380B746EE8B6E40A5
S2120E0EB2E68587B746CC001613B746CE25D774
S2120E0EC0B7646E80E380B746EE8D6E401B86DE
S2110E0ECE0A1BF1EC69F0121F25722007FDBD
S2120E0EDB21ED027D21EDFD21ED8D00022F048E
S2100E0EE94A84D338F621EFC1FF26324AA9
S20B0E0EF595D138F326857C2B
S20C0E0EFC2687CC26774A94E700
S2100E0F043887C1002607CC88014AA217C9
S20D0E0F1038180B05267B4A8A7977
S2110E0F1938180B0821EFCC0001182003B38A
S2100E0F26CC259B4A94333887C100182750
S2110E0F320117FD259B8D000018260071F698
S2120E0F3F25A0F126892707F625A0C1002662FA
S2120E0F4DF6259F876CF0108C0001272AEDF01B
S2120E0F5B108D0002272DEDF0108D00012D3F9B
S2120E0F69EDF0108D00802724EDF0108D008127
S2120E0F772723EDF0108D008227212025180B63
S2100E0F8505267B4A8A7938201A180B04C1
S2120E0F91267B2013180B7F267B200C4AA21BF5
S2100E0F9F3820064AA2233810EFCC0001C2
S2120E0FAB1820032AF6267BC104271DF626897B
S2110E0FB987C30600BC259B2611CC259F4A3B
S2110E0FC6877F386BF013CC00011820030651
S2120E0FD3F6267BC1051826006F69F01318204F
S2120E0FE1005FCD25A7E6F0138759596D84E301
S2120E0FEF84B746FE259BAE402646E6F01387D8
S2120E0FFD59596C8ECD25A96D84E384B746E651
S2120E100B40876C82CD259F6D80EC8ECD25AA7B
S2120E10196D84E384B746E64087B746CE287E43
S2110E1027B7646E84E3844AB657391AF01388
S2120E1034180800081AF0121808000162F013D1
S2120E1042E6F013C1081825FF98F6267BC105AA
S2120E1050182602497221EFF621EFC10825037D
S2120E105E7921EFF621EF87B746CC001613B7B2
S2120E106C46CE25C7B7646E84E384B746ED40C5
S2120E107A8D00001827021CF621EF87B746CC15
S2120E10880016136C8CCD25D36D84E384B7460C
S2120E1096ED408D000018270067EC8CCD25D59A
S2110E10A46D84E384B746EC404A95E138872C
S2120E10B1C1002751F621EF87B746CC00161366
S2120E10BF6C8ACD25C96D84E384B746E640875D
S2120E10CD6C82EC8ACD25DC6D84E384B746E695
S2120E10DB4087B746CE287EB7646E84E3846CDC
S2110E10E980EC8ACD25CB6D84E3844AB65785
S20C0E10F639F621EF874A8B5AEA
S2110E10FE38CC0001182001D3F621EF87B77D
S2120E110B46CC001613B746CE25D7B7646E84B4
S2120E1119E384B746ED408D000018270177F6EA
S2120E112721EF87B746CC001613B746CE25DB53
S2120E1135B7646E84E384B746E640C100236AB4
S2110E1143F621EF87B746CC001613B746CE42
S2110E115025D9B7646E84E384B746EC404A9A
S2110E115D95E13887C1002748F621EF87B7C9
S2120E116A46CC001613B746CE25DBB7646E8451
S2120E1178E384B746E640C102260FF621EF8747
S2100E11864A8B5A38CC000118200148F69F
S2120E119221EF87B746CC001613B746CE25DBE8
S2120E11A0B7646E84E384B746CC00006B40F650
S2120E11AE21EF87B746CC001613B746CE25DBCC
S2120E11BCB7646E84E384B746E640C10218247C
S2120E11CA00D1F621EF87B746CC0016136C88C0
S2120E11D8CD25C96D84E384B746E640876C824B
S2120E11E6EC88CD25DC6D84E384B746E64087A4
S2120E11F4B746CE287EB7646E84E3846C80EC1D
S2110E120288CD25CB6D84E3844AB5FA398C71
S2110E120F000018270088F621EF87B746CCA2
S2120E121C0016136C86CD25C96D84E384B74686
S2120E122AE640876C82EC86CD25DC6D84E38470
S2120E1238B746E64087B746CE287EB7646E846D
S2120E1246E3846C80EC86CD25CB6D84E3844A63
S2110E1254B65739F621EF87B746CC001613B5
S2120E1261B746CE25DBB7646E84E384B746E64A
S2110E126F40C100260DF621EF874A8B5A3837
S2120E127CCC00012058F621EF87B746CC0016A0
S2120E128A13B746CE25DBB7646E84E384B746F4
S2120E1298CC00026B40FD26858D00002730FC34
S2100E12A626874A95E13887C1002724CC25
S2100E12B226774A94E73887C1002607CC42
S20D0E12BE88014AA217384A95D1A0
S2110E12C738F326857C26871AF012180800CC
S2120E12D401E6F012871BF0140A1B9C180B0185
S2120E12E20140180300302570F60141C50126A6
S2120E12F008FD25708D000026F11C0257031C0B
S2120E12FE02520218008000001800820000ED5A
S2120E130C82026D828D00322DF6F60250C80259
S2120E131A7B0250ED80026D808D00342DDF18A4
S2120E132803000021ED1D2572201D0257031D29
S2120E13360140011803003025701F014101080A
S20F0E1344FD25708D000026F31B840AAA
S105601C00007E
S104601E007D
S2120E134F3B1B9E63830D83F8E683876C808CB3
S2120E135D0000273DED808D0001274AED808DA5
S2120E136B00022757ED808D00032762ED808D61
S2110E137900041827006BED808D0005182768
S2120E13860074ED808D00061827007DED808D1C
S2120E139400071827008618200092EC8749499D
S2120E13A2497B0154EC894949497B01501820BD
S2120E13B0007EEC874949497B0155EC89494978
S2120E13BE497B01511820006AEC874949497B8D
S2120E13CC0156EC894949497B01522058EC87A0
S2120E13DA4949497B0157EC894949497B015325
S2120E13E82046EC874949497B015CEC89494951
S2120E13F6497B01582034EC874949497B015D3E
S2120E1404EC894949497B01592022EC8749495B
S2120E1412497B015EEC894949497B015A201040
S2120E1420EC874949497B015FEC894949497BB7
S2120E142E015B1B840A3B1B981F014401022023
S2120E143C04182000A0F60160871656453A6C7E
S2120E144A843A6C84EC843BEC843BCC00081693
S2120E145854473A6C843A6C84EC843BEC843B2E
S2120E1466F60161871656451654103A6C843AF7
S2120E14746C84EC843BEC843BCC000516546B6B
S2120E14823A6C843A6C84F6016CC40F6B866965
S2120E149087201EEC88C30004B746E687876DDD
S2120E149E80E380B746E68787C30164B745E64F
S2120E14AC006B406287E687E18625DC180B0192
S2120E14BA0144EC843BEC843B1B8231EE886DC5
S2120E14C800E686B716EC88C30002B745B7617D
S2120E14D66B001C014401CC00012003CC00006C
S2120E14E41B8A0A3B1B966986EC8AC30002B76B
S2110E14F246180A4087CE0005ECF3000A16D9
S2120E14FF5271B746351800AE00003A6C843AAD
S2120E150D6C84180300092570F60146C10026F0
S2120E151B08FD25708D000026F1F60146C10073
S2110E15292611180B55003F180BAA003FCCDC
S2120E1536000018200092180C0146014A1809F3
S2110E154488014AEC843BEC843B1B82317D13
S2120E1551017069892022EC8AC30004B746E6B4
S2120E155F89876D80E380B746E640B716E689AC
S2120E156D87C30174B745B7616B006289E689C5
S2120E157BE18725D8180D87017C180D86017D98
S2120E1589180D880146180300092570F6014657
S2120E1597E488E18826051F01400108FD257038
S2110E15A58D000026EA1D257220FD25708D96
S2120E15B200002707F60141C580260E180B55C1
S2120E15C0003F180BAA003F1C257220CC00011F
S2120E15CE1B8C0A1B9E141018018021F010EFC5
S2110E15DCEC801B820A3B1B9E14101801802B
S2120E15E921F010EFED82026D82ED80AD8223B2
S2120E15F713EC80A3828C80002405CC0001200D
S2120E160516CC00002011EC82A3808C800023F1
S2110E161305CC00012003CC00001B840AFD50
S2120E162021F0027D21F00A3B1B9E6980180BFE
S2120E162E010140180300092570200A180B55FE
S2120E163C003F180BAA003FF60141C501260816
S2120E164AFD25708D000026E7180B8001411856
S2120E16580BC10142180B3A0143ED828D007D48
S2120E1666260E180B430142180B4901431808B6
S2120E167480017921F2180881012011CD0000A8
S2120E1682E68187C30150B745B7616B006281E3
S2120E1690E681C11023E9180B20014B790140AC
S2120E169E180300092570200A180B55003F1879
S2110E16AC0BAA003F1F01410108FD25708DA1
S2110E16B9000026E9FC0044C302EDB7467D96
S2100E16C600561C004C08E680871B840AA9
S104601F017B
S2110E16D21B97198E6D8718028C85EC87C34A
S2120E16DF00026C87C3FFFEB746E6416B84C161
S2120E16ED00275AEC858400C47F8800C8218C26
S2120E16FB0000264BF621F3C1002607CC000198
S2120E1709182000747921F37221F2F621F2C137
S2120E1717082305CC00002062180B0101401FAF
S2120E1725014101FBCD00216D82CDFF806D804F
S2100E1733F621F2874A934F38790140F6F3
S2120E173F0141C50126F9CC000120377221F2B9
S2120E174DF621F2C1082305CC00002028180B4A
S2110E175B0101401F014101FBED856D82CDA1
S2110E176800006D80F621F2874A934F387907
S2120E17750140F60141C50126F9CC00011B8984
S2050E17830A48
S10460206318
S1056021000079
S10460230078
S10460240077
S11145B6004F46462C204F4E00504F532C4EC3
S11145C44547002043572C4343570020382C12
S11145D231322C32340032352C33322C353059
S11145E02C36342C3130302C3132382C32351C
S11145EE362C35313200202C412C422C432C2B
S11145FC442C452C462C472C482C492C4A2C88
S111460A4B2C4C2C4D2C4E2C4F2C502C512C48
S1114618522C532C542C552C562C572C582C09
S1114626592C5A2C302C312C322C332C342CA1
S1114634352C362C372C382C392C2E2C3C2CC3
S11146423E2C3B2C3A2C402C282C292C2D2CC1
S11146502D00302C312C322C332C342C352CF4
S10D465E362C372C382C392C2D0093
S10760253F800000B4
S10760293F800000B0
S107602D3F800000AC
S10760314120000006
S10460350066
S1046036F96C
S10B60372D2D2D2D2D2D2D0022
S107603F0000000059
S10560434652BF
S1056045000055
S10760473F80000092
S107604B3F8000008E
S107604F3F8000008A
S107605342380000CB
S10460570044
S1046058FC47
S1086059312E3032007D
S10A605E0000000000000037
S105606545F4FC
S1056067000033
S1076069000000002F
S107606D000000002B
S10760710000000027
S10760750000000023
S10460790022
S104607A0021
S105607B2000FF
S10D607D0000000000000000000015
S105608745B618
S1056089000011
S107608B3F8000004E
S107608F3F8000004A
S10760933F80000046
S10760974238000087
S104609B0000
S104609CF50A
S10F609D484420494E53502043414D001C
S10560A945F4B8
S10560AB0000EF
S10760AD3F8000002C
S10760B13F80000028
S10760B53F80000024
S10760B94238000065
S10460BD00DE
S10460BEFCE1
S10860BF31323334000E
S10A60C400000000000000D1
S10560CB45F496
S10560CD0000CD
S10760CF4000000089
S10760D33F80000006
S10760D73F80000002
S10760DB400000007D
S10460DF00BC
S10460E004B7
S10860E120204F4E00D9
S10A60E600000000000000AF
S10560ED45B7B1
S10560EF0000AB
S10760F14110000056
S10760F53F800000E4
S10760F93F800000E0
S10760FD411000004A
S10461010099
S10461020494
S10861032020203800FB
S10A6108000000000000008C
S105610F4652F2
S1056111000088
S10761134000000044
S10761173F800000C1
S107611B3F800000BD
S107611F4000000038
S10461230077
S10461240472
S108612520204F4E0094
S10A612A000000000000006A
S105613145B76C
S1056133000066
S10761354000000022
S10761393F8000009F
S107613D3F8000009B
S10761414000000016
S10461450055
S10461460450
S108614720204F4E0072
S10A614C0000000000000048
S105615345B74A
S1056155000044
S10761570000000040
S107615B000000003C
S107615F0000000038
S10761630000000034
S10461670033
S10461680032
S1056169200010
S10D616B0000000000000000000026
S105617545B629
S1056177000022
S1114668000000002020202020204844204391
S1114676414D45524120202020200020534574
S11146845454494E475320202020202020204B
S11146922020200020444941474E4F535449F4
S11146A04353202020202020202000205354AB
S11146AE41545553202020202020202020207D
S11146BC202020002044454641554C545320F4
S11146CA2020202020202020202000204558E1
S11146D84954202020202020202020202020B3
S11146E6202020002020202020202020202022
S11146F4202020202020202020200020202014
S11147022020202020202020202020202020E5
S11147102020200020202020202020202020F7
S111471E2020202020202020202000202020E9
S111472C2020202020202020202020202020BB
S111473A2020200020202020202020202020CD
S11147482020202020202020202000202020BF
S1114756202020202020202020202020202091
S11147642020200000000000000000000000E3
S10A477200223D223D223D1F
S1094779223D223D223D19
S109477F223D223D223D13
S1094785223D223D4DF02F
S109478B4DF04DF04DF06D
S10947914F8A4DF04DF0CB
S10947974DF04DF04DF061
S111479D4DF00000000120202043414D455204
S11147AB412053455454494E475320200020CA
S11147B95441472020202020202020202020B2
S11147C7202020202000204D4943524F50480E
S11147D54F4E452020202020202020200020B0
S11147E34C4544204C49474854532020202084
S11147F1202020202000204C454420414C571D
S11147FF415953204F4E20202020202000201E
S111480D45584954202020202020202020201F
S111481B2020202020002020202020202020EB
S11148292020202020202020202020200020DD
S11148372020202020202020202020202020AF
S11148452020202020002020202020202020C1
S11148532020202020202020202020200020B3
S1114861202020202020202020202020202085
S111486F202020202000202020202020202097
S111487D202020202020202020202020002089
S111488B20202020202020202020202020205B
S1114899202020202000091010100000000034
S10C48A7000000225F22A322C5D7
S10948B022E7223D223D37
S10948B6223D223D223DDB
S10948BC223D223D4DF4F3
S10948C24DF44DF44DF429
S10948C84F8A4DF04DF093
S10948CE4DF04DF04DF029
S11148D44DF0000000022043414D45524120AA
S11148E2444941474E4F53544943532000204C
S11148F0564944454F2052454C415920202042
S11148FE20202020200020455849542020204E
S111490C2020202020202020202020200020F9
S111491A2020202020202020202020202020CB
S11149282020202020002020202020202020DD
S11149362020202020202020202020200020CF
S11149442020202020202020202020202020A1
S11149522020202020002020202020202020B3
S11149602020202020202020202020200020A5
S111496E202020202020202020202020202077
S111497C202020202000202020202020202089
S111498A20202020202020202020202000207B
S111499820202020202020202020202020204D
S11149A620202020200020202020202020205F
S11149B4202020202020202020202020002051
S11149C2202020202020202020202020202023
S11149D0202020202000100000000000000025
S10C49DE0000002309223D223DE2
S10949E7223D223D223DA9
S10949ED223D223D223DA3
S10949F3223D223D4DF4BB
S10949F94F8A4DF04DF061
S10949FF4DF04DF04DF0F7
S1094A054DF04DF04DF0F0
S1114A0B4DF0000000032020202020535441D1
S1114A19545553204D454E552020202000209A
S1114A27534F465457415245205245562020C5
S1114A352020202020002043414D45524120E6
S1114A43494420202020202020202020002074
S1114A5153455249414C204E554D2020202003
S1114A5F2020202020002045584954202020EB
S1114A6D202020202020202020202020002097
S1114A7B202020202020202020202020202069
S1114A8920202020200020202020202020207B
S1114A9720202020202020202020202000206D
S1114AA520202020202020202020202020203F
S1114AB3202020202000202020202020202051
S1114AC1202020202020202020202020002043
S1114ACF202020202020202020202020202015
S1114ADD202020202000202020202020202027
S1114AEB202020202020202020202020002019
S1114AF92020202020202020202020202020EB
S1114B0720202020200010100C0000000000D0
S10C4B15000000221B228121F999
S1094B1E223D223D223D70
S1094B24223D223D223D6A
S1094B2A223D223D4DF086
S1094B304DF04EDE4F8A39
S1094B364DF04DF04DF0BE
S1094B3C4DF04DF04DF0B8
S1114B424DF0000000042020202020444546B1
S1114B5041554C5453202020202020200020CA
S1114B5E4558495420202020202020202020CB
S1114B6C20202020200020524553544F524553
S1114B7A2044454641554C5453202020002031
S1114B8820202020202020202020202020205B
S1114B96202020202000202020202020574115
S1114BA4524E494E4720202020202020005948
S1114BB24F552057494C4C204C4F5345204141
S1114BC04C4C202020004F46205448452043F2
S1114BCE555252454E542020202020200053E2
S1114BDC455454494E4753205748454E202017
S1114BEA202020202000524553544F52494EA3
S1114BF8472044454641554C5453202000208C
S1114C062020202020202020202020202020DC
S1114C142020202020002020202020202020EE
S1114C222020202020202020202020200020E0
S1114C302020202020202020202020202020B2
S1114C3E2020202020000000000000000000C4
S10C4C4C000000223D223D223D3E
S1094C55223D223D223D38
S1094C5B223D223D223D32
S1094C61223D223D4F8AB2
S1094C674F924DF04DF0E8
S1094C6D4DF04DF04DF086
S1094C734DF04DF04DF080
S1114C794DF0000000000000000000000000EC
S1114C8700000000000000000000000000001B
S1114C9500000000000000000000000000000D
S1114CA30000000000000000000000000000FF
S1114CB10000000000000000000000000000F1
S1114CBF0000000000000000000000000000E3
S1114CCD0000000000000000000000000000D5
S1114CDB0000000000000000000000000000C7
S1114CE90000000000000000000000000000B9
S1114CF70000000000000000000000000000AB
S1114D0500000000000000000000000000009C
S1114D1300000000000000000000000000008E
S1114D21000000000000000000000000000080
S1114D2F000000000000000000000000000072
S1114D3D000000000000000000000000000064
S1114D4B000000000000000000000000000056
S1114D59000000000000000000000000000048
S1114D6700000000000000000000000000003A
S1114D7500000000000000000000000000002C
S1114D8300000000000000000000000000001E
S1114D91000000000000000000000000000010
S1114D9F000000000000000000000000000002
S1084DAD0000000000FD
S1056179000020
S105617B00001E
S104617D011C
S104617E001C
S111617F00000000000000000000000000000E
S10D618D0000000000000000000004
S10461970003
S10461980002
S10461990001
S104619A0000
S104619B00FF
S104619C00FE
S2110E17841BF19BF624DBC100272D1801AECD
S2120E179122E91801AE22E71800AE000018007E
S2120E179FAE400016572B26111801AE22C718A4
S20E0E17AD01AE22C516527B4AA1209B
S20C0E17B7387924DBCC23F44A3A
S2110E17BFA3323887C100270CCD00006D80C8
S20C0E17CCCC23F44AA67E381F5A
S2120E17D42896804C1F00000447F624DAC1004B
S20E0E17E227037925224AB9F738F6D8
S2120E17EC24D9C1002707F62692C1002607F65E
S2120E17FA24DAC100270A792692180B0128065B
S2120E18082013F624D9C100260CF62692C10037
S2120E18162605180B0126927924DA182000A853
S2120E18241F289640022004182000701F000099
S2120E18320402200418200065F624DAC10026F3
S2120E184003792522F624D9C100270CCD000010
S20E0E184E6D80CC4DE94AA67E384A9E
S20F0E1858B9F738F624DAC100261B791B
S2110E18632692180B012806CD00146D82CDBE
S20E0E18704DD46D80CC279D4AB84675
S2110E187A392018F624DAC1002711F6269242
S2120E1887C1002605180B012806180B01269226
S2120E1895180B0124DA7924D9202DF62522C14F
S2110E18A30027267925227924D97924DA79B2
S2100E18B026924A9A6E39CD00006D80CC50
S20B0E18BC4DE94AA67E381F17
S2120E18C325720805180B012806FC25738402F4
S2100E18D1C4008C000027044A850038FD79
S2120E18DD20088D0000182605E1F62572C5209F
S20F0E18EB182605D84A8ECF384A9ABF42
S20D0E18F639FD21F5027D21F5FDF8
S2120E18FF279B6D84CD4DCF6D82CD22936D80CE
S2110E190D4AB59139F6236B87B746CC000617
S2120E191A13B746CE2350B7646E86E386B746E6
S2120E1928E640C10226281801AE230B1801AEAB
S2110E193623091800AE00001800AE3F801604
S2120E1943572B26061D00000420041C00000470
S2120E1951180B0121F7F621F7C10027491801E1
S2120E195FAE230B1801AE23091800AE000018BA
S2120E196D00AE3F8016572B2630F6236B87B73C
S2120E197B46CC000613B746CE2350B7646E86D3
S2120E1989E386B746E640C10227131803400059
S2110E1997230918030000230B1C0000047922
S2120E19A421F7F6236B87B746CC000613B74620
S2120E19B2CE2350B7646E86E386B746E640C177
S2120E19C0012622CD27916D80CC22D74AB71C69
S2110E19CE398C000027111801AE22C7180133
S20D0E19DBAE22C516527B4AA1206D
S20E0E19E438CD22D76D80CC27911661
S2120E19EE5257F6236B87B746CC000613B74645
S2120E19FCCE2350B7646E86E386B746E640C12D
S2120E1A0A012616CD27966D80CC22B54AB71C47
S2100E1A18398C00002705180B0121F8CDB4
S20F0E1A2422B56D80CC2796165257F6A2
S2120E1A2F21F8C1002738FC25738400C4048CF1
S2120E1A3D0000272C1801AE22A51801AE22A31B
S2120E1A4B1800AE00001800AE3F8016572B2671
S2110E1A5909CC00004AA10C382007CC000175
S20C0E1A664AA10C387921F81F85
S2110E1A6E2572020CCD27EE6D80CC00024ACC
S20D0E1A7BA78F381F2572800CCDD2
S2100E1A8427EE6D80CC00804AA78F38FD40
S2120E1A9025758D000018260212F62692C1004D
S2120E1A9E18270209F62572C50818260200182B
S2110E1AAC0300252575180300012867182075
S2110E1AB9009B18030001286518200080CC45
S2120E1AC60014FD2867136C8ECD279D6D86E3EB
S2120E1AD486B746FC28656D86E3866C8CEC8E17
S2120E1AE2CE28136E86E386B746FC28656D8604
S2120E1AF0E386B746E640B716EE8CB761E10009
S2120E1AFE273ECC0014FD2867136C8ACD279D5C
S2120E1B0C6D86E386B746FC28656D86E386B7C3
S2120E1B1A46E6406BF064EC8ACE28136E86E329
S2120E1B2886B746FC28656D86E386B746E6F061
S2110E1B36646B40180B0127EDFD2865027D3F
S2110E1B432865FD28658D00131823FF76FD1E
S2120E1B502867027D2867FD28678D0003182380
S2120E1B5EFF5BF627EDC100182701427927ED32
S2120E1B6C79279D1803000028672021CC00154F
S2120E1B7ACD4DBA6D80FD286713B746CE269366
S2120E1B88B7646E86E386165257FD2867027DFA
S2120E1B962867FD28678D000C25D71803000063
S2120E1BA42867182000F7CC0015FD286713B72B
S2110E1BB2461AF025B7646E86E386B746CC5D
S2120E1BBF00006B4018030000286518200094E6
S2120E1BCDCC0014FD286713B746CE279DB764CE
S2120E1BDB6E86E386B746FC28656D86E386B7F3
S2120E1BE946E640C1002624CC0015FD286713E4
S2120E1BF7B7461AF011B7646E86E386B746FC44
S2120E1C0528656D86E386B746CC00206B402021
S2120E1C1346CC0014FD286713B746CE279DB7A5
S2120E1C21646E86E386B746FC28656D86E386FF
S2110E1C2FB746E640B714FD28676BF010CCE4
S2120E1C3C001513B7461AF011B7646E86E386CF
S2120E1C4AB746FC28656D86E386B746E6F010B4
S2110E1C586B40FD2865027D2865FD28658D14
S2120E1C6500131823FF62CE0003FC286718102B
S2120E1C73B75487B746CE00156D82FD2867B7AC
S2120E1C815413B7461AF011B764FD2867026EAC
S2100E1C8F86E3866C80B7644AA23039FDEE
S2120E1C9B2867027D2867FD28678D0003182334
S2120E1CA9FEFFFC279B8400C4FFB746F6289964
S2120E1CB787B7456D86AE861826009DFC279BC9
S2120E1CC584FFC400B746C7B6289AB7456D868C
S2120E1CD3AE86182600861AF063180000000073
S2110E1CE179289A7928991C0000041801AE87
S20F0E1CEE22C71801AE22C516527B4A14
S20F0E1CF9A120381801AE22A51801AE7F
S2110E1D0422A31800AE00001800AE40001618
S2110E1D11572B2607CC00014AA10C3819F0FE
S2120E1D1E6318024088ED88026DF063EC88CDE7
S2120E1D2C22716D86E386B746E640C12027E29A
S2110E1D3AECF063CD22706D86E3866C84CDD2
S2110E1D474DB26D8219F0516D804AB591397E
S2100E1D5419F051B7644A98F3392039F69E
S2120E1D602899C1002607F6289AC100272B1DCB
S2110E1D6E000004CC00004AA10C381801AE8F
S2120E1D7B22E91801AE22E71800AE000018008E
S2120E1D89AE3F8016572B2607CC00004AA12030
S20E0E1D97381F289B0126FC21F54A92
S20A0E1DA1B5D8394AB5E183
S20E0E1DA739B7457E279B79289BFC72
S2100E1DB1279BB701877B2790F6279C7BAC
S20B0E1DBD278F4AA0F2381F23
S2120E1DC4289B02022004182000A779289BCE2A
S2120E1DD20064FC279B18107E2570FD25708D74
S2110E1DE0000026F8180305002807180B084B
S20F0E1DED2809180B18280BF6279C7B05
S2110E1DF8280CFC279BB701877B280D180CC6
S20C0E1E052271280E180C227241
S20E0E1E0D280F180C22732810180C6C
S20C0E1E1722742811180C227526
S20C0E1E1F2812CC28074A94E7AE
S2100E1E273887C1002607CC88014AA21797
S20E0E1E3338180B18280B180C227630
S20E0E1E3D280C180C2277280D180C3E
S20C0E1E472278280E180C2279F1
S20E0E1E4F280F180C227A2810180C23
S20E0E1E59227B2811180B032812CC6A
S2100E1E6328074A94E73887C1002607CCF3
S2100E1E6F88014AA217381F289B044DFC61
S2120E1E7B279B8400C4FFB746F6289C87B74503
S2120E1E896D86AE862638FC279B84FFC400B7F7
S2120E1E9746C7B6289DB7456D86AE86262379BD
S2110E1EA5289BF6289FB714B710F6289E7CD3
S20D0E1EB2279BF6279C7B278FFC6C
S20F0E1EBB279BB701877B27904AA0F2FA
S2110E1EC6381BF0650A3BE681CA807B00855E
S2120E1ED31F008680FBFC0090F30092F3009436
S2120E1EE1F30096494916532BCC0002065663A4
S2120E1EEF3B1B9C18088323E6F01287B746CCE2
S2120E1EFD00046D80A3805959B746E683876DA4
S2120E1F0B80AA80EA816B831805842807180BBF
S2120E1F19082809180D83280BEC898400C4FFD7
S2110E1F277B280CEC89B701878400C4FF7B75
S2120E1F34280D180D8C280EEC8F3BEC8F3B18EC
S2120E1F4200AE00FF1800AE00001653F91B820C
S2110E1F5031B7617B280FEC8F3BEC8F3BCC3E
S2110E1F5D00081654591800AE00FF1800AE0E
S2120E1F6A00001653F91B8231B7617B2810EC6F
S2120E1F788F3BEC8F3BCC00101654591800AE63
S2120E1F8600FF1800AE00001653F91B8231B78E
S2120E1F94617B2811EC8F3BEC8F3BCC001816B1
S2110E1FA254591800AE00FF1800AE000016D1
S2120E1FAF53F91B8231B7617B2812CC28074AE5
S2100E1FBD94E73887C1002607CC88014A3E
S20A0E1FC9A217384A8ECF67
S2110E1FCF386B821B860A3B18058028071803
S2120E1FDC0D862809180D88280B180D8A280C5D
S2120E1FEA180D8C280D180D8E280E1AF01018D5
S2120E1FF80D00280F1AF012180D0028101AF001
S2120E200614180D0028111AF016180D002812C8
S2110E2014CC28074A94E73887C1002607CC73
S20D0E202188014AA217384A8ECF38
S2110E202A381B820A3B1B9F18030000280778
S2110E2037180B022809180D82280B180D87AD
S20C0E2044280CCC28074A94E78D
S2100E204C3887C1002607CC88014AA21770
S2100E2058384A8ECF386B801B830A3B1B69
S2120E20649CED848D00001826005BF62572C5D6
S2120E20724026F91803000021012020180182D6
S2120E20802101EC82ED82027D2101CD20B16D94
S2120E208E80E380B746EC82E389B745E6006B2A
S2120E209C40FC2101E389B746E640C10026D37C
S2110E20AAFC2101CD20B16D80E380B746CC41
S2120E20B700006B401803000021011C2572402D
S2120E20C51C00CB801B860A1B9E18008009008E
S2110E20D3ED80180D40278FED8002180D4091
S2110E20E02790F62790B714B710F6278F7CC2
S2110E20ED279B1B820A1B9ACD278F6D84CD74
S2120E20FA09006D82ED846D80CC00024A8517BB
S2100E2108381B860A3BE681C10126061C29
S2120E211400000220041D0000021B820A3BED96
S2120E2122808D0001182700DAED808D00021861
S2120E21302700BFED808D0003182700A4ED805B
S2120E213E8D000418270089ED808D00051827E9
S2120E214C006EED808D00062755ED808D000787
S2120E215A273AED808D0008271FED808D0009B8
S2120E21682704182000961C0000201D000010F4
S2110E21761D0000401D000080182000921D68
S2120E21830000201C0000101C0000401C000077
S2120E2191801820007E1D0000201C0000101C72
S2120E219F0000401D0000801820006A1D000083
S2120E21AD201C0000101D0000401C00008020AC
S2120E21BB581D0000201C0000101D0000401DC8
S2120E21C900008020461D0000201D0000101C89
S2120E21D70000401C00008020341D0000201D5D
S2120E21E50000101C0000401D00008020221D71
S2120E21F30000201D0000101D0000401C000005
S2120E22018020101D0000201D0000101D000085
S20C0E220F401D0000801B820A30
S1114DB250726F633A257300202020202020C9
S1114DC0202020202020202020202020202021
S1114DCE00253034580020504F534954494FAB
S1114DDC4E204143544956452020202000819A
S1094DEA01700127FF0027
S104619D00FD
S104619E00FC
S1074DF0CC00003DB2
S2110E40001B9218008A00014A88273987B7E0
S2120E400D466D88F6236B87B746CC0006136CFE
S2120E401B86CD23526D80E380B746E640876C56
S2120E402984EC86CE23516E80E380B746E640CA
S2120E403787B746EE84B7646E80E38083000182
S2120E4045596C82ED88CC013713B746CE477302
S2120E4053B7646E80E380B746EC826D80E38025
S2120E4061B7461802408C200EED8C19E820187B
S2120E406F02408CED8A026D8AF6236E87AC8AAE
S2120E407D2EEAEC8C1B8E0A3B1B98F6236DB7B4
S2110E408B1603B764876C80EC884A83C33931
S2120E40981B84ED881802408418024286EC88BF
S2120E40A6C3000CB745ED88180202AE180200D5
S2120E40B4AE1800AE00001800AE3F8016567D09
S2110E40C2306E40306E42EC884A858F39F61F
S2120E40CF236B87B746CC000613B746CE234D9E
S2110E40DDB7646E82E3824A8F8C39ED88EC54
S2120E40EA863BEC863B306E40306E42EC884ACB
S2100E40F8858F391B8A0A3B1B9EEC82C388
S2120E41040020B746ED408D0000275572236E44
S2110E41124A800039B7456E82B754C30011BF
S2120E411FB746E640C1002C0D180B01236DECC2
S2110E412D824A8084392059F6236EC1002682
S2120E413A0379236CF6236B87B746CC0006136C
S2120E4148B746CE234DB7646E80E3804A8F8C4A
S20F0E415639F6236EC100262F4A97880C
S20E0E416139202979236C79236E7934
S2120E416B236D792371F6236B87B746CC0006BC
S2110E417913B746CE234DB7646E80E3804A22
S20A0E41868F8C394A978863
S2110E418C391B840A3B1B9BF6236DB71602EB
S2120E4199B7616B82EC85C30011B746E640B7E1
S2110E41A714180D82236D4AB5BB39B7456E50
S2110E41B480E68287AC802F08EC854A80FEE0
S2100E41C1392006EC854A8084391B870ADC
S2120E41CD180B082371164DF40A3B1BF1EA1868
S2120E41DB00880000E6F01CC100182700814A7E
S2110E41E9800039B7456EF016CD000C6D82C5
S2110E41F6ECF016C300126C80198AB7644AEE
S2110E4203B846392030ECF016C300226CF0E1
S2120E421016C30011B746E640B7166D82198A21
S2110E421E6D80ECF016C300124AB84639CD7E
S2110E422B00006D80ECF0164A83C3391B842C
S2120E423818028886ED86026D88E6F01C87B7A3
S2110E42464603AD862EBCF6236B87B746CC1E
S2120E4253000613B746CE234DB7646E84E38482
S20B0E42614A8F8C394A97BF05
S2110E4268391BF0180A1B94F6236CC10018C3
S2110E427526006B4A88273987B7466D8AF6F5
S2120E4282236B87B746CC0006136C86CD2352F0
S2120E42906D80E380B746E640876C84EC86CEE3
S2120E429E23516E80E380B746E64087B746EEA5
S2120E42AC84B7646E80E380830001596C82ED49
S2120E42BA8ACC013713B746CE4773B7646E80B4
S2120E42C8E380B746EC826D80E380B7461802A0
S2110E42D64088EC884A80FE39180B01236CD8
S20A0E42E3164DF41B8C0ABA
S10F4DF41B904A88273987B7466D8CF65F
S1114E00236B87B746CC0006136C86CD235275
S1114E0E6D80E380B746E640876C84EC86CE68
S1114E1C23516E80E380B746E64087B746EE2A
S1114E2A84B7646E80E380830001596C82EDCE
S1114E388CCC013713B746CE4773B7646E8037
S1114E46E380B746EC826D80E380B746180225
S1114E54408EF6236CC1002653180B01236C0C
S1114E6279236E79236DEC8EC30020B746EDE4
S1114E70408D00002705180B01236EEC8EC345
S1104E7E0011B746E640C1002C0D180B01D1
S10E4E8B236DEC8E4A808439203EF633
S1114E96236B87B746CC000613B746CE234DD8
S1104EA4B7646E80E3804A8F8C3920234A66
S1104EB1800039B7456E8EB754C30011B7A9
S1104EBE46E640C1002C08EC8E4A81903974
S10E4ECB2006EC8E4A80FE394A97BF97
S1104ED639CC00001BF0103D1B92F60B10B0
S1114EE3876C888C00302D0EED888D00392EE2
S1104EF107CC00001820008E4A882739875E
S1114EFEB7466D8AF6236B87B746CC000613C1
S1114F0C6C86CD23526D80E380B746E6408765
S1114F1A6C84EC86CE23516E80E380B746E6AD
S1104F284087B746EE84B7646E80E3808353
S1114F350001596C82ED8ACC013713B746CEC9
S1114F434773B7646E80E380B746EC826D80DE
S1114F51E380B7461802408CF6236CC100269C
S1114F5F12180B01236C180B01236DEC8C4A05
S10B4F6D808439200E4A800003
S10F4F7539B7456E8CB7544A8190394A14
S10F4F8197BF39CC00001B8E3D4A8EA067
S1084F8D39CC00003DD9
S2110E42E91B98F6236CC100271A4A88E3398D
S2110E42F64A800039B7456E86F62371876C38
S2110E430380EC864A81D6392047F6236B875C
S2120E4310B746CC000613B746CE2351B7646EE2
S2120E431E82E382B7466D84E6F30004B71603FC
S2110E432CEE84B7616B00F6236B87B746CCA8
S2120E4339000613B746CE234DB7646E82E3829F
S20B0E43474A8F8C394A978855
S20F0E434E394A97BF391B880A1B98F6E9
S20F0E4359236CC100271A4A8A30394A2E
S2110E4364800039B7456E86F62371876C8093
S2110E4371EC864A81D6392047F6236B87B7B7
S2120E437E46CC000613B746CE2351B7646E82A9
S2120E438CE382B7466D84E6F30004B71602EE23
S2120E439A84B7616B00F6236B87B746CC000621
S2110E43A813B746CE234DB7646E82E3824AED
S20A0E43B58F8C394A978832
S2100E43BB394A97BF391B880A3B1BF17A63
S2110E43C7ECF086C3001EB746EC404AB7B8B1
S2100E43D4398C0000182700ABECF086C3F6
S2110E43E00011B746E640C100182D009BCD1B
S2120E43ED00786D82ECF086C3001EB746ED40DB
S2110E43FB6D80198AB7644AB846391AF084E8
S2120E440818000000012057EDF0848D000126EE
S2110E441612CD4FD96D80198AB7644AB93E93
S2100E4423396CF082200FCD4FD96D80CC86
S2110E442F00004AB93E396CF082EDF0826D49
S2100E443C80ECF086C300124AB71C398CC8
S2120E444800002613ECF084EDF08616530D30B1
S2120E44566E40306E421820011FEDF084026D8F
S2120E4464F084ECF08416530DECF08AC3000CB8
S2120E4472B746180242AE180240AE16572B186A
S2120E44802FFF8C182000F7ECF086C3001EB738
S2100E448E46EC404AB7B8398C00001827E0
S2120E449A00B1ECF086C30011B746E640C10036
S2110E44A8182C00A1CD00786D82ECF086C3B6
S2110E44B5001EB746ED406D80198AB7644AAA
S2110E44C2B846391AF08418000000011820C4
S2120E44CF005DEDF0848D00012612CD4FD96DE6
S2110E44DD80198AB7644AB93E396CF0822009
S2110E44EA0FCD4FD96D80CC00004AB93E397B
S2120E44F76CF082ECF086C30012B746E6F08C30
S2120E4505876D84E384B746E640E1F300822617
S2120E451313ECF084EDF08616530D306E40302D
S2120E45216E4218200057EDF084026DF084EC0A
S2120E452FF08416530DECF08AC3000CB7461837
S2120E453D0242AE180240AE16572B182FFF86FF
S2110E454B2031ECF086C3001EB746EC404A49
S2100E4558B7B8398C0000261EECF086C3A7
S2120E45640012165B3A3A6C883A6C88EDF086BA
S2120E4572EC883BEC883B306E40306E42EDF02F
S2110E458086180242AE180240AECC00880629
S2120E458D56633B1BF180ECF080C3001EB74653
S2110E459BEC404AB7B8398C0000182701090D
S2120E45A8ECF080C30011B746E640C100182D99
S2120E45B600F9CD00646D82ECF080C3001EB7D7
S2110E45C446ED406D8019F018B7644AB846F3
S2100E45D139CD4FD96D8019F018B7644A2A
S2100E45DDB93E396CF07C1AF07E18000017
S2110E45E900002016CD4FD96D80CC00004A84
S2110E45F6B93E396CF07CEDF07E026DF07E65
S2120E4603ECF07E16530DEDF084180242AE1843
S2120E46110240AE1800AE00001800AE3F801637
S2120E461F567616572B2DC7ECF080C30011B73B
S2120E462D46E640B7166D82EDF07C6D80ECF022
S2100E463B80C300124AB84639ECF080C36B
S2120E464700126C88CD4FD16D86CD000A6D84A4
S2110E4655CD4FD36D8219F0186D804AB591C9
S2100E46623919F018B7644AB7B839B745D6
S2120E466E6EF016ECF080C30011B746E640B7AD
S2110E467C144AB5BB39B7456EF014ECF0804D
S2120E4689C30011B746E640B7166D82ECF0166B
S2120E469719F0186D8EE38EA3F0146C80ECF006
S2110E46A580C300124AB846391820016CEC8E
S2110E46B2F080C3001EB746EC404AB7B8397C
S2120E46BF8C00001827009AECF080C30011B78E
S2120E46CD46E640C100182C008ACD00646D82B1
S2120E46DBECF080C3001EB746ED406D8019F061
S2110E46E918B7644AB846391AF07E1800005D
S2110E46F600002031EDF07E8D00002613CD65
S2110E47034FD96D8019F018B7644AB93E39CB
S2120E47106CF07C200FCD4FD96D80CC00004A89
S2110E471EB93E396CF07CEDF07E026DF07E3B
S2120E472BECF07E16530DEDF084180242AE181A
S2120E47390240AE16572B2DB9ECF080C30012C0
S2120E4747B746F6236D878300016D8EE38EB7A0
S2120E475546E6F3007C6B40182000BD69F01897
S2120E4763ECF080C30010B746E640C1002732C9
S2120E4771EDF0801802408A1802428CECF080A2
S2120E477FC30010B746E640876C88CD4FD16D4E
S2120E478D86CD000A6D84CD4FC86D8219F018C9
S2110E479B6D804AB591392030EDF080180281
S2120E47A8408A1802428CECF080C30010B74612
S2120E47B6E640876C88CD4FD16D86CD000A6D1D
S2120E47C484CD4FC06D8219F0186D804AB591E7
S2100E47D23919F018B7644AB7B839B74565
S2120E47DE6EF012ECF080C30011B746E640B740
S2110E47EC144AB5BB39B7456EF010ECF080E0
S2120E47F9C30011B746E640B7166D82ECF012FE
S2120E480719F0186D8EE38EA3F0106C80ECF098
S2100E481580C300124AB84639ECF080C38F
S2120E482100121BF0820A1B9018008E0000CCB0
S2110E482F0137ED8E13B746CE00066D8CF6E3
S2120E483C236B87B746B754136C8ACD234D6D8B
S2120E484A80E3806C88EC8CCE46686E80E38031
S2120E4858B746E640B716EE88B761E1001826A2
S2120E48660068EC8ACD234E6D80E3806C86ECE7
S2120E48748CCE46696E80E380B746E640B716D9
S2120E4882EE86B761E1002646EC8ACD234F6D1A
S2120E489080E3806C84EC8CCE466A6E80E380ED
S2120E489EB746E640B716EE84B761E100262454
S2120E48ACEC8ACD23506D80E3806C82EC8CCEB1
S2120E48BA466B6E80E380B746E640B716EE827B
S2120E48C8B761E1002602200CED8E026D8E8D7D
S2120E48D60006182DFF52EC8E871BF0100A1BE4
S20C0E48E49E4A8000394A890D38
S2110E48EC39F6236B87B746CC000613B74689
S2110E48F9CE234DB7646E80E3804A8F8C3957
S2110E49064A97BF391B820A3B1B9EF6236D97
S2110E4913B71603B764876C80EC824A83C328
S2110E4920391B841800AECCCD1800AE3F8CAF
S20E0E492DFC256616532B16582E16A0
S2120E4937527BB7467D2560F62014C10027354C
S2120E4945ED82EE82180202AE180200AE1800C8
S2120E4953AE00001800AE4120EC8AC30004B77A
S2110E496145180202AE180200AE16582E16AD
S2120E496E567D306E40306E4218200059ED8297
S2110E497CEE82180202AE180200AEEC86C3E4
S2110E49890004B745180202AE180200AE1666
S2120E4996567D306E40306E42ED82180242AEF6
S2120E49A4180240AEEC86C3000CB74618024250
S2110E49B2AE180240AE16572B2F17EC82C320
S2120E49BF0008B745ED82180202AE180200AED2
S2120E49CD306E40306E42ED82180242AE180278
S2120E49DB40AEEC86C3000CB746180242AE186D
S2120E49E90240AEEC8AC30004B746180242AE79
S2120E49F7180240AE1800AE00001800AE4120AA
S2120E4A0516576416567D16572B2F17EC82C3C7
S2120E4A130008B745ED82180202AE180200AE7D
S2110E4A21306E40306E42EC824A858F391B97
S20F0E4A2E840A1B9E4A8000394A8A5AF2
S2110E4A3939F6236B87B746CC000613B7463A
S2110E4A46CE234DB7646E80E3804A8F8C3908
S2110E4A534A97BF391B820A3B1B9EF6236D49
S2110E4A60B71603B764876C80EC824A83C3DA
S2110E4A6D391B841800AECCCD1800AE3F8C61
S20E0E4A7AFC256616532B16582E1652
S2120E4A84527BB7467D2560F62014C1002735FE
S2120E4A92ED82EE82180202AE180200AE18007A
S2120E4AA0AE00001800AE4120EC8AC30004B72C
S2110E4AAE45180202AE180200AE16582E165F
S2120E4ABB5676306E40306E4218200059ED8250
S2110E4AC9EE82180202AE180200AEEC86C396
S2110E4AD60004B745180202AE180200AE1618
S2120E4AE35676306E40306E42ED82180242AEAF
S2120E4AF1180240AEEC86C30008B74618024206
S2110E4AFFAE180240AE16572B2C17EC82C3D5
S2120E4B0C000CB745ED82180202AE180200AE7F
S2120E4B1A306E40306E42ED82180242AE180229
S2120E4B2840AEEC86C30008B746180242AE1822
S2120E4B360240AEEC8AC30004B746180242AE2A
S2120E4B44180240AE1800AE00001800AE41205B
S2120E4B5216576416567616572B2C17EC82C383
S2120E4B60000CB745ED82180202AE180200AE2B
S2110E4B6E306E40306E42EC824A858F391B49
S2120E4B7B840A1BF1CFF6236B87B746CC0006D6
S2120E4B89136CF02ACD234E6D80E380B746E601
S2120E4B97406BF02EECF02ACE23536E80E38099
S2120E4BA5B746E6F02E6B40F6236B87B746CC6F
S2120E4BB30006136CF028CD234F6D80E380B7FE
S2120E4BC146E6406BF02DECF028CE23546E80A8
S2120E4BCFE380B746E6F02D6B40F6236B87B7F5
S2120E4BDD46CC0006136CF026CD23506D80E3FA
S2120E4BEB80B746E6406BF02CECF026CE235537
S2120E4BF96E80E380B746E6F02C6B40F6236B1C
S2120E4C0787B746CC0006136CF024CD23526DF4
S2120E4C1580E3806CF022ECF024CE23516E80ED
S2120E4C23E380B746E640B716EEF022B761EB1A
S2120E4C3100B7166DF020ECF024CE23566E80E3
S2120E4C3FE380B746ECF0206B401AF02F1800FC
S2110E4C4D000000CC0137EDF02F13B746CE59
S2120E4C5A00066DF01EF6236B87B746B7541392
S2120E4C686CF01CCD23536D80E3806CF01AECBE
S2120E4C76F01ECE46686E80E380B746E640B768
S2120E4C8416EEF01AB761E100182600D4ECF01A
S2120E4C921CCD23546D80E3806CF018ECF01EE3
S2120E4CA0CE46696E80E380B746E640B716EE47
S2120E4CAEF018B761E100182600ACECF01CCD35
S2110E4CBC23556D80E3806CF016ECF01ECED6
S2120E4CC9466A6E80E380B746E640B716EEF0FB
S2110E4CD716B761E10018260084ECF01CCD27
S2110E4CE423566D80E3806CF014ECF01ECEAF
S2120E4CF1466B6E80E380B746E640B716EEF0D2
S2120E4CFF14B761E100265E72236BF6236B87F8
S2120E4D0DB746CC000613B746CE2351B7646EDB
S2120E4D1B80E380B746CC00016B40F6236B8714
S2120E4D29B746CC000613B746CE2352B7646EBE
S2120E4D3780E380B746CC00006B40F6236B87F9
S2120E4D45B746CC000613B746CE234DB7646EA7
S20E0E4D5380E3804A8F8C394A978859
S2100E4D5D394A97BF39200EEDF02F026D7C
S2110E4D69F02F8D0006182DFEDEEDF02F8DBE
S2120E4D760006182D01201AF02F18000000005F
S2120E4D84CC0137EDF02F13B746CE00066DF0BD
S2120E4D9212F6236B87B746B754136CF010CD8F
S2120E4DA0234D6D80E3806C8EECF012CE4668CE
S2120E4DAE6E80E380B746E640B716EE8EB7610F
S2120E4DBCE100182600CCECF010CD234E6D80D4
S2120E4DCAE3806C8CECF012CE46696E80E380B1
S2120E4DD8B746E640B716EE8CB761E100182619
S2120E4DE600A6ECF010CD234F6D80E3806C8A95
S2120E4DF4ECF012CE466A6E80E380B746E640BE
S2120E4E02B716EE8AB761E10018260080ECF0B7
S2120E4E1010CD23506D80E3806C88ECF012CE31
S2120E4E1E466B6E80E380B746E640B716EE880B
S2120E4E2CB761E1001826005AF6236B87B746CC
S2120E4E3ACC0006136C86CD23526D80E380B737
S2120E4E4846E640876C84EC86CE23516E80E3E1
S2120E4E5680B746E64087B746EE84B7646E8099
S2120E4E64E380830001596C82EDF02FCC0137EF
S2120E4E7213B746CE4789B7646E80E380B74608
S2120E4E80EC826D80E380B746ED401540200EA6
S2120E4E8EEDF02F026DF02F8D0006182DFEE8AB
S2120E4E9C1BF0310A1B98F6236BC100272873F5
S2120E4EAA236BF6236B87B746CC000613B7466F
S2110E4EB8CE234DB7646E80E3804A8F8C3992
S20B0E4EC54A9788394A97BF91
S2100E4ECC39182000ACF6236B87B746CCD6
S2120E4ED8000613B746CE234DB7646E80E380F9
S2120E4EE6B746CC00006B40F6236B87B746CC63
S2120E4EF4000613B746CE234EB7646E80E380DC
S2120E4F02B746CC00006B40F6236B87B746CC46
S2120E4F10000613B746CE234FB7646E80E380BE
S2120E4F1EB746CC00006B40F6236B87B746CC2A
S2120E4F2C000613B746CE2350B7646E80E380A1
S2120E4F3AB746CC00006B401D2572014A9A6EDB
S2110E4F4839180300302570FD25708D000011
S2100E4F5526F8CC00004AA1DF39180086B2
S20D0E4F6100014A8348384A8ECF3F
S2110E4F6A38876C84ED86026D868D00082F4C
S2110E4F77EB180B01237279236C79236D79EC
S2110E4F84236E7923711B880A3B1BF1C34A6E
S2110E4F91882739876CF0371AF039180000A3
S2120E4F9E0000CC0137EDF03713B746CE466C4A
S2120E4FACB7646E80E380B746ECF0396D80E396
S2120E4FBA80B746E6406BF034ECF039CE269308
S2120E4FC86E80E380B746E6F0346B40EDF039AF
S2120E4FD6026DF0398D00142FC1F6236B87B7CF
S2120E4FE446CC0006136CF02CCD23516D80E3E8
S2120E4FF280B746E640C10018230091ECF02C66
S2120E5000CD23526D80E380B746E640876CF0F7
S2120E500E2AECF02CCE23516E80E380B746E6D9
S2120E501C4087B746EEF02AB7646E80E380B784
S2120E502A46CC0015136CF028EDF037CC01378F
S2120E503813B746CE466CB7646E80E380B7465E
S2120E5046ECF0286D80E380B74602E640C120EF
S2120E50542638F6236B87B746CC000613B746F3
S2120E5062CE2351B7646E80E380B746CC0001B5
S2120E50706B40F6236B87B746CC000613B7468A
S2120E507ECE2352B7646E80E380B746CC000099
S2120E508C6B40F6236B87B746CC0006136CF00F
S2120E509A26CD23526D80E3806CF024ECF026BB
S2120E50A8CE23516E80E380B746E640B716EE76
S2120E50B6F024B761EB00C10C2538F6236B878D
S2120E50C4B746CC000613B746CE2351B7646E21
S2120E50D280E380B746CC00016B40F6236B875A
S2120E50E0B746CC000613B746CE2352B7646E04
S2120E50EE80E380B746CC00006B40F6236B873F
S2120E50FCB746CC000613B746CE2351B7646EE9
S2120E510A80E380B746E640C109182600C8F6B8
S2120E5118236B87B746CC000613B746CE23523F
S2120E5126B7646E80E380B746E64087B746CC89
S2110E5134001513C300BD6CF022EDF037CC55
S2120E5141013713B746CE466CB7646E80E38019
S2120E514FB746ECF0226D80E380B74602E640CF
S2120E515DC1202746F6236B87B746CC000613F6
S2120E516BB746CE2352B7646E80E380B7466D0D
S2120E5179F020E6F30020B71602EEF020B76127
S2120E51876B00F6236B87B746CC000613B746B2
S2120E5195CE2351B7646E80E380B746CC00087A
S2120E51A36B402038F6236B87B746CC000613FB
S2120E51B1B746CE2351B7646E80E380B746CC69
S2120E51BF00016B40F6236B87B746CC00061336
S2120E51CDB746CE2352B7646E80E380B746CC4C
S2120E51DB00006B40F6236B87B746CC0006131B
S2120E51E9B746CE2351B7646E80E380B746E617
S2120E51F740C10018260146F6236B87B746CC3D
S2120E5205000613B746CE2352B7646E80E380C3
S2120E5213B746E640C1002748F6236B87B7461F
S2120E5221CC000613B746CE2352B7646E80E35B
S2120E522F80B7466DF01EE6F3001EB71603EEB1
S2110E523DF01EB7616B00F6236B87B746CCEC
S2120E524A000613B746CE2351B7646E80E3807F
S2120E5258B746CC00016B40182000E11AF03B62
S2120E5266180000000BCC0015EDF03B13B746FB
S2120E5274CE01376DF01CEDF037B754136CF00C
S2120E52821ACD466C6D80E380B746ECF01C6DC0
S2120E529080E380B74602E640C120271DECF0F4
S2120E529E1ACD466C6D80E380B746ECF01C6DA4
S2120E52AC80E380B746E640C1202602200CEDB9
S2120E52BAF03B036DF03B8D00002EA6EDF03B94
S2120E52C88D00082F3EF6236B87B746CC0006E9
S2120E52D613B746CE2351B7646E80E380B746FC
S2120E52E4CC00086B40F6236B87B746CC000650
S2120E52F213B746CE2352B7646E80E380B746DF
S2120E5300ECF03B830008876B402039F6236BDB
S2120E530E87B746CC000613B746CE2351B764BB
S2110E531C6E80E380B746ECF03B876B40F6E4
S2120E5329236B87B746CC000613B746CE23522C
S2120E5337B7646E80E380B746CC00006B401A5B
S2110E5345F03B18000000011AF039180000A9
S2120E53520000F6236B87B746CC000613B74650
S2120E5360CE2352B7646E80E380B746E64087D3
S2120E536EB746ECF03B6D80E380B746CC0015DC
S2120E537C136CF018EDF037CC013713B746CE93
S2120E538A466CB7646E80E380B746ECF0186D86
S2120E539880E380B746ECF0396D80E380B746B2
S2120E53A6E6406BF034EDF03BCC001513B74628
S2120E53B4CE2693B7646E80E380B746ECF039D3
S2120E53C26D80E380B746E6F0346B40EDF039B2
S2120E53D0026DF0398D0014182FFF79EDF03BAC
S2120E53DE026DF03B8D0008182FFF631AF03B91
S2120E53EC1800000001F6236B87B746CC0006AD
S2120E53FA13B746CE2352B7646E80E380B746D6
S2120E5408E64087B746ECF03B6D80E380B74675
S2120E5416036DF016EDF037CC013713B746CE09
S2120E54244768B7646E80E380B746ECF0166DF0
S2120E543280E380B746E640C10018270337F623
S2120E5440236B87B746CC000613B746CE235214
S2120E544EB7646E80E380B746E64087B746EC3E
S2120E545CF03B6D80E380830001596CF014ED7A
S2120E546AF037CC013713B746CE4773B7646ED5
S2120E547880E380B746ECF0146D80E380B746F6
S2120E54861AF033180240001AF0301808000113
S2120E54941AF03118000000011AF03918000048
S2120E54A200001AF02E1800000000182002154A
S2120E54B0F6236EC100182600A5F6236CC1006A
S2120E54BE1827009CF6236B87B746CC00061305
S2120E54CCB746CE2351B7646E80E380B746E631
S2110E54DA4087ACF03B1826007BEDF02E8DC3
S2110E54E7000018260071F6236B87B746CC22
S2120E54F4000613B746CE2352B7646E80E380D2
S2120E5502B746E64087B746ECF03B6D80E3807A
S2120E5510B746036DF012EDF037CC013713B729
S2120E551E46CE4768B7646E80E380B746ECF064
S2120E552C126D80E380B746E64087B746036DE5
S2120E553AF010EDF03BCC001513B746CE2693C0
S2120E5548B7646E80E380B746ECF0106D80E31D
S2120E555680B746CC003E6B40F6236E87ACF058
S2120E5564311826009BF6236B87B746CC000642
S2120E557213B746CE2351B7646E80E380B7465D
S2120E5580E64087ACF03B1826007AEDF02E8D36
S2110E558E000018260070F6236B87B746CC7B
S2120E559B000613B746CE2352B7646E80E3802A
S2120E55A9B746E64087B746ECF03B6D80E380D3
S2120E55B7B746036D8EEDF037CC013713B746B0
S2120E55C5CE4768B7646E80E380B746EC8E6DF8
S2120E55D380E380B746E64087E3F039B746031E
S2120E55E16D8CEDF03BCC001513B746CE269320
S2120E55EFB7646E80E380B746EC8C6D80E3806A
S2120E55FDB746CC003E6B40ECF033C30011B741
S2110E560B46E640C1002D07ECF0334A858FB1
S2110E561839ECF033C30012B746ECF02E6DE1
S2120E562580E380B746E640C1001827009DF6CB
S2120E5633236B87B746CC000613B746CE23521F
S2120E5641B7646E80E380B746E64087B746EC49
S2120E564FF03B6D80E380B746036D8AEDF037B4
S2120E565DCC013713B746CE4768B7646E80E3AF
S2120E566B80B746EC8A6D80E380B746E6408731
S2120E5679E3F0396C88EDF03BCC001513B74607
S2120E5687CE2693B7646E80E380B746EC886D31
S2120E569580E380B7466D86ECF033C30012B786
S2120E56A345ECF02E6E80E380B746E640B71656
S2120E56B1EE86B7616B00EDF039026DF039ED46
S2120E56BFF02E026DF02EEDF0398D0014182F21
S2110E56CDFDE1ECF033C30020B746ED408D36
S2120E56DA00001827008AEDF03319E8201AF0AB
S2120E56E83318024000F6236B87B746CC00063A
S2120E56F613B746CE2352B7646E80E380B746D7
S2120E5704E64087B746ECF03B6D80E380B74676
S2110E5712036D84EDF037CC013713B746CE8D
S2120E571F4768B7646E80E380B746EC846D80F4
S2120E572DE380B746E64087E3F0396C82EDF077
S2120E573B3BCC001513B746CE2693B7646E8091
S2110E5749E380B746EC826D80E380B746CC59
S2120E575600206B40EDF039026DF039EDF031AB
S2120E5764026DF031200369F030E6F030C10021
S2120E57721826FD2EEDF03B026DF03B8D000866
S2120E5780182FFC6D1BF03F0A1B9EF6236B8740
S2120E578EB746CC000613B746CE2351B7646E50
S2120E579C80E380B746E64087B746CC0015136E
S2120E57AAB746CE2693B7646E80E380B746CC25
S2110E57B8003E6B401B820A1B954A9A1B3959
S2120E57C5180303102807180B08280979280B5E
S2110E57D3180B02280C180B4D280D180B6530
S2120E57E0280E180B6E280F180B752810180BB7
S20E0E57EE3A2811792812CC28074A33
S2100E57F894E73887C1002607CC88014ACB
S20E0E5804A21738180300002570FDE9
S2120E580E25708D000026F81800850000180381
S2110E581C03102807180B07280979280B79AA
S2110E5829281118008700004A834838180022
S2120E5836890000CC0015ED8513B746CE2693DE
S2120E5844B7646E80E380B746EC87E3896D800E
S2120E5852E380B746E6406B82EC89CE280C6EDD
S2120E586080E380B746E6826B40ED89026D89C6
S2110E586E8D00042FC6CC28074A94E7388715
S2110E587BC1002607CC88014AA21738180374
S2110E588800042570FD25708D000026F84AE0
S2110E58958ECF38876C83EC87C300056C87BA
S2110E58A28C000F182FFF874A8ECF38ED852D
S2120E58AF026D858D0008182FFF61180303107A
S2110E58BD2807180B03280979280B180B0373
S20D0E58CA280C79280DCC28074A9B
S2100E58D394E73887C1002607CC88014AEF
S20E0E58DFA21738180300002570FD0E
S20E0E58E925708D000026F81B8B0AB2
S2120E58F33B1B9C180303102807180B082809E9
S2120E5901180B21280B180B02280C180300009A
S2120E590F2869FC2869CD280D6D80E380B7460A
S2120E591DFC2869E384B745E6006B40FD28695A
S2110E592B027D2869FD28698D00052FDACC57
S2100E593828074A94E73887C1002607CCE3
S2110E594488014AA21738180300002570FDD2
S2120E595125708D000026F8180B21280B180363
S2120E595F000628692069FD28698D001B2D04A0
S2120E596D1820006E18030000286BFC286BCD69
S2120E597B280C6D80E380B746FC2869F3286B77
S2110E5989E384B745E6006B40FD286B027DFB
S2120E5996286BFD286B8D00062FD7CC28074AEF
S2100E59A494E73887C1002607CC88014A1D
S20E0E59B0A21738180300042570FD38
S2100E59BA25708D000026F84A8ECF38FCB3
S2110E59C62869C300077C2869EC844AB7B830
S2110E59D3396C82FD2869AD821825FF8618F6
S2110E59E00303102807180B032809180B21C7
S20F0E59ED280B180B03280C79280DCC95
S2100E59F828074A94E73887C1002607CC23
S2110E5A0488014AA21738180300002570FD11
S2120E5A1125708D000026F81B860A180303105B
S2110E5A1F2807180B08280979280B180B020B
S2120E5A2C280C180B48280D180B6F280E180B9A
S2120E5A3A6D280F180B652810180B3A28111839
S20E0E5A480B032812CC28074A94E739
S2100E5A523887C1002607CC88014AA21730
S2110E5A5E38180300002570FD25708D000021
S2120E5A6B26F80A1B9019846D8218008403100C
S2120E5A791808860869881808890218088A43D5
S2120E5A8718088B6C18088C7218088D3A1808C2
S2110E5A958E03698F1984B7644A94E738872C
S2110E5AA2C1002607CC88014AA2173818034B
S2120E5AAF00002570FD25708D000026F81BF0F9
S2120E5ABD100A1B93F621F4C163260579286D98
S2120E5ACB2005180B01286DF62372C100272C3D
S2120E5AD9F621F4C1632625792372CD000B6DDF
S2100E5AE782CD28726D80CC22714AB7DD8D
S20F0E5AF3398C000027044AA206394A30
S20A0E5AFEA054394AA090E8
S2100E5B0439F62897B714B710F62896BC92
S2120E5B102573270DF62897B714B710F62896AD
S2120E5B1E7C25731F289B08022004182001BC4D
S2120E5B2CFC279B8400C4FFB746F6289C87B75E
S2120E5B3A456D84AE84182601A5FC279B84FFBD
S2120E5B48C400B746C7B6289DB7456D84AE841A
S2120E5B561826018EF62572C5011826018579D1
S20D0E5B64289B79289C79289DFCEB
S2120E5B6D279B8400C4FF7B2899FC279B84FF91
S2120E5B7BC400B701877B289A1C000004180190
S2120E5B89AE22A51801AE22A31800AE0000181C
S2110E5B9700AE400016572B2607CC00014A24
S2100E5BA4A10C38180304212807180B0269
S20D0E5BB02809F6279C7B280BFC45
S2100E5BB9279BB701877B280CCC28074AD8
S2100E5BC594E73887C1002607CC88014AFA
S20E0E5BD1A21738180301E825661D1A
S2110E5BDB289501180300612570FD25708DBC
S2110E5BE8000026F81C287E014A8ECF3818C5
S2120E5BF50300612570FD25708D000026F879E0
S2120E5C03236BF6236B87B746CC000613B74608
S2120E5C11CE234DB7646E84E384B746CC0000F7
S2120E5C1F6B40F6236B87B746CC000613B746CF
S2120E5C2DCE234EB7646E84E384B746CC0000DA
S2120E5C3B6B40F6236B87B746CC000613B746B3
S2120E5C49CE234FB7646E84E384B746CC0000BD
S2120E5C576B40F6236B87B746CC000613B74697
S2120E5C65CE2350B7646E84E384B746CC0000A0
S2120E5C736B40F6236B87B746CC000613B7467B
S2120E5C81CE2351B7646E84E384B746CC000182
S2120E5C8F6B40F6236B87B746CC000613B7465F
S2120E5C9DCE2352B7646E84E384B746CC000066
S2110E5CAB6B401C257201F6236B87B746CCA6
S2120E5CB8000613B746CE234DB7646E84E38403
S20B0E5CC64A8F8C394A9788BD
S20E0E5CCD39180B01280679286E79A7
S2120E5CD72871792870180BFF286FCC00014A32
S2110E5CE5A1DF39F6286EC10018270090FCCE
S2120E5CF225738400C4018C0000270EF6287160
S2120E5D00C1002607180B0128712016F6287112
S2120E5D0EC1FF260FFC25738400C4018C000016
S2110E5D1C2603792871FC25738400C4028CC2
S2120E5D290000270EF62870C1002607180B0184
S2120E5D3728702016F62870C1FF260FFC257366
S2110E5D458400C4028C00002603792870FC32
S2120E5D5225738400C4048C0000270EF6286FFE
S2120E5D60C1002607180B01286F2016F6286FB6
S2120E5D6EC1FF260FFC25738400C4048C0000B3
S2110E5D7C260379286FFD25668D000018267B
S2120E5D8900DEF6286DC100270C1800864418A2
S2120E5D971800889680200A180086437418009E
S2110E5DA5882400EC883BEC883B16527B7C75
S2120E5DB22566180B01286E1F257201022004AE
S2120E5DC018200068F62871C1002709180BFF80
S20B0E5DCE28714A835639F6D0
S2120E5DD52870C1002709180BFF28704A82E9B5
S2100E5DE339F6286FC101260F180301E8E0
S20D0E5DEF25664A8B7D39180BFF60
S2120E5DF8286FF62806C100272BF6236B87B7FA
S2120E5E0646CC000613B746CE234DB7646E8408
S2110E5E14E3844A8F8C39F6236CC1002604F9
S20B0E5E214A9788394A97BF25
S2100E5E2839792806F62806C10027361F1A
S2120E5E342572012AF6236B87B746CC0006139E
S2120E5E42B746CE234DB7646E84E3844A8F8C2B
S20F0E5E5039F6236CC10026044A978822
S20C0E5E5B394A97BF3920044AAC
S20B0E5E639A6E397928061F1E
S2120E5E6A25720105CC00012003CC00001B8D16
S2120E5E780A3B1B820A1BF1721800840000F60D
S2100E5E860800C1FF26084AA0903918201C
S2110E5E920152CC08004AB7B8398C008023A8
S2120E5E9F1C180886FFCD08006D8219866D80D1
S20E0E5EADCC00014A8517384A85001E
S2110E5EB7381820012ACD00826D82CD08001D
S2110E5EC46D801986B7644AB84639CD4FD9A1
S2110E5ED16D801986B7644AB93E396CF08CA8
S2120E5EDECD224F6DF08A182000BCECF08C4AD8
S2110E5EECB7B8398C000C231C180886FFCDA5
S2120E5EF908006D8219866D80CC00014A851752
S2100E5F07384A850038182000D6CD000C55
S2110E5F136D82EDF08C6D80ECF08A4AB8467B
S2100E5F2039CD4FD96D80CC00004AB93E3A
S2110E5F2C396CF08C8C000018260064EC8496
S2120E5F39C300806C84C30800B746E640C10065
S2120E5F47260418200061EC84C308004AB7B882
S2110E5F55398C0080231C180886FFCD08002E
S2110E5F626D8219866D80CC00014A851738B9
S2110E5F6F4A8500381820006FCD00826D8226
S2120E5F7CEC84C308006C801986B7644AB846DB
S2110E5F8A39CD4FD96D801986B7644AB93EE1
S2110E5F97396CF08CECF08AC300226CF08A98
S2120E5FA4CD233DADF08A1824FF3ACD223D6D7A
S2110E5FB2F0882017CD00006D80ECF0884AB8
S2110E5FBF83C3391B84ECF088C300226CF0FF
S2120E5FCC88CD232BADF08824E1CD000B6D8220
S20F0E5FDACD22716D80CC28724AB846AE
S2110E5FE5391BF08E0A1BF17A19F084180095
S2120E5FF2400B10E6F30084876C808C00302D7A
S2120E60004FED808D00392E48EDF084180D40C1
S2120E600E220BEDF08402180D40220CECF084EE
S2120E601CC30002B746180D40220DECF084C3EA
S2110E602A0003B746180D40220EECF084C39E
S2110E60370004B746180D40220FECF084C38F
S2120E60440005B746180D4022107922111BF0EB
S2120E6052860A1B98F60B10876C848C00302D79
S2120E606017ED848D00392E10F6220BC130255A
S2120E606E09F6220BC13922022015CD220B6D2B
S2120E607C86CD0B106D82ED866D80CC00074A29
S2110E608A8517381B880A1BF16919F093184C
S2120E60970040000018008F0000698E198E6DF6
S2120E60A58CCD224F6DF095182000A3ECF095D2
S2110E60B34AB7B839B7456E8AECF093E38A0B
S2120E60C0B746028D0080241CEDF0956D84CD43
S2120E60CE4FBC6D82ECF09319F0116D86E386D2
S2110E60DC6C804AB591392011ECF09319F046
S2120E60E9106D86E386B746CC00006B40ECF0DA
S2110E60F7954AB7B839B7456E88ECF093E3BE
S2120E610488B746026DF0938D007F2F3AEC8F13
S2120E6112C308006C8219F0116D80CC00804A16
S2110E6120851738EC8FC300806C8FEDF09560
S2110E612D6D84CD4FBC6D8219F0116D804A49
S20D0E613AB59139ECF0954AB7B8A0
S2110E614339B746026DF093ECF095C30022BE
S2120E61506CF095CD233DADF0951824FF53EC64
S2120E615EF09319F0106D86E386B746CC00005F
S2120E616C6B40EC8FC308006C8219F0116D802C
S2110E617ACC00804A851738EC8FC308806C69
S2110E618782ED8C6D80CC00014A851738CD58
S2110E6194000B6D82CD22716D80CC28724AF4
S20B0E61A1B846391BF0970A01
S10D4F924A9A6E39180BFF224F4AA9
S1094F9CA090394A8500D3
S1084FA238CC00003DC5
S2120E61A83BED80EC873BEC873B306E40306E56
S2110E61B642EC804A858F391B820A3B1B9EE9
S2110E61C3ED876D80EC82C30012165257CD8C
S2110E61D000006D80EC824A83C3391B841BD1
S2120E61DD840A3B180302002807180B01280937
S20F0E61EB180D81280BCC28074A94E7FD
S2100E61F63887C1002607CC88014AA21785
S2110E6202381B820A180302A12807180B038A
S20F0E620F280979280B79280C180BFFC5
S20C0E621A280DCC28074A94E774
S2100E62223887C1002607CC88014AA21758
S2110E622E380A3B1BF1E3EDF0226D80198659
S2120E623BB764165257EDF01D8D000026044A6D
S20D0E6249A2A739ECF0224AB7B800
S2110E6252396C848C001424251AF01B1802DB
S2120E625F84002014CD4FD16D801986B7644A88
S2110E626DB6CD39EDF01B026DF01BEDF01BEB
S2120E627A8D00142DE4CC001519866D80EDF007
S2120E62881D13B746CE2693B7646E82E38216BB
S2110E62965257E6F025C10027044A97BF397F
S2120E62A31BF01F0A1B981800860000CC001574
S2120E62B1CD4FA76D82ED8613B746CE2693B759
S2110E62BF646E84E3846C804AB59139ED86DA
S20F0E62CC026D868D000C2DDA1B880A72
S1114FA7202020202020202020202020202038
S1114FB52020202020200025732C00252A73A4
S1114FC3252E2A6600252A7325232E2A660031
S10D4FD12000252A732573002C002C
S105619F4300B7
S10561A11000E8
S10561A3910164
S10561A50F00E5
S10561A74F188B
S10561A91000E0
S10561AB0400EA
S10561AD0000EC
S10561AF43188F
S10561B11001D7
S10561B353543F
S10561B552434F
S10561B7431887
S10561B91002CE
S10561BB0200DC
S10561BD0100DB
S10561BF43187F
S10561C11003C5
S10561C30000D6
S10561C50100D3
S10561C7431877
S10561C91004BC
S10561CBFFFFD0
S10561CDFFFFCE
S10561CF4F1863
S10561D12000A8
S10561D30300C3
S10561D50000C4
S10561D7431867
S10561D920019F
S10561DB41532A
S10561DD450176
S10561DF43185F
S10561E1200296
S10561E3504F17
S10561E5434D24
S10561E7431857
S10561E920038D
S10561EB20008E
S10561ED0100AB
S10561EF4F104B
S10561F1210087
S10561F30400A2
S10561F50000A4
S10561F743104F
S10561F921017E
S10561FB43411A
S10561FD4D450A
S10561FF431047
S1056201210274
S1056203524102
S1056205202053
S105620743103E
S105620921036B
S105620B20204D
S105620D20204B
S105620F431036
S1056211210462
S1056213202045
S1056215203231
S105621757FF2B
S1056219FFFF81
S105621BFFFF7F
S105621DFFFF7D
S2120E22173B1B820A180B01003C20FE0A1B938E
S2120E22251410698C2013CD287EE68C876D8AE9
S2120E2233E38AB746CC00006B40628CE68CC188
S2120E22413025E7CD00006D82CD00216D80CCDD
S2100E224F007D4A8C2538CD00186D84CD1D
S2110E225B00036D82CD01806D80CC00024A1E
S2110E22688CEC38CD001B6D84CD00026D820F
S2110E2275CD00006D80CC00034A8CEC38CDF9
S2120E2282001D6D84CD00056D82CD00006D80B2
S2110E2290CC00044A8CEC38CD00006D88CDD5
S2120E229D00016D86CD00646D84CD00006D824E
S2110E22ABCD02006D80CC00014A8DB5381BAB
S2060E22B88D0A7A
S104621F0872
S2120E22BA1B9A698569821800AE00001800AEE9
S2120E22C84480EC8F3BEC8F3B16582E1800AE63
S2120E22D600001800AE40A016576416527B6C21
S2120E22E4838C04002F051800830400EC83592B
S2120E22F2596B82CE0006EC831652666B850D77
S2120E230085100D8520E68287B7466D80E68531
S2110E230E874AA316381B860A3B1B9CE68AE0
S2110E231B87B7466D82E68587B7466D80F65D
S20E0E232823F3874A8272381B860ADA
S10462200079
S111622100000000000000000000000000006B
S111622F00000000000000000000000000005D
S111623D00000000000000000000000000004F
S111624B000000000000000000000000000041
S1116259000000000000000000000000000033
S1116267000000000000000000000000000025
S1116275000000000000000000000000000017
S1116283000000000000000000000000000009
S11162910000000000000000000000000000FB
S104629F00FA
S10462A000F9
S10462A101F7
S10462A200F7
S2120E23323B1B9AF62895878400C4FC47564738
S2110E2340566B83C10018270128792895F6E4
S2120E234D2474C10018270083E683F12475263B
S2120E235B451800840000EC84CD28966D80E3B5
S2110E236980B746E6406B82E68387B745CC0C
S2120E23760007B75613830007E384E386B746C8
S2120E2384E6826B40ED84026D848D00072DCF31
S2110E2392722475F62476CB077B2476182071
S2120E239F00D00F832024792474180B012475A9
S2120E23ADE6838784FFC4DFB746F62476876D78
S2120E23BB80E3807B2476F6247687182000AB0F
S2110E23C9792474180B0124757924761820DB
S2120E23D60099E683C1012647180B01247418E1
S2120E23E40B022475180B0724761800840000D2
S2120E23F2EC84CD28966D80E380B746E6406BF1
S2110E240082E68387B745CC0007B7561383D8
S2120E240D0007E384E386B746E6826B40ED8456
S2120E241B026D848D00072DCF204C0F83203DC2
S2110E2429E683C4DF7B2476792474180B013D
S2120E243624751800840000EC84CD28966D8068
S2120E2444E380B746E640B716EC84E386B7454F
S2120E2452B7616B00ED84026D848D00072DDDE4
S2120E2460F6247687200E792474180B01247548
S2120E246E792476CC00001B880A3B1BF1EFEC9F
S2120E247CF01659596CF0161AF011180200845C
S2120E248A180886086987E6F0176B8869F0104A
S2120E24982032E6F01087ACF01A2C10E6F0108C
S2120E24A687E3F018B746E640876C82200518CE
S2120E24B4008200001989E6F010876D80E38026
S2120E24C2B746EC82876B4062F010E6F010C153
S2110E24D00725C71984B7644A94E73887C1FC
S2110E24DD002607CC88014AA217381BF01304
S2050E24EA0AD4
S10B4FDB0000000000000000CA
S2120E24EB3B1BF1DC19F017180040000119F02B
S2120E24F9151800400200CD4FDB1A8DCC0004E5
S2120E2507180271310434F918008B00001AF019
S2120E251520180000000069F0221820009DE637
S2110E2523F02287B746ECF0296D86A3868C55
S2120E253000072C18E6F02287B746ECF0296D51
S2120E253E86A3866CF020C300206CF0172008D3
S2120E254C1AF02018000000061AF019180800E3
S2120E255A2169F023202BE6F02387B746E6F025
S2120E256822876D86E386E3F024B746E6406BC8
S2120E25768A1AF01AE6F023876E86E386B746BC
S2120E2584E68A6B4062F023E6F02387ACF0206A
S2120E25922DCCEDF020026D8419F0196D821915
S2120E25A0F01718024088ED88026DF017ED88D1
S2110E25AE6D80ECF0154AA47738E6F022CBCF
S2110E25BB066BF022E6F02287ACF029182DF4
S20A0E25C8FF581BF0260A68
S10562A3523F64
S10562A5523869
S10562A7522C73
S10562A952217C
S10562AB521883
S10562AD520E8B
S10562AF520493
S10562B151FA9C
S1114FE3060609060506060609060507060C5D
S1114FF10C0005010606060005020606060071
S1114FFF050406060600050506060600050361
S109500D00000600050B83
S10562B351F3A1
S10562B551ECA6
S10562B751E2AE
S10562B951DBB3
S10562BB51D5B7
S10562BD51CEBC
S10562BF51C7C1
S10562C151BDC9
S10562C351B6CE
S10562C551B0D2
S10562C751A9D7
S10562C9519CE2
S10562CB519CE0
S10562CD519BDF
S10562CF5195E3
S10562D1518EE8
S10562D35187ED
S10562D55187EB
S10562D7519BD5
S10562D95181ED
S10562DB517AF2
S10562DD5173F7
S10562DF516CFC
S10562E1519BCB
S10562E35166FE
S10562E5515F03
S10562E7515808
S10562E951510D
S10562EB519BC1
S10562ED514B0F
S10562EF514414
S10562F1513D19
S10562F351361E
S10562F5519BB7
S10562F7513020
S10562F9519BB3
S10562FB519BB1
S10562FD512921
S10562FF519BAD
S1056301512322
S1056303000094
S2120E25CE3BED808D00002708FC24D7E3807CB2
S2120E25DC24D7FD24D78D00002C081803000708
S2120E25EA24D7200EFD24D78D00082D061803CC
S20E0E25F8000024D7FC24D71B820A2D
S1115013312020202032202020203420202094
S111502120382020202031352020203330205C
S111502F20203630202020393020202031303F
S111503D30202031323520203138302020320E
S111504B353020203335302020353030202001
S11150593732352020313030302031353030C0
S11150672032303030203330303020343030BE
S11150753020363030302031303030303230A0
S11150833030300031392031362031342031C4
S11150913120392E36382020362E3836202095
S111509F352E34342E38342E32332E38332E40
S11150AD34322E38322E34322020312E36008A
S10463050093
S10463060092
S10463070091
S105630801246A
S2120E2602180B0124DBCC00000A1B9CCD000931
S2110E26106D82CD51196D80CC20B14AB657A3
S2110E261D391803000021011C00CB801803A5
S2120E262A1388256C1803006124DCFD24DC8D5D
S20B0E2638000026F81B840AC1
S10550BB0005EA
S105630AFFFF8F
S105630CFFFF8D
S2120E263F1B9EFD24DE8DFFFF2708FD24DEBD4C
S2120E264D24E02F0718008000012005180080DC
S2120E265B0000EC801B820A1B9EFD50BB03BDCA
S2120E266924E0260718008000012005180080C9
S2110E26770000EC801B820A3B1B9A4AA662EE
S2100E2684388C00002702204CFD24DE8D52
S2120E2690FFFF26061803000024DEFD24E002DF
S2120E269E7D24E0CC000DCD000C6D82ED866D19
S2120E26AC80FD24E013B746CE28BAB7646E84BF
S2110E26BAE3844AB65739CC000DFD24E0131C
S2120E26C7B746CE28C6B7646E84E384B746E6E2
S2120E26D58C6B401B880A1B9AF600CB51C480F5
S2110E26E3C100182700A34AA63F388C000041
S2120E26F0270418200096CD000C6D82CD00003B
S2110E26FE6D80CC20B14AB69B39CC000DCDB8
S2120E270B000C6D82FD24DE13B746CE28BAB73C
S2110E2719646E84E3846C80CC20B14AB65703
S2110E272639CC000DCD000C6D82CD00006D7F
S2120E273380FD24DE13B746CE28BAB7646E8439
S2110E2741E3844AB69B39CC000DFD24DE1352
S2120E274EB746CE28C6B7646E84E384B746E65A
S2110E275C40877C28FBFD24DE027D24DEFD7A
S2120E276924DEBD24E02F0C1803FFFF24DE181E
S2120E277703FFFF24E01803000021011C00CB18
S2120E27858018031388256C1B860A3B1BF1E496
S2110E2793CD0000EEF021B7616B00180B01B3
S2120E27A028FD18030000256CFD28FB8D00009A
S2120E27AE18270AC4F62019C19018260ABBF684
S2120E27BC201AC15018260AB2FD28FB8D000109
S2110E27CA2768FD28FB8D00021827008AFDEB
S2110E27D728FB8D0003182700ACFD28FB8D97
S2120E27E40004182702C4FD28FB8D00051827DA
S2110E27F201CBFD28FB8D000618270342FDC7
S2110E27FF28FB8D0007182704F8FD28FB8D1B
S2120E280C0008182708F6FD28FB8D0009182771
S2110E281A0918FD28FB8D000A182709A2FDDF
S2120E282728FB8D000B18270A2A18200A3CF6EE
S2120E2835201BC102260CCD51156D80ECF02135
S2110E28434AB6CD39F6201BC10318260A2012
S2110E2850CD51106D80ECF0214AB6CD391832
S2120E285D200A10F6201BC100260CCD51156D5C
S2110E286B80ECF0214AB6CD39F6201BC103D5
S2110E2878182609F4CD51106D80ECF0214AA3
S2110E2885B6CD39182009E4F6201D87B7469B
S2120E2892CC001013B746F6201E87B745B76467
S2120E28A06E88E3881656453A6CF0183A6CF0C1
S2120E28AE18ECF0183BECF0183B1800AE0000CD
S2110E28BC1800AE00001653B027022025CDE2
S2120E28C90020EEF021B7616B00CD002DEEF074
S2120E28D72108B7616B00ECF021C30002B74576
S2120E28E5C6336B00182000AACD0020EEF021A0
S2110E28F3B7616B00ECF0183BECF0183BCC18
S2110E290000021654471800AE00041800AE74
S2120E290D00001653E43A6CF0183A6CF018EC14
S2120E291BF0183BECF0183B1800AE000A180041
S2120E2929AE00001654B61800AE00301800AE03
S2120E293700001653CF1B8231B76487B746EEEC
S2120E2945F02108B7616B00ECF0183BECF018B2
S2120E29533B1800AE000A1800AE00001654CB5D
S2120E29611800AE00301800AE00001653CF1B46
S2120E296F8231B76487B746ECF021C30002B77C
S2120E297D45B7616B00EDF02102E640C1302634
S2120E298B0BCD0020EEF02108B7616B00ECF0CD
S2120E299921C30003B745C6646B00ECF021C3E5
S2120E29A70004B745C6426B00ECF021C30005D7
S2120E29B5B745C6006B00182008B1F6201D8729
S2120E29C3B746CC001013B746F6201E87B74553
S2120E29D1B7646E88E3881656453A6CF0183AD0
S2120E29DF6CF018ECF0183BECF0183B1800AE3F
S2120E29ED00001800AE00001653B02702201091
S2110E29FBCD51086D80ECF0214AB6CD39188E
S2120E2A08200865ECF0183BECF0183B1800AEFC
S2120E2A1600011800AE00001653B0182D084C26
S2110E2A24CD51026D80ECF0214AB6CD39EC96
S2120E2A31F021C30007B745C6006B00ECF0217F
S2120E2A3FC30006B745C6006B001AF01A180044
S2120E2A4D0000001800AE00031800AE0000ECED
S2110E2A5BF01C3BECF01C3B16547D1800AE34
S2120E2A6800031800AE00001653E4ECF01E1627
S2120E2A7656451653CF1B8231CE5087B7646E70
S2120E2A8488E388B746E640B716ECF01AE3F085
S2120E2A9221C30002B745B7616B00EDF01A02C5
S2120E2AA06DF01A8D0002182FFFA6182007C222
S2110E2AAEF6201D87B746CC001013B746F66F
S2120E2ABB201E87B745B7646E88E3881656450C
S2120E2AC93A6CF0183A6CF018CD50F96D80ECA1
S2100E2AD7F0214AB6CD391AF01A1800008D
S2120E2AE300001800AE00051800AE0000ECF065
S2110E2AF11C3BECF01C3B16547DECF01E1644
S2120E2AFE56451653CF1B8231CE5013B7646E5C
S2120E2B0C88E388B746E640B716ECF01AE3F0FC
S2120E2B1A21C30003B745B7616B00EDF01A023B
S2120E2B286DF01A8D00042FB5ECF021C30008D8
S2120E2B36B745C6006B0018200730F6201C8729
S2120E2B44B746CC010013B7466D8CF6201B87E5
S2120E2B52B745CC1000B75613B746EE8CB764D8
S2120E2B606E88E388B7466D8AF6201D87B74549
S2120E2B6ECC0010B75613B746EC8A6D88E38877
S2120E2B7CB746F6201E87B745B7646E88E38808
S2120E2B8A1656453A6CF0183A6CF0181800AE57
S2120E2B9807031800AE3BB4ECF01C3BECF01C32
S2120E2BA63B16535116582E1800AE000018009F
S2120E2BB4AE412016567D16528E3A6CF0183A2A
S2120E2BC26CF018CD0020EEF021B7616B00EC23
S2120E2BD0F0183BECF0183B1800AE0064180030
S2120E2BDEAE00001653B0182D0088CD0020EE67
S2120E2BECF02108B7616B00ECF0183BECF01809
S2120E2BFA3B1800AE00641800AE00001654B66F
S2120E2C081800AE00301800AE00001653CF1B9C
S2120E2C168231B76487B746ECF021C30002B7D2
S2120E2C2445B7616B00ECF0183BECF0183B1851
S2120E2C3200AE000A1800AE00001654B61800CB
S2120E2C40AE000A1800AE00001654CB1800AEFA
S2120E2C4E00301800AE00001653CF1B8231B7B2
S2120E2C5C6487B746ECF021C30003B745B76198
S2120E2C6A6B0018200074ECF0183BECF0183BD4
S2120E2C781800AE000A1800AE00001654B6186D
S2120E2C8600AE00301800AE00001653CF1B82B4
S2120E2C9431B76487B746EEF02108B7616B00C5
S2120E2CA2ECF021C30002B745C62E6B00ECF018
S2120E2CB0183BECF0183B1800AE000A1800AEEB
S2110E2CBE00001654CB1800AE00301800AE05
S2120E2CCB00001653CF1B8231B76487B746EC57
S2120E2CD9F021C30003B745B7616B00ECF02187
S2110E2CE7C30004B745C6786B00ECF021C3A1
S2120E2CF40005B745C6006B00182005701800C8
S2110E2D02AE10001800AE0000F6201B87165F
S2110E2D0F564516547D1800AE01001800AE95
S2110E2D1C0000F6201C8716564516547D1630
S2110E2D2953CF1800AE00101800AE0000F6D6
S20E0E2D36201D8716564516547D160E
S20E0E2D4053CFF6201E8716564516D2
S2110E2D4A53CF3A6CF0183A6CF0181800AE25
S2120E2D57FFFF1800AE0000ECF01C3BECF01C6C
S2120E2D653B1653E43A6CF0183A6CF018180051
S2120E2D73AEB7171800AE38D1ECF01C3BECF0E5
S2120E2D811C3B16535116582E306E86306E863C
S2110E2D8F180080402D180082F84D4AB3E75C
S2100E2D9C393A6CF0103A6CF0101800AECD
S2120E2DA800001800AE42C81800AEA36E18004B
S2120E2DB6AE3E01ECF0183BECF0183B16582E15
S2120E2DC41800AE28F61800AE3EDC1656761632
S2120E2DD2582E16528E3A6CF0183A6CF018EC1C
S2120E2DE0F0183BECF0183B1800AE0001180081
S2120E2DEEAE00001653B02C3DCD0020EEF021A8
S2120E2DFCB7616B00CD0020EEF02108B7616BBC
S2120E2E0A00ECF021C30002B745C6316B00EC9B
S2120E2E18F021C30003B745C6436B00ECF02155
S2120E2E26C30004B745C64D6B00182002B9EC6B
S2120E2E34F0183BECF0183B1800AE000A180023
S2120E2E42AE00001653B0182C005ACD0020EE2F
S2120E2E50F021B7616B00CD0020EEF02108B722
S2120E2E5E616B00ECF0183BECF0183B1800AE63
S2120E2E6C00301800AE00001653CF1B8231B792
S2120E2E7A6487B746ECF021C30002B745B76179
S2120E2E886B00ECF021C30003B745C6436B008B
S2120E2E96ECF021C30004B745C64D6B001820A5
S2110E2EA40246ECF0183BECF0183B1800AEA2
S2120E2EB100641800AE00001653B0182C008EEB
S2120E2EBFCD0020EEF021B7616B00ECF0183B54
S2120E2ECDECF0183B1800AE000A1800AE00001F
S2120E2EDB1654B61800AE00301800AE000016E4
S2120E2EE953CF1B8231B76487B746EEF0210832
S2120E2EF7B7616B00ECF0183BECF0183B1800C1
S2120E2F05AE000A1800AE00001654CB1800AE32
S2120E2F1300301800AE00001653CF1B8231B7EA
S2120E2F216487B746ECF021C30002B745B761D1
S2120E2F2F6B00ECF021C30003B745C6436B00E3
S2120E2F3DECF021C30004B745C64D6B001820FD
S2110E2F4B019FECF0183BECF0183B1800AEA2
S2120E2F5803E81800AE00001653B0182C009BAF
S2120E2F66CD0020EEF021B7616B00ECF0183BAC
S2120E2F74ECF0183B1800AE00641800AE00001D
S2120E2F821654B61800AE00301800AE0000163C
S2120E2F9053CF1B8231B76487B746EEF021088A
S2120E2F9EB7616B00ECF021C30002B745C62EDD
S2110E2FAC6B00ECF0183BECF0183B1800AE76
S2110E2FB9000A1800AE00001654B61800AE42
S2110E2FC6000A1800AE00001654CB1800AE20
S2120E2FD300301800AE00001653CF1B8231B72A
S2120E2FE16487B746ECF021C30003B745B76110
S2120E2FEF6B00ECF021C30004B745C64D6B0018
S2120E2FFD182000EBECF0183BECF0183B18001A
S2110E300BAE0DAC1800AE00001653B0182C1B
S2120E30180099CD0020EEF021B7616B00ECF0B3
S2120E3026183BECF0183B1800AE03E81800AE90
S2110E303400001654B61800AE00301800AEA0
S2120E304100001653CF1B8231B76487B746EEDB
S2120E304FF02108B7616B00ECF0183BECF018A1
S2120E305D3B1800AE00641800AE00001654B607
S2120E306B1800AE000A1800AE00001654CB1861
S2120E307900AE00301800AE00001653CF1B82BD
S2120E308731B76487B746ECF021C30002B7459A
S2120E3095B7616B00ECF021C30003B745C64DC5
S2120E30A36B00ECF021C30004B745C6206B0090
S2110E30B12039CD0020EEF021B7616B00CD6A
S2120E30BE0049EEF02108B7616B00ECF021C35E
S2120E30CC0002B745C64E6B00ECF021C30003A3
S2120E30DAB745C6466B00ECF021C30004B745A2
S2120E30E8C6206B00ECF021C30005B745C600EF
S2120E30F66B00ECF021C30006B745C6006B005B
S2120E310418200168F6201BC105260CCD5110B2
S2110E31126D80ECF0214AB6CD39F6201BC1BB
S2120E311F001826014CCD50F46D80ECF0214ABF
S2110E312DB6CD391820013CF6201D87B7469A
S2120E313ACC001013B746F6201E87B745B764B6
S2120E31486E88E3881656453A6CF0183A6CF010
S2120E315618ECF0183BECF0183B1800AE00001C
S2110E31641800AE00001653B02702202FCD27
S2120E31710020EEF021B7616B00CD0020EEF0D0
S2120E317F2108B7616B00ECF021C30002B745C5
S2120E318DC6206B00ECF021C30003B745C6301B
S2120E319B6B00201919F0161802408418024216
S2120E31A986CD50EE6D82EDF0216D804AB5910A
S2110E31B739ECF021C30004B745C6006B00CE
S2120E31C4182000A8F6201D87B746CC00101364
S2120E31D2B746F6201E87B745B7646E88E388AC
S2120E31E01656453A6CF0183A6CF018ECF018CD
S2110E31EE3BECF0183B1800AE00001800AECB
S2120E31FB00001653B02702202FCD0020EEF057
S2120E320921B7616B00CD0020EEF02108B761F4
S2120E32176B00ECF021C30002B745C6206B001C
S2120E3225ECF021C30003B745C6306B0020192F
S2120E323319F0161802408418024286CD50EE90
S2110E32416D82EDF0216D804AB59139ECF0EE
S2110E324E21C30004B745C6006B002016F61F
S2120E325B201AC150260FF6201BC10326087936
S2120E326924D9180B0127ED1803000028FB18B9
S2120E327703000020AFE6F01D51B716F62572C6
S20F0E32856D88E4897B25721BF01E0A84
S105630E000089
S10463100088
S111631100000000000000000000000000007A
S111631F00000000000000000000000000006C
S10E632D000000000000000000000061
S10463380060
S1116339000000000000000000000000000052
S108634700000000004D
S105634CFFFF4D
S104634E004A
S104634F0049
S10463500048
S10463510047
S10463520046
S10463530045
S10463540044
S10463550043
S10463560042
S10463570041
S10463580040
S2100E32901B96180C25232524180C25254B
S20E0E329C2526180C25272528180CE9
S20C0E32A62529252A180C252BFC
S2120E32AE252C1F289801071800880001200501
S2120E32BC1800880000E6897B25231F2898023E
S2120E32CA07180086000120051800860000E694
S2120E32D8877B25251F28980407180084000102
S2110E32E620051800840000E6857B25271FB6
S2120E32F3289808071800820001200518008291
S2120E33010000E6837B25291F2898100718006B
S2110E330F80000120051800800000E6817B7E
S2120E331C252B1B8A0A1B9AF624D9C1002715EC
S2120E332A1F28968010CD00006D80CC50E74A0E
S2110E3338A67E381820006F1F2896800220F3
S2120E33450418200064180B0127EDCC00014A78
S20B0E3353A5CE387C2520FDF7
S2120E335A25208D0007264DFC2520CD24775904
S2110E33686D84E384B746EC404AB7B839B71B
S2120E337546FC2520026D82CD2477596D84E32A
S2110E338384B746ED406D80CC24E44AB84673
S20E0E339039CD50D26D80CC24E44AED
S2110E339AB6CD39CD00146D82CD24E46D80C5
S2110E33A7CC279D4AB846391B860A1B9AF69F
S2110E33B424D9C10027091F28968004182072
S2120E33C100781F2896800220041820006DCD7E
S2110E33CF000C6D82CD00006D80CC250C4AE2
S2110E33DCB69B39CC0006FD252013B746CE55
S2120E33E94FE7B7646E84E384B746E64087B7B8
S2120E33F746CE000A6D82FD2520B75413B7464B
S2120E3405CE248FB7646E84E384B746ED406D1A
S2100E341380CC250C4AB65739CC0006FDBE
S2120E341F252013B746CE4FE8B7646E84E384BE
S2110E342DB746E640876C80CC250C4AA67E7E
S2110E343A381B860A1B9AF624D9C1002715EA
S2120E34471F28968010CD00006D80CC50CB4A0C
S2110E3455A67E381820006F1F2896800220D5
S2120E34620418200064180B0127EDCCFFFF4A5D
S20B0E3470A5CE387C2520FDD9
S2120E347725208D0007264DFC2520CD247759E6
S2110E34856D84E384B746EC404AB7B839B7FD
S2120E349246FC2520026D82CD2477596D84E30C
S2110E34A084B746ED406D80CC24E44AB84655
S20E0E34AD39CD50D26D80CC24E44ACF
S2110E34B7B6CD39CD00146D82CD24E46D80A7
S2110E34C4CC279D4AB846391B860A1B9AF681
S2110E34D124D9C10027091F28968004182054
S2120E34DE00781F2896800220041820006DCD60
S2110E34EC000C6D82CD00006D80CC250C4AC4
S2110E34F9B69B39CC0006FD252013B746CE37
S2120E35064FE7B7646E84E384B746E64087B799
S2120E351446CE000A6D82FD2520B75413B7462C
S2120E3522CE248FB7646E84E384B746ED406DFC
S2100E353080CC250C4AB65739CC0006FDA0
S2120E353C252013B746CE4FE8B7646E84E384A0
S2110E354AB746E640876C80CC250C4AA67E60
S2110E3557381B860A1B9AF624D9C1002713CE
S2120E35641F2896800ECD00006D80CC50C44AF7
S2110E3572A67E38205E1F28968059CD000CD0
S2110E357F6D82CD00006D80CC250C4AB69BEB
S2110E358C39CC0006FD252013B746CE4FE3C2
S2120E3599B7646E84E384B746E64087B746CE28
S2110E35A7000A6D82FD2520B75413B746CEE0
S2120E35B42487B7646E84E384B746ED406D80C0
S2110E35C2CC250C4AB65739CD00006D80CCD6
S2100E35CF250C4AA67E381B860A1B9AF6B0
S2110E35DB24D9C10027091F28968004182049
S2120E35E800EB1F289680022004182000E0CC70
S2120E35F60006FD252013B746CE4FE6B7646ED0
S2120E360484E384B746E640C1002759CD000C7D
S2110E36126D82CD00006D80CC250C4AB69B57
S2110E361F39CC0006FD252013B746CE4FE62B
S2120E362CB7646E84E384B746E64087B746CE94
S2110E363A000A6D82FD2520B75413B746CE4C
S2120E3647248DB7646E84E384B746ED406D8026
S2110E3655CC250C4AB65739CD00006D80CC42
S2100E3662250C4AA67E38CD000C6D82CDDD
S2100E366E00006D80CC250C4AB69B39CCB3
S2120E367A0006FD252013B746CE4FE7B7646E4A
S2120E368884E384B746E64087B746CE000A6D4A
S2120E369682FD2520B75413B746CE248FB76498
S2120E36A46E84E384B746ED406D80CC250C4A4E
S2110E36B2B65739CC0006FD252013B746CEC0
S2120E36BF4FE8B7646E84E384B746E640876C29
S2110E36CD80CC250C4AA67E381B860A1B9A5A
S2110E36DAF624D9C10027131F2896800ECDAA
S2110E36E700006D80CC50BD4AA67E38205ED9
S2120E36F41F28968059CD000C6D82CD00006DFD
S2100E370280CC250C4AB69B39CC0006FD88
S2120E370E252013B746CE4FE4B7646E84E384D0
S2110E371CB746E64087B746CE000A6D82FD22
S2120E37292520B75413B746CE2489B7646E8497
S2120E3737E384B746ED406D80CC250C4AB6579F
S2100E374539CD00006D80CC250C4AA67E07
S2110E3751381B860A1B9AF624D9C1002709DC
S2120E375E1F28968004182000EB1F2896800267
S2120E376C2004182000E0CC0006FD252013B722
S2120E377A46CE4FE6B7646E84E384B746E6404E
S2120E3788C1002759CD000C6D82CD00006D805D
S20F0E3796CC250C4AB69B39CC0006FD75
S2120E37A1252013B746CE4FE6B7646E84E3843B
S2110E37AFB746E64087B746CE000A6D82FD8F
S2120E37BC2520B75413B746CE248DB7646E8400
S2120E37CAE384B746ED406D80CC250C4AB6570C
S2100E37D839CD00006D80CC250C4AA67E74
S2100E37E438CD000C6D82CD00006D80CC40
S20E0E37F0250C4AB69B39CC0006FDE8
S2120E37FA252013B746CE4FE7B7646E84E384E1
S2110E3808B746E64087B746CE000A6D82FD35
S2120E38152520B75413B746CE248FB7646E84A4
S2120E3823E384B746ED406D80CC250C4AB657B2
S2110E383139CC0006FD252013B746CE4FE815
S2120E383EB7646E84E384B746E640876C80CC93
S2100E384C250C4AA67E381B860A1B9AF630
S2120E385824D9C10027151F28968010CD00001B
S2110E38666D80CC51294AA67E381820007FB2
S2120E38731F28968002200418200074FD2520C3
S2120E38818D00072613180B0124D9CD00006DFE
S2110E388F80CC51294AA67E382059CD000C5B
S2110E389C6D82CD00006D80CC250C4AB69BCB
S2110E38A939CC0006FD252013B746CE4FE5A0
S2120E38B6B7646E84E384B746E64087B746CE08
S2110E38C4000A6D82FD2520B75413B746CEC0
S2120E38D1248BB7646E84E384B746ED406D809C
S2110E38DFCC250C4AB65739CD00006D80CCB6
S2100E38EC250C4AA67E381B860A1B9AF690
S2120E38F824D9C1001827007C1F2896800220B7
S2120E39060418200071CD000C6D82CD00006DF1
S2100E391480CC250C4AB69B39CC0006FD74
S2120E3920252013B746CE4FE7B7646E84E384B9
S2110E392EB746E64087B746CE000A6D82FD0E
S2120E393B2520B75413B746CE248FB7646E847D
S2120E3949E384B746ED406D80CC250C4AB6578B
S2110E395739CC0006FD252013B746CE4FE8EE
S2120E3964B7646E84E384B746E640876C80CC6C
S20F0E3972250C4AA67E38182000781F91
S2120E397D2896800220041820006DCD000C6DDA
S2110E398B82CD00006D80CC250C4AB69B390F
S2120E3998CC0006FD252013B746CE4FE7B764CB
S2120E39A66E84E384B746E64087B746CE000A28
S2120E39B46D82FD2520B75413B746CE248FB76E
S2120E39C2646E84E384B746ED406D80CC250C13
S2110E39D04AB65739CC0006FD252013B74623
S2120E39DDCE4FE8B7646E84E384B746E64087A6
S2110E39EB6C80CC250C4AA67E381B860A1B67
S20C0E39F89A4AB290384AA6DB8B
S2110E3A0038F62522C100182600CE180B0140
S20E0E3A0D2522CC00004AA5CE387C18
S2120E3A172520FC2520CD2477596D84E384B738
S2110E3A2546EC404AB7B839B746FC252002DD
S2120E3A326D82CD2477596D84E384B746ED4041
S20E0E3A406D80CC24E44AB84639CD5A
S20E0E3A4A50D26D80CC24E44AB6CDAF
S2100E3A5439CD00146D82CD24E46D80CCBC
S20D0E3A60279D4AB84639180B01E1
S2110E3A6927EDCD000C6D82CD00006D80CCDB
S20E0E3A76250C4AB69B39CC0006FD5F
S2120E3A80252013B746CE4FE7B7646E84E38458
S2110E3A8EB746E64087B746CE000A6D82FDAD
S2120E3A9B2520B75413B746CE248FB7646E841C
S2120E3AA9E384B746ED406D80CC250C4AB6572A
S2110E3AB739CC0006FD252013B746CE4FE88D
S2120E3AC4B7646E84E384B746E640876C80CC0B
S20B0E3AD2250C4AA67E38F60D
S2120E3AD92523C100270BF62524C10026044A1D
S20F0E3AE7B32138F62523C100260BF68F
S20F0E3AF22524C10027044AB3B138F6A5
S2120E3AFD2525C100270BF62526C10026044AF5
S20F0E3B0BB43E38F62525C100260BF64A
S20F0E3B162526C10027044AB4CE38F660
S2120E3B212527C100270BF62528C10026044ACC
S20F0E3B2FB55B38F62527C100260BF606
S20F0E3B3A2528C10027044AB5D838F62F
S2120E3B452529C100270BF6252AC10026044AA4
S20F0E3B53B6D838F62529C100260BF662
S20F0E3B5E252AC10027044AB75538F68A
S2120E3B69252BC100270BF6252CC10026044A7C
S20F0E3B77B85538F6252BC100260BF6BD
S20F0E3B82252CC10027044AB8F538F6C3
S2120E3B8D27EEC10018270073CC00004AA5CE06
S20C0E3B9B387C2520FC2520CD08
S2120E3BA32477596D84E384B746EC404AB7B8D3
S2110E3BB139B746FC2520026D82CD247759CB
S2120E3BBE6D84E384B746ED406D80CC24E44A59
S2110E3BCCB84639FD25208D00072E11180B6A
S2100E3BD90127EDCD27EE6D80CC24E44ACB
S20D0E3BE5B6CD39CD50D26D80CC60
S2100E3BEE24E44AB6CD39CD00146D82CD0D
S20E0E3BFA24E46D80CC279D4AB846E1
S20B0E3C04397927EE1B860A34
S11150BD8101700124FF008101700123FF00B6
S11150CB8101700122FF0020202020202020DF
S11150D9202020202020202020202020200025
S11150E78101700121FF002025336C6400203C
S11150F5204F4E0020312F20202020200020AC
S1115103462020200020434C4F5345440020FA
S11151114F464600204F4E00810104280F0F28
S111511F0F0FFF0081097001FF008101700174
S111512D26FF008109044CFF008101040C00E0
S111513BFF008101040C02FF008101040C033B
S1115149FF008109044BFF008101040B00FFED
S1115157008101040B03FF008101040B02FF21
S1115165008109044AFF008101040A00FF00D2
S11151738101040A02FF008101040A03FF0007
S111518181090439FF008101043900FF008117
S111518F01043903FF0081090438FF00008188
S111519D01043802FF8101045700FF00810164
S11151AB043803FF0081090448FF0081010459
S11151B90800FF008101044600000000FF0012
S11151C78101040821FF008101040831FF006A
S11151D581090447FF008101040700FF0081E7
S11151E301044700000000FF008101040725BD
S11151F1FF008101040735FF002043414D20DB
S11151FF4D454E55002043414D204741494E39
S111520D00204150455254555245002053484C
S111521B555454455200204155544F204558D7
S1115229504F00204155544F20464F435553DB
S11152370020464F43555300205A4F4F4D0060
S1115245286E756C6C20707472207061737327
S10752536564290061
S2120E62D73B1BF1C51AF031180000000018200F
S2120E62E5077CE6F30040C1252715E6F30040C1
S2120E62F387EDF03B1540EDF031026DF03118E0
S2120E630120075819F033180040000019F02F30
S2120E630F180040FFFF19F0371800400000CDB2
S2120E631D28FE6DF02C19F02E18084020EDF01C
S2120E632B40026DF0401AF0391800000000E631
S2120E6339F30040876CF0228C00202757EDF004
S2120E6347228D00232724EDF0228D0020182D27
S2120E63550064EDF0228D002B272AEDF0228D2F
S2120E6363002D2716EDF0228D00302740204A22
S2120E6371ECF0378A00CA016CF0372046ECF0CE
S2120E637F378A00CA046CF037203AECF0378AE4
S2120E638D00CA086CF0371AF02E1808002B20E7
S2120E639B27ECF0378A00CA086CF0371AF02E80
S2120E63A9180800202014ECF0378A00CA106C7C
S2120E63B7F03720081AF0391800000001EDF03D
S2120E63C5398D00002702200BEDF040026DF021
S2110E63D3401820FF60E6F30040874ABF6FBB
S2100E63E0388C00002723ECF0404ABC0B63
S2110E63EC386CF0332007EDF040026DF040E7
S2110E63F9E6F30040874ABF6F388C00002682
S2120E6406EB2024E6F30040C12A261CECF042E2
S2120E6414C300026CF042C3FFFEB7461AF0330A
S2110E642218024000EDF040026DF040E6F36B
S2120E642F0040C12E265CEDF040026DF040E6F9
S2110E643DF30040874ABF6F388C00002723FF
S2110E644AECF0404ABC0B386CF02F2007ED2E
S2120E6457F040026DF040E6F30040874ABF6F3D
S2110E6465388C000026EB2024E6F30040C124
S2110E64722A261CECF042C300026CF042C35A
S2120E647FFFFEB7461AF02F18024000EDF04052
S2120E648D026DF040E6F30040C16C2611EDF0F5
S2120E649B40026DF040ECF0378A00CA026CF03C
S2120E64A937E6F30040876CF0228C005818275A
S2120E64B70109EDF0228D00582E16EDF0228D06
S2120E64C50045182704F1EDF0228D004718272B
S2120E64D30505206CEDF0228D00631827030BD6
S2120E64E1EDF0228D0064276FEDF0228D006523
S2120E64EF182704BFEDF0228D0066182704C98C
S2120E64FDEDF0228D0067182704C9EDF0228DF3
S2120E650B00692749EDF0228D006F182700A9B3
S2120E6519EDF0228D00701827009FEDF0228DFB
S2120E6527007318270303EDF0228D007518275B
S2120E6535008BEDF0228D0078182700812000D6
S2120E6543E6F3004087EDF03B1540EDF031021A
S2120E65516DF03118200504ECF0378400C402FD
S2120E655F8C00002734ECF042C300046CF042B1
S2120E656DC3FFFCB7461AF024180240001802B0
S2120E657B4202CD000A6D841AF024180200802B
S2110E658918020282ECF02C4ABDD138182004
S2120E65960212ECF042C300026CF042C3FFFE8F
S2120E65A4B7461AF02A18024000CD000A6D8285
S2110E65B2EDF02A6D80ECF02C4ABC953818E2
S2120E65BF2001E8ECF0378400C4028C000027A2
S2120E65CD20ECF042C300046CF042C3FFFCB795
S2120E65DB46180242AE180240AE3A6CF0263A51
S2120E65E96CF0262015ECF042C300026CF04259
S2120E65F7C3FFFEB7461AF02A18024000E6F35F
S2120E66050040C175263FECF0378400C4028CB0
S2120E66130000271ECD000A6D84ECF0263BEC30
S2110E6621F0263B306E82306E82ECF02C4A76
S2110E662EAA743918200175CD000A6D82ED94
S2110E663BF02A6D80ECF02C4AAB5839182072
S2120E66480160E6F30040C16F18260066ECF007
S2120E6656378400C4018C0000271B19F02C1A86
S2120E6664F01A18024000EDF01A026DF02CCD62
S2120E66720030EEF01AB7616B00ECF0378400C5
S2120E6680C4028C0000271ECD00086D84ECF0C0
S2120E668E263BECF0263B306E82306E82ECF031
S2110E669C2C4AAA743918200105CD00086D91
S2110E66A982EDF02A6D80ECF02C4AAB5839CD
S2120E66B6182000F0E6F30040C170263819F0EA
S2120E66C42C1AF01818024000EDF018026DF0B9
S2120E66D22CCD0030EEF018B7616B0019F02CD0
S2120E66E01AF01618024000EDF016026DF02CA1
S2120E66EECD0078EEF016B7616B002045ECF08E
S2120E66FC378400C4018C0000273919F02C1AC2
S2120E670AF01418024000EDF014026DF02CCDC7
S2120E67180030EEF014B7616B0019F02C1AF07C
S2120E67261218024000EDF012026DF02CE6F393
S2120E67340040B716EEF012B7616B00ECF037B1
S2120E67428400C4028C0000271CCD00106D844F
S2120E6750ECF0263BECF0263B306E82306E826E
S2110E675EECF02C4AAA74392011CD00106DF7
S2110E676B82EDF02A6D80ECF02C4AAB58390A
S2120E6778E6F30040C158262ACD28FE6DF035F9
S2110E6786201AE6F30035874ABFB73887B7EE
S2120E679346EEF035B7616B00EDF035026DF098
S2120E67A135E6F30035C10026DECD28FE6DF07F
S2120E67AF35EDF02F8DFFFF26081AF02F18007E
S2120E67BD000000EDF02F8D000018270086CC91
S2110E67CB28FE4AB7B8396CF02AEDF02FAD57
S2120E67D8F02A182C00721AF02A19F02F18024A
S2120E67E6004018200064ECF042C300026CF077
S2120E67F442C3FFFEB746E6416BF028EDF033CB
S2120E68028D00012F1519F0331AF02F180240D4
S2120E68100069F02919F0286DF0352034E6F0F8
S2120E681E2887EDF03B1540EDF031026DF0319F
S2120E682C1820022CECF042C300026CF042B7AD
S2120E683A461AF03518025E00EDF0358D0000A1
S2120E68482606CD52456DF035EDF02F8DFFFF76
S2120E685626081AF02F1800000000EDF0338D05
S2110E686400002715ECF0354AB7B839B745D9
S2120E68716EF010ECF033A3F0106CF033EDF07A
S2110E687F2F8D0000260AECF0354AB7B8390A
S2120E688C6CF02FEDF0338D00002713ECF03776
S2120E689A8400C4088C00002707EDF033036D53
S2120E68A8F033ECF0378400C4108C0000274C42
S2120E68B6ECF0378400C4088C00002710E6F0C5
S2120E68C42E87EDF03B1540EDF031026DF031F3
S2120E68D2ECF0378400C4048C000018260084F8
S2120E68E02016CC0030EDF03B1540EDF03102E8
S2120E68EE6DF031EDF033036DF033EDF0338DBB
S2120E68FC00002EE22062ECF0378400C4048CFE
S2120E690A000026202016CC0020EDF03B154097
S2120E6918EDF031026DF031EDF033036DF0331D
S2120E6926EDF0338D00002EE2ECF0378400C448
S2120E6934088C0000272AE6F02E87EDF03B15A5
S2120E694240EDF031026DF0312018E6F3003510
S2120E695087EDF03B1540EDF031026DF031EDA7
S2120E695EF035026DF035E6F30035C100271455
S2120E696C19F02F1802408EED8E036DF02FEDF3
S2120E697A8E8D000026CCECF0378400C4048C04
S2120E69880000182700CE2016CC0020EDF03BA7
S2120E69961540EDF031026DF031EDF033036D6D
S2120E69A4F033EDF0338D00002EE2182000AA20
S2120E69B21AF020180000000120261AF02018F9
S2120E69C000000002201C1AF020180000000036
S2120E69CE20121AF020180000000320081AF0FF
S2120E69DC201800000004ECF042C300046CF01D
S2120E69EA42C3FFFCB7461AF01C1802400018F7
S2120E69F8024202EDF02F8DFFFF26081AF02F3A
S2120E6A061800000006EDF02F6D8AEDF0336DD1
S2120E6A1488EDF0376D8619F01C1802408218B9
S2120E6A22024284EDF0206D80CC28FE4A8029BC
S2110E6A303A6CF035201E19F0351802408C19
S2120E6A3DED8C026DF035E6F3000C87EDF03BA7
S2120E6A4B1540EDF031026DF031E6F30035C168
S2120E6A590026DAEDF040026DF040E6F3004047
S2110E6A67C1001826F87AECF0311BF03D0A3F
S111525734B745ED84180A4030E77026F8306D
S10452653D07
S10E52668E0000270547560435FB3D71
S10D52718E00002704590435FC3DAB
S111527BEC8418028084180282806C8207057D
S1115289EC821B843D1B9EEC842604EC8627DD
S111529758EC8459807F6A812B52180A848057
S11152A5811F2252EC8487CA806C84A681810A
S11152B3172212408B17271A648466856686BC
S11152C166870430F5200D80176887658665C2
S11152CF8565840430F5E7802A1761846185C3
S11152DD61866187EC86C300016C86EC84C98F
S11152EB0089006C841B823D87C76C846C862E
S11152F920F5CCFFFF6C846C86E7802BEAB6B0
S1095307007F6A8420E32C
S111530D180280AC1B9E698469856C86270D8E
S111531B972A40180884FF180885FF20361BC7
S1115329823D180280AC1B9E698469856C86E7
S1115337270220231B823D1B9EEC842607ECDC
S11153458626031B823D18088100202C1B9E27
S1115353EC842607EC8626031B823D180A8490
S111536181E7842A176184618561866187EC87
S111536F86C300016C86EC84C90089006C843E
S111537D18088017EC848C0100250949668607
S111538B6687628020F2D72B0A6887658655F4
S111539945638020F3A6808B7F58496C84E71F
S10C53A7812A030C84801B823D61
S11153B0EC86A3822612EC88AC84270CEC88D1
S11153BEA384EC86E283A28210FB180280888E
S10653CC1B883DFA
S11153CFEC88E3846C88EC86E983A9826C8602
S11153DD180280841B843DEC88A3846C88EC49
S11153EB86E283A2826C86180280841B843DB5
S11153F9EC88E485A4846C88EC86E483A482AA
S11154076C86180280841B843DEC88EA85AA1A
S1115415846C88EC86EA83AA826C8618028076
S1115423841B843DEC88E885A8846C88EC86A4
S1115431E883A8826C86180280841B843D6187
S10B543F826183618461853DF3
S1115447972603D7270B6885658465836582E5
S11154550434F53D972603D7270B6782668340
S1115463668466850434F53D972603D7270B2F
S10F547164826683668466850434F53D1D
S111547D1B936D8AECF015EDF011136D846C29
S111548B86ECF013EDF01113E3846C84ECF066
S111549915ED8F13E3846C84EC846CF013EC3B
S11154A7866CF015ED8AEC8D6CF0111BF01183
S10454B53DB5
S11154B61808AFFF0741EC8C1BF0123B3D18A9
S11154C408AF01073420F11808AFFF200418C8
S11154D208AF010726EC816CF012EC836CF03D
S11154E01420D91808AFFF071420061808AFCF
S11154EE01070CEC816C8EEC836CF0101B8CAF
S11154FC3D1B976988ECF014260FECF0122685
S111550A0A6C806C826B8405FA012CECF010A4
S11155182615EC8E26116C816C83CC7FFF6C03
S1115526F012CCFFFF6CF0143DA6F0126A8662
S1115534A88E6A85E78B2A47E78B2A43E7F0A7
S1115542122A1F61F01261F01361F01461F07F
S111555015ECF014C300016CF014ECF012C959
S111555E0089006CF012E78E2A1B618E618FAB
S111556C61F01061F011ECF010C300016CF05E
S111557A10EC8EC90089006C8E18088720CCB6
S111558800006C806C826B8468F01565F01472
S111559665F01365F012658465836582658196
S11155A46580B720E7882704B70225196288BE
S11155B2EC83A3F0106C83EC81E28FA28E6C6C
S11155C081E680C2006B802015EC83E3F010BE
S11155CE6C83EC81E98FA98E6C81E680C900A4
S11155DC6B802B08A6F0158A016AF015638710
S11155EA26A4E7802A0FEC83E3F0106C83EC18
S11155F881E98FA98E6C81E78B2A3EE7862A13
S1115606176181618261836184EC83C30001BA
S11156146C83EC81C90089006C81E7852A1F34
S111562261F01261F01361F01461F015ECF008
S111563014C300016CF014ECF012C9008900E0
S10A563E6CF012EC893B3D06
S1115645180280AC6C8469826983E7842A04AD
S1085653618261833D4A
S10E565830311BF63A3534B7460540EC
S111566330311BF61B9C18028480180A8682C4
S10856716E836D850A43
S1115676341A841659B13034351B951AF011CC
S110568416590027791AF015165900182739
S111569100801AF011198616592B1AF01519FB
S111569F8116592BE681E0862728372A015010
S11156ADC118332C5BD72B0D6787668866897E
S11156BB668A0431F5200F6782668366846672
S11156C98504B1F5E6866B81EC89E3846C847C
S11056D7EC87E983A9826C826A802A10CCDA
S11156E40000A3846C84CC0000E283A2826CDC
S11156F2821A8116596C272719F015A6801606
S111570059441B8B3130180280841B843DE613
S111570E81E1862CEFECF0116CF015ECF01339
S111571C6CF01720E1EC826CF0156CF0172095
S104572AD7A3
S111572B343510F01A8A19860E0080060F40DD
S1115739800C201E0E40800414092016B7D6E2
S1115747EC00A340260EEC02A3422708EC005F
S1115755E241A24010FB3130180280881B880C
S10457633D04
S111576434351B901AF01A19821659071827AB
S111577200891AF016198B165907182700958E
S1115780E6F016E8F01A6B8187C76C876C8917
S111578E6484668566866687668818088018B7
S111579C688A65896588658765866585658484
S11157AA65832510EC85A38E6C85EC83E28D5F
S11157B8A28C6C83200EEC85E38E6C85EC8352
S11157C6E98DA98C6C832B030C8A0163802669
S11157D4C7E682E08B6B82292CE7872634E738
S11157E2882B0A688A65896588658763821A40
S11157F086A681E6826B0019F01A1659441B36
S11157FEF0103130180280841B843D2B0A8782
S111580CC76CF01A6CF01C20E8CC7FFF6AF029
S111581A1A6AF01B6BF01C6BF01DE7812AD597
S10958281C001A8020CFD1
S111582E34351BF1EC1AF01E198216590718B6
S111583C2700901AF01A198F1659072610EC3F
S110584AF01A6CF01EECF01C6CF02018201D
S11158570076ED83ECF010136D876C89ED85FF
S1115865ECF012136D8B6C8DED83ECF01213CE
S1115873E38B6C8BB764E98AA9896C892407DE
S1115881EC87C300016C87ED85ECF01013E397
S111588F8B6C8BB764E98AA9896C892407ECB9
S111589D87C300016C87E68FEB82526B8F2964
S11158AB2FE7892B0E688B658A6589658863F3
S11158B98F291F20EE1A87180A8F0019F01E7F
S11158C7A6F01AA8401659441BF014313018EC
S11158D50280841B843D2A19CC7FFF6AF01EDA
S11158E36AF01F6BF0206BF021E7812ADF0CC6
S11158F1F01E8020D987C76CF01E6CF02020BA
S10458FFCFD5
S1115900EC002602EC023D07F72715EC0059D7
S111590E807F6A4054CA806B426941EC026C8F
S111591C4310FB3D6940694169426943694497
S111592A3D07DAE7002A10CC0000A3436C43CB
S1115938CC0000E242A2416C41A6003D36ECD8
S1115946016C402608EC036C422602323DEC54
S1115954036C42E602A6008B7F58496C403279
S1115962972A06A6408A806A403DEC0126047E
S1115970EC032726E701270E64016602660396
S111597E6604620028F0201FE7022B0E680466
S111598C650365026501630028F020038601AF
S111599A3D690169026903690420F56901860B
S11159A8FF6A026A036A0420E9165900270602
S11159B6A60088806A003D341A8407EF303D55
S10859C41D0016073D63
S2120E3C0B3B1B982005ED88026D88E6F3000838
S2110E3C19874ABF9F388C000026ED180084E9
S2110E3C260000E6F30008C12D260C180084E1
S2120E3C330001ED88026D88200DE6F30008C134
S2120E3C412B2605ED88026D88180086000020E2
S2110E3C4F2318028882ED82026D88ED86CC69
S2120E3C5C000A13B746E6F3000287B745B764B4
S2120E3C6A6E80E3808300306C86E6F3000887DB
S2100E3C784ABF6F388C000026CFED848DFE
S2120E3C8400002708EC86405082002002EC86D8
S2070E3C921B8A0A6D
S2120E3C953B1BF1EB19F01A1AF0111802400044
S2120E3CA3EDF01A8D0000261CCD0030EEF0154A
S2120E3CB1B7616B00CD0000EEF01508B7616B24
S2120E3CBF00ECF01518200106EDF01A8D000030
S2120E3CCD2C19EDF01C8D000A261118088E011B
S2120E3CDBECF0114151B746026DF01120026951
S2120E3CE98E1AF01519F01318020040EEF01C9D
S2120E3CF7ECF01118106C8C8C00092E1D19F0B6
S2120E3D05131802408AED8A026DF013EC8CC382
S2120E3D13003087B746EE8AB7616B00201B198C
S2120E3D21F01318024088ED88026DF013EC8C3D
S2120E3D2FC3005787B746EE88B7616B00EEF0FE
S2110E3D3D1CECF01118106EF011EDF0118D4B
S2120E3D4A00001826FFA4E68EC100271619F0FC
S2120E3D581318024086ED86026DF013CD002D78
S2120E3D66EE86B7616B0019F01318024084EC5F
S2120E3D7484C3FFFF6CF013CD0000EE84B76123
S2120E3D826B001AF0151802008F2036ED8F1803
S2120E3D900A408E18028F82ED82026D8FE6F3C9
S2120E3D9E0013B716EE82B7616B0019F01318FD
S2120E3DAC024080EC80C3FFFFB7466DF013E6B4
S2120E3DBA8EB716EE80B7616B00ED8FADF01370
S20D0E3DC825C3ECF0151BF0170ADA
S2120E3DD13B1BF1E9ECF01E3BECF01E3B3A6C91
S2120E3DDFF0133A6CF013ECF01E3BECF01E3BAD
S2120E3DED1800AE00001800AE00001653B026EA
S2120E3DFB1CCD0030EEF017B7616B00CD000049
S2110E3E09EEF01708B7616B00ECF0171820EE
S2110E3E160153ECF01E3BECF01E3B1800AE08
S2120E3E2300001800AE00001653B02C2EEDF068
S2120E3E31208D000A262618088E01ECF0133B94
S2120E3E3FECF0133B16543E1800AE00011800B1
S2120E3E4DAE00001653CF3A6CF0133A6CF0131C
S2120E3E5B2002698E1AF01719F0151802004094
S2120E3E69ECF0133BECF0133BECF02416564533
S2120E3E771654D11B82316D8C8D00092E1D192E
S2120E3E85F0151802408AED8A026DF015EC8CD0
S2120E3E93C3003087B746EE8AB7616B00201B61
S2120E3EA119F01518024088ED88026DF015EC2B
S2120E3EAF8CC3005787B746EE88B7616B00ECE3
S2120E3EBDF0133BECF0133BECF02416564516B5
S2120E3ECB54C33A6CF0133A6CF013ECF0133B43
S2120E3ED9ECF0133B1800AE00001800AE000012
S2120E3EE71653B01826FF7BE68EC1002716195E
S2110E3EF5F01518024086ED86026DF015CD14
S2120E3F02002DEE86B7616B0019F01518024002
S2120E3F1084EC84C3FFFF6CF015CD0000EE842B
S2120E3F1EB7616B001AF0171802008F2036EDF2
S2120E3F2C8F180A408E18028F82ED82026D8F5D
S2120E3F3AE6F30015B716EE82B7616B0019F0AF
S2120E3F481518024080EC80C3FFFFB7466DF0E2
S2120E3F5615E68EB716EE80B7616B00ED8FADDA
S20F0E3F64F01525C3ECF0171BF0190A31
S2120E6A743B1BF1EF1AF0111802008FECF01813
S2120E6A823BECF0183BECF01E1656451654D1A3
S2120E6A901B82316D8A8D00092E1918028F8812
S2120E6A9EED88026D8FEC8AC3003087B746EE89
S2120E6AAC88B7616B00201718028F86ED8602E3
S2120E6ABA6D8FEC8AC3005787B746EE86B7611F
S2120E6AC86B00ECF0183BECF0183BECF01E16D4
S2120E6AD656451654C33A6CF0183A6CF018EC8F
S2120E6AE4F0183BECF0183B1800AE0000180041
S2120E6AF2AE00001653B01826FF8318028F84CF
S2120E6B00EC84C3FFFF6C8FCD0000EE84B761F1
S2120E6B0E6B001AF0111802008D2032ED8D1855
S2120E6B1C0A408C18028D82ED82026D8DE6F315
S2120E6B2A000FB716EE82B7616B0018028F8052
S2120E6B38EC80C3FFFFB7466D8FE68CB716EEE9
S2120E6B4680B7616B00ED8DAD8F25C8ECF0119B
S2080E6B541BF0130A02
S2120E6B583B1BF1EF1AF0111802008FEEF0182C
S2120E6B66ECF01618106C8A8C00092E19180208
S2120E6B748F88ED88026D8FEC8AC3003087B7CF
S2120E6B8246EE88B7616B00201718028F86ED60
S2120E6B9086026D8FEC8AC3005787B746EE86D8
S2120E6B9EB7616B00EEF018ECF01618106EF0E5
S2120E6BAC16EDF0168D000026AE18028F84EC45
S2120E6BBA84C3FFFF6C8FCD0000EE84B7616BB8
S2120E6BC8001AF0111802008D2032ED8D180AFC
S2110E6BD6408C18028D82ED82026D8DE6F366
S2120E6BE3000FB716EE82B7616B0018028F8099
S2120E6BF1EC80C3FFFFB7466D8FE68CB716EE30
S2120E6BFF80B7616B00ED8DAD8F25C8ECF011E2
S2080E6C0D1BF0130A48
S2120E6C111BF1D8CD0000EEF02F6D00ECF02D2E
S2110E6C1F3BECF02D3B1800AE00001800AE4A
S2110E6C2C000016572B2619CC2917180B3012
S2110E6C392917180B2E2918180B302919795B
S2120E6C46291A182002FA19F02B1AF01E180240
S2120E6C54400018024202ECF0203BECF0203B13
S2110E6C62CC00171654591B8231B764878379
S2120E6C6F007FB7466DF01CECF0203BECF020DC
S2120E6C7D3B1800AEFFFF1800AE00FF1653F9D0
S2120E6C8B1800AE00001800AE00801654103A28
S2110E6C996CF0163A6CF01619F0221800403A
S2110E6CA60000180042000019F018180040FB
S2120E6CB300001800420000EDF01C8D001F2D94
S2120E6CC10FCC0000CDFFFEEEF02F6D0018205B
S2120E6CCF0275EDF01C8DFFE92C0FCC0000CDEB
S2120E6CDDFFFFEEF02F6D001820025EEDF01C8D
S2120E6CEB8D00172D1DECF0163BECF0163BEC54
S2120E6CF9F0208300171654473A6CF01A3A6CC9
S2120E6D07F01A18200073EDF01C8D00002D41C2
S2120E6D15ECF0163BECF0163BCC0017A3F0206D
S2120E6D231654593A6CF01A3A6CF01AECF0163A
S2120E6D313BECF0163BEDF02002B7641654470E
S2120E6D3F1800AEFFFF1800AE00FF1653F93A0E
S2120E6D4D6CF0243A6CF024202AECF0163BEC88
S2120E6D5BF0163B1800AEFFFF1800AE00FF1637
S2110E6D6953F9EDF02002B76440508200167C
S2120E6D7654593A6CF0243A6CF024CD29176D61
S2110E6D84F026ECF0203BECF0203B1800AEA5
S2120E6D9100001800AE00001653B02C1B19F0B2
S2120E6D9F261AF01018024000EDF010026DF0ED
S2120E6DAD26CD002DEEF010B7616B00ECF01A3E
S2110E6DBB3BECF01A3B1800AE00001800AEC0
S2120E6DC800001653B0261819F0261802408E3C
S2120E6DD6ED8E026DF026CD0030EE8EB7616BA0
S2120E6DE4002028CD000A6D841AF01818020042
S2110E6DF28018020282ECF0264ABDD1382031
S2120E6DFF07EDF026026DF026E6F30026C10024
S2120E6E0D26F119F0261802408CED8C026DF060
S2120E6E1B26CD002EEE8CB7616B00ECF0243BFD
S2120E6E29ECF0243B1800AE00001800AE000081
S2120E6E371653B0261A19F0261802408AED8A57
S2120E6E45026DF026CD0030EE8AB7616B001897
S2120E6E532000E5CD2917ECF0266D86A386B737
S2120E6E6146CC000F6D86A386B74603B7616B50
S2120E6E6FF012C10723071AF012180800076962
S2120E6E7DF0131820007DECF0243BECF0243BC6
S2120E6E8BCC0003165447ECF0283BECF0283BE8
S2120E6E99CC00011654471653CF3A6CF0243A2E
S2120E6EA76CF02419F02618024088ED88026D55
S2120E6EB5F026ECF0243BECF0243BCC00181636
S2110E6EC354591800AE00301800AE00001630
S2120E6ED053CF1B8231B76487B746EE88B76184
S2110E6EDE6B00ECF0243BECF0243B1800AEED
S2120E6EEBFFFF1800AE00FF1653F93A6CF024A7
S2120E6EF93A6CF02462F013E6F013E1F0121875
S2120E6F0725FF79ECF026C3FFFF6CF02620095E
S2120E6F15ECF026C3FFFF6CF026E6F30026C156
S2120E6F2330260EECF026C3FFFFB746E640C142
S2120E6F312E26E1EDF026026DF026CC0000EEC8
S20F0E6F3FF0266B00CC29171BF0280A6A
S2120E3F6F3B1B9ECD59CAEC826D80E380B74692
S20E0E3F7DE640878400C4041B840A85
S2120E3F873B1B9ECD59CAEC826D80E380B7467A
S20E0E3F95E640878400C4021B840A6F
S2120E3F9F3B1B9ECD59CAEC826D80E380B74662
S20E0E3FADE640878400C4101B840A49
S11159C90020202020202020202030303030EC
S11159D73020202020202020202020202020EE
S11159E5202020202090404040404040404080
S11159F3404040404040400C0C0C0C0C0C0C8E
S1115A010C0C0C40404040404040090909098B
S1115A0F090901010101010101010101010167
S1115A1D0101010101010101404040404040EF
S1115A2B0A0A0A0A0A0A02020202020202021D
S1115A390202020202020202020202024040C3
S1105A4740402000000000000000000000AE
S1115A54000000000000000000000000000040
S1115A62000000000000000000000000000032
S1115A70000000000000000000000000000024
S1115A7E000000000000000000000000000016
S1115A8C000000000000000000000000000008
S1115A9A0000000000000000000000000000FA
S1115AA80000000000000000000000000000EC
S1115AB60000000000000000000000000000DE
S1095AC4000000000000D8
S2110E3FB73BEC804ABF87388C0000270AECD2
S2120E3FC480830061C300412002EC801B820A3F
S2120E6F4A1BF1E8ECF01D3BECF01D3B1800AE04
S2120E6F58AC501800AEC2AE16572B2C0E1800FC
S2120E6F66AE00001800AE000018200172ECF00F
S2120E6F741D3BECF01D3B1800AE72181800AE5A
S2120E6F8242B116572B2F14180300022928189A
S2120E6F9000AEFFFF1800AE7F7F18200147EC04
S2120E6F9EF01D3BECF01D3B1800AE0000180078
S2120E6FACAE000016572B260E1800AE0000186C
S2120E6FBA00AE3F80182001221800AEAA3B182B
S2110E6FC800AE3FB8ECF0213BECF0213B167E
S2120E6FD5582E3A6CF01D3A6CF01D1AF01B1872
S2110E6FE3020080180202824AB0EA393A6CAB
S2120E6FF08C3A6C8CEC8C3BEC8C3B16527BB7C2
S2120E6FFE466D8EECF01D3BECF01D3BECF012DB
S2120E700C16530D1656761800AE00001800AE7F
S2120E701A3F001656763A6CF0163A6CF016ECF0
S2120E7028F0163BECF0163BECF01A3BECF01AB2
S2120E70363B16582E3A6CF0123A6CF012ECF036
S2120E7044163BECF0163B1800AE4C6D1800AE68
S2120E70523D6CECF01A3BECF01A3B16582E185E
S2110E706000AEE3A61800AE40E616567D16EE
S2120E706D582E3A6CF0163A6CF016ECF0123BFB
S2120E707BECF0123B1800AE8D281800AE41A6A3
S2120E708916567D3A6CF0123A6CF012ED8E6DC5
S2120E7097841800AE04F31800AE3FB5ECF016EB
S2120E70A53BECF0163BECF01E3BECF01E3B16E2
S2120E70B3567D16582EECF0163BECF0163BEC07
S2120E70C1F01E3BECF01E3B165676165764304D
S2110E70CF6E82306E824AB20F393A6C883AE5
S2120E70DC6C88EC883BEC883BCC00180656639E
S2120E70EA1B941A8F1802008418020286ECF011
S2120E70F8113BECF0113B16528E3A6C8A3A6C37
S2120E71068AEC8A3BEC8A3B165351ECF0153B96
S2120E7114ECF0153B16572B270BEC84847FC42D
S2120E7122808C4B80250CECF0113BECF0113BF4
S2120E71301820004CECF0113BECF0113B180052
S2120E713EAE00001800AE000016572B2F0BECFE
S2120E714C8A3BEC8A3B165351202AEC8A3BEC0B
S2110E715A8A3B1800AE00011800AE000016AD
S2120E716753E43A6C823A6C8218028088180244
S2120E7175828AEC823BEC823B165351CC000C09
S2070E718306566337
S2120E71861B98EC8D3BEC8D3B1800AE000018EF
S2120E719400AE000016572B2615CD0000EE8F0F
S2120E71A26D001800AE00001800AE000018209B
S2120E71B0005718028B8418028D86EC8459B791
S2120E71BE466D84E6848783007EB746EE8F6DA0
S2120E71CC001808847E64846685EC8D3BEC8D80
S2120E71DA3B1800AE00001800AE000016572B35
S2120E71E82C11EC863BEC863B1659BD3A6C829B
S2120E71F63A6C8220081802848018028682ECFC
S20F0E7204823BEC823BCC000806566373
S2120E720F1B96EC8F3BEC8F3B1800AE00001863
S2120E721D00AE000016572B260AEC8F3BEC8FA9
S2120E722B3B1820007A18028D8618028F88EC0B
S2120E72398659B7466D86E68687B746ECF01188
S2120E72476D80E3806CF0118C00FF2F0A1AF09B
S2120E72551118000000FF2010EDF0118D000045
S2120E72632C081AF0111800000000E6F0126B50
S2120E72718664866687EC8F3BEC8F3B1800AE6D
S2120E727F00001800AE000016572B2C11EC88DF
S2120E728D3BEC883B1659BD3A6C843A6C842056
S2120E729B081802868218028884EC843BEC8467
S20B0E72A93BCC000A065663FB
S2110E72B01B90ECF0153BECF0153B1800AEF5
S2120E72BD00001800AE000016572B2E141803F5
S2120E72CB000129281800AEFFFF1800AEFF7F48
S2120E72D918200104198A6D841AF0131802008C
S2110E72E780180202824AB186393A6C883A47
S2120E72F46C8819F0131802864018028842ECB9
S2120E7302F0153BECF0153B1800AE04F3180029
S2120E7310AE3F3516572B2C20ECF0153BECF04E
S2120E731E153BECF0193BECF0193B16567D3A7B
S2120E732C6CF0153A6CF015ED8A036D8AECF0D7
S2120E733A153BECF0153B1800AE00001800AE2A
S2120E73483F80165676ECF0193BECF0193B180B
S2110E735600AE00001800AE3F8016567D16E5
S2120E736357643A6CF0153A6CF015ECF0153BCC
S2110E7371ECF0153BECF0193BECF0193B165A
S2120E737E582E3A6C8E3A6C8EECF0153BECF0F8
S2120E738C153B1800AE42261800AE3F65ECF01C
S2120E739A163BECF0163B16582E1800AE114E93
S2120E73A81800AE405416567616582EECF012FE
S2110E73B63BECF0123B1800AE114D1800AE69
S2120E73C33FD41656761657641800AE7218187B
S2120E73D100AE3F31ECF01216530D16582E1667
S20C0E73DF567DCC001006566325
S2120E73E71BF1E8ECF01D3BECF01D3B1800AE63
S2120E73F500001800AE000016572B182D009440
S2120E7403ECF01D3BECF01D3B1800AE00001822
S2110E741100AE000016572B261418030001BF
S2120E741E29281800AE00001800AE0000182038
S2110E742C015DECF0213BECF0213B1800AEAC
S2120E743900001800AE000016572B260E180088
S2120E7447AE00001800AE3F80182001381AF076
S2110E74551B18020080180202824AB2B039DF
S2120E74623A6CF0123A6CF012ECF0213BECF0A5
S2120E7470213BECF0163BECF0163B16582E3079
S2110E747E6E82306E824AAF4A393A6C8E3AF4
S2120E748B6C8EEC8E3BEC8E3B182000F4ECF074
S2120E7499213BECF0213B16528E3A6CF0163A62
S2120E74A76CF016ECF0163BECF0163B1653513E
S2120E74B5ECF0253BECF0253B16572B27141853
S2110E74C303000129281800AE00001800AEC8
S2120E74D00000182000B5ECF0163BECF0163B54
S2120E74DE1800AE00011800AE00001653F91886
S2120E74EC00AE00001800AE00001653B01826B4
S2120E74FA004AECF01D3BECF01D3B1659BD3063
S2110E75086E82306E824AB2B0393A6CF012C6
S2120E75153A6CF012ECF0213BECF0213BECF061
S2120E7523163BECF0163B16582E306E82306E6F
S2110E7531824AAF4A393A6C8E3A6C8EEC8E5A
S2120E753E3BEC8E3B18200045ECF01D3BECF0AF
S2120E754C1D3B1659BD306E82306E824AB2B0AE
S2110E755A393A6C8A3A6C8AECF0213BECF064
S2120E7567213BEC8E3BEC8E3B16582E306E8281
S2110E7575306E824AAF4A393A6C863A6C8602
S2110E7582EC863BEC863B1659BDCC00180679
S2060E758F56632E
S2110E3FD21B98198D6D866D82ED8B6D80CC63
S20F0E3FDF41254AA2D7396C841B880AC5
S1115ACA3B1B9E1801802926ED80027D2926B3
S1105AD8E683B716EE80B7616B001B843DBA
S2120E75911B9A1805892926198D6D846D82EDBC
S2110E759F8B6D80CC5ACA4AA2D739CD00009B
S2120E75ACFE2926B7616B00FC2926A3891B86D6
S2050E75BA0AB3
S1115AE566746F61206572726F723A206E757E
S1115AF36D62657220746F6F206269670066D1
S1115B01746F61206572726F723A206E756D5A
S1115B0F62657220746F6F20736D616C6C00A0
S1115B1D66746F61206572726F723A20756E45
S1115B2B6578706563746564206572726F72CC
S1045B390067
S2120E80003B1B9EED878DFFFE2607CD5AE56DC7
S2120E800E802013ED878DFFFF2607CD5B006DDD
S2120E801C802005CD5B1D6D80EC801B840A3B1C
S2120E802A1BF1B119F02D180040FFFF19F0489B
S2120E8038180040FFFF19F03E180040FFFF191B
S2110E8046F042180040FFFF19F02B18004006
S2120E8053FFFF19F03B180040FFFF19F038181B
S2120E80610040000019F02518004000FF19F030
S2120E806F29180040000019F0401800400000CE
S2120E807D19F03A1808402019F0351808402061
S2120E808B19F02218084065EDF05C8D00142FDB
S2110E8099081AF05C1800000014EDF05E8D65
S2120E80A600142F081AF05E1800000014EDF0FD
S2120E80B4548D0000182700F7EDF0548D0001D5
S2120E80C22723EDF0548D00022714EDF0548D9A
S2120E80D000032726EDF0548D00042717182007
S2120E80DE00D31AF022180800451AF0401800BB
S2120E80EC000001182000C01AF02218080045E9
S2120E80FA1AF05619F01E180200401802024226
S2120E8108ECF0583BECF0583B1800AE0000189A
S2120E811600AE000016572B2C1D1800AE0000F3
S2120E81241800AEBF80ECF05C3BECF05C3B1639
S2120E8132582E3A6CF0203A6CF0201AF03118E7
S2120E814000003F8018000200001AF04D1800D6
S2110E814E00000020241800AE00001800AE41
S2120E815B4120ECF0373BECF0373B16582E3A30
S2120E81696CF0333A6CF033EDF04D026DF04DC7
S2120E8177EDF04DADF05E2DD4ECF0203BECF0AE
S2110E8185203B1800AEB7171800AE38D11606
S2120E8192572B2D15ECF0203BECF0203BECF0BE
S2120E81A0373BECF0373B16572B2F081AF040E5
S2110E81AE1800000001ECF05A8400C4108C7E
S2120E81BB000027071AF03A180800301AF03A9D
S2120E81C919F03D180A0040ECF05A8400C40867
S2120E81D78C000027071AF03D1808002BEDF05E
S2120E81E5408D0000271B19F0236D841AF056ED
S2110E81F318020080180202824AAC11396C88
S2120E8200F044182000A61AF0311800003F00B9
S2120E820E18000200001AF04D180000000020A6
S2120E821C24ECF0333BECF0333B1800AE0000C3
S2120E822A1800AE41201657643A6CF0333A6CCC
S2120E8238F033EDF04D026DF04DEDF04DADF065
S2120E82465E2DD4ECF0583BECF0583B1800AE14
S2120E825400001800AE000016572B2C2719F04F
S2120E8262236D84ECF0583BECF0583BECF037F6
S2120E82703BECF0373B165676306E82306E8242
S2110E827E4AAC11396CF044202519F0236D22
S2120E828B84ECF0583BECF0583BECF0373BEC36
S2110E8299F0373B16567D306E82306E824AF0
S2110E82A6AC11396CF044EDF0238D0000276E
S2110E82B310EDF0236D80ECF04F4A80003A7F
S2120E82C0182007821AF04D1800000000EDF090
S2120E82CE408D00002617EDF0488D00002D0F97
S2110E82DCECF04DA3F048ACF05E2F04182019
S2120E82E900CBECF04DE3F044B7461AF04A1800
S2120E82F70A4000E6F04AC13018250075E6F083
S2120E83054AC1391822006C19F04D1AF02D18C8
S2120E8313024000E6F04AC1302312EDF02B8D2C
S2120E832100002C0A1AF04D19F02B1802004020
S2120E832FEDF0488D00002C28EDF0428D00007B
S2120E833D2C11E6F04AC130230A1AF04D19F044
S2120E834B4218020040EDF0428D00002D07EDA8
S2120E8359F038026DF038EDF0488D00002D1154
S2120E8367E6F04AC130230A1AF04D19F03B1804
S2120E8375020040E6F04AC12E260A1AF04D19F6
S2120E8383F04818020040E6F04AC12D260F1AEA
S2120E8391F02918000000011AF03D1808002D05
S2120E839FE6F04AC1002602200EEDF04D026DED
S2110E83ADF04D8D0014182DFF16EDF0488DC6
S2120E83BA00002C0DEDF02D026DF03E026DF063
S2120E83C82F202219F0481AF03E18024000ED43
S2120E83D6F03B8D00002C09EDF03E026DF02FF0
S2110E83E42007EDF03B026DF02FEDF0428D00
S2120E83F100002C07EDF03E036DF042EDF0405E
S2110E83FF8D0000182703DE19F04D18004003
S2120E840C0000E6F03DE1F03A272219F04D1A78
S2120E841AF01C18024000EDF01C026DF04DE650
S2120E8428F03DB716ECF01CE3F04FB745B7610B
S2120E84366B0019F04D1AF01A18024000EDF009
S2120E84441A026DF04DECF02BE3F044B746E650
S2120E845240B716ECF01AE3F04FB745B7616B65
S2120E846000ECF04DE3F04FB745C62E6B00ED68
S2120E846EF05E8D00002F07EDF04D026DF04D06
S2110E847CEDF02B026DF04B1AF046180000C6
S2120E848900001820007CEDF04BADF03E1827DC
S2120E8497006BEDF04BADF02F2C2B19F04D1A9E
S2120E84A5F01818024000EDF018026DF04DECC7
S2120E84B3F04BE3F044B746E640B716ECF01872
S2120E84C1E3F04FB745B7616B002031ECF05A72
S2110E84CF8400C4018C00002608EDF0468DDA
S2120E84DC0000263D19F04D1AF016180240004C
S2120E84EAEDF016026DF04DECF016E3F04FB707
S2120E84F845C6306B00EDF046026DF046EDF018
S2120E85064B026DF04BEDF046ADF05E2C0AED1E
S2120E8514F04D8D000E182DFF72EDF04D036D1E
S2120E8522F046EDF05E8D0000260A1AF04D199A
S2120E8530F04618020040ECF03EA3F02BB746C5
S2120E853E036DF025EDF04BADF02F2C15ECF086
S2120E854C4BE3F044B746E640C12E2607EDF090
S2110E855A4B026DF04BEDF04BADF02F182CD4
S2120E856700EFECF04BE3F044B746E640876CB0
S2110E8575F0148C0035182D00DAEDF0148D84
S2120E85820039182E00D0182000C2ECF046E38A
S2120E8590F04FB746E640876CF0128C00302D8A
S2120E859E25EDF0128D00382E1DECF046E3F0A3
S2120E85AC4FB7466DF010E6F30010B71602EE4F
S2120E85BAF010B7616B0018200094ECF046E34C
S2120E85C8F04FB746E640C12E265BEDF046039A
S2120E85D66DF046B764E3F04FB746E640876C8E
S2120E85E48E8C00302D20ED8E8D00382E19EC6C
S2120E85F2F046E3F04FB7466D8CE6F3000CB77E
S2120E86001602EE8CB7616B00204EECF046E3D1
S2120E860EF04FB746E640C1392615ECF046E3AF
S2120E861CF04FB745C6316B00EDF025026DF03F
S2120E862A25202BECF046E3F04FB746E640C197
S2120E863839260CECF046E3F04FB745C6306B15
S2120E864600EDF046036DF046EDF0468D00009A
S2120E8654182CFF3419F04D1802408AED8A02DB
S2120E86626DF04DE6F022B716EC8AE3F04FB739
S2120E867045B7616B00EDF0258D00002C20192D
S2120E867EF04D18024088ED88026DF04DEC8827
S2120E868CE3F04FB745C62D6B00ECF0254151BE
S2120E869A6CF025CD000A6D82EDF0256D80EC9D
S2110E86A8F04DE3F04F4ABC95381AF04D1811
S2120E86B500000000ECF04DE3F04FB746E64036
S2120E86C3C100260C1AF04D19F03618020040B3
S2120E86D1200CEDF04D026DF04D8D00142DDADE
S2120E86DFECF05A8400C4048C0000274CEDF01C
S2120E86ED36ADF05C182C034E1AF03619F04B14
S2120E86FB180200402018E6F035B716ECF04BCD
S2120E8709E3F04FB745B7616B00EDF04B026D17
S2120E8717F04BEDF04BADF05C2DE0CD0000EE1D
S2120E8725F05C09B754E3F04FB745B7616B0032
S2120E87331820030CEDF036ADF05C182C030289
S2120E87411AF03619F04B180200402025ECF008
S2120E874F4BE3F04FB746E640B716ECF04BE3A2
S2120E875DF05CA3F036E3F04FB745B7616B0045
S2120E876BEDF04B036DF04BEDF04B8D00002C39
S2120E8779D3ECF05CA3F036B746036DF04B2043
S2120E878718E6F03AB716ECF04BE3F04FB74597
S2120E8795B7616B00EDF04B036DF04BEDF04B45
S2110E87A38D00002CE0ECF05A8400C4108C03
S2120E87B000001827028DE6F03DE1F03A18277D
S2120E87BE0283E6F03DB716EEF04FB7616B0085
S2120E87CCE6F03AB716ECF05CA3F036E3F04F8C
S2120E87DAB745B7616B001820025FECF05A84AC
S2120E87E800C4018C00002719ECF03EE3F05E94
S2120E87F6ACF02F2D21ECF03EE3F05EB74602FF
S2120E88046DF02F2013EDF03E02ADF02F260A7B
S2120E88121AF03E19F02F18020040EDF02F8DD2
S2120E882000142F081AF02F1800000014ECF0AB
S2120E882E2FA3F042B7466DF036E6F03DE1F0B1
S2120E883C3A2707EDF036026DF036EDF05CAD25
S2120E884AF0362C0A1AF03619F05C18020040B2
S2120E8858EDF05C8D00142F081AF05C18000070
S2120E88660014EDF0368D00142F081AF036189A
S2120E887400000014ECF05A8400C4048C0000C1
S2120E88822608EDF05CADF036262A19F0271803
S2120E889000400000E6F03DE1F03A18270085A5
S2120E889EE6F03DB716EEF04FB7616B001AF01F
S2120E88AC2718000000011820006DECF05CA3EB
S2120E88BAF0366CF0271AF04B18000000002067
S2120E88C818E6F03AB716ECF04BE3F04FB74555
S2120E88D6B7616B00EDF04B026DF04BEDF04B04
S2120E88E4ADF0272FE0E6F03DE1F03A2732EC3D
S2120E88F2F05A8400C4108C0000270EE6F03DEF
S2120E8900B716EEF04FB7616B002011E6F03D95
S2120E890EB716ECF027E3F04FB745B7616B00D7
S2120E891CEDF027026DF02719F0271AF04B1813
S2120E892A024000EDF0388D00002613ECF04BE8
S2120E8938E3F04FB745C6306B00EDF04B026D08
S2120E8946F04B1AF04D1800000000202FECF03B
S2120E89544DE3F044B746ECF0426D86E386B770
S2120E896246E640B716ECF04BE3F04FB745B7BF
S2120E8970616B00EDF04B026DF04BEDF04D021C
S2120E897E6DF04DEDF04DADF0382DC9EDF02F2D
S2120E898CADF03E2F13ECF04BE3F04FB745C6A2
S2120E899A2E6B00EDF04B026DF04B1AF04D18E2
S2120E89A8000000002055ECF03BA3F048ACF0AB
S2120E89B64D2F24ECF04DE3F044B746ECF0489F
S2120E89C46D86E386B74602E640B716ECF04B1D
S2120E89D2E3F04FB745B7616B002018ECF05A75
S2120E89E08400C4018C00002746ECF04BE3F03A
S2120E89EE4FB745C6306B00EDF04B026DF04BEA
S2120E89FCEDF04D026DF04DEDF04DADF05E2C33
S2120E8A0A0AEDF04B8D0014182DFF992018E67D
S2120E8A18F035B716ECF04BE3F04FB745B761EE
S2120E8A266B00EDF04B026DF04BEDF04BADF02D
S2120E8A345C2DE0ECF04BE3F04FB745C6006B42
S20C0E8A4200ECF04F1BF0510A88
S2120E75BB3B1B9EED828D00002D061802828070
S2120E75C92008EC82405082006C80EC801B8402
S2050E75D70A96
S105635900013D
S2110E75D83B180580252D1B820AFD252DCCA7
S2110E75E54E6D13C33039847FC4FFB746FECB
S20C0E75F2252D7D252DB7540A48
S2120E75FA3B1B9A1802868418028B82200AED1E
S2120E760884026D84ED82026D8218028D80ED76
S2110E761680036D8DED808D0000270AE6F3D3
S2120E76230004E1F3000227DCED8D028D000060
S2110E7631270AE6F30004E1F300022605CC5E
S2120E763E00002012E6F30004E1F3000224051D
S20F0E764CCCFFFF2003CC00011B880AB9
S2120E76573B1B9618028A8818028F86201E1875
S2120E7665028884ED84026D8818028682ED82FD
S2120E7673026D86E6F30002B716EE84B7616B64
S2120E76810019F01118024080ED80036DF01116
S2100E768FED808D000026CEEC8A1B8C0AC7
S2120E769B3B1B9A18028684201418028482ED79
S2120E76A982026D84EC8B87B746EE82B7616B5D
S2110E76B70018028D80ED80036D8DED808D28
S20D0E76C4000026DCEC861B880A89
S2120E76CD3B1B9A180286842005ED86026D86FB
S2120E76DBE6F30006C10026F3201E1802868275
S2120E76E9ED82026D8618028B80ED80026D8B90
S2120E76F7E6F30000B716EE82B7616B00E6F300
S2120E7705000BC10026DAE6F3000BB716EE8672
S20D0E7713B7616B00EC841B880ABA
S2120E771C3B1B9C200AED84026D84ED89026DE7
S2120E772A89E6F30004876C828C00002712E6B8
S2120E7738F30009876C808C00002706ED82ADEC
S2120E77468027D8E6F30004E1F300092605CCF2
S2120E775400002012E6F30004E1F300092405FF
S20F0E7762CCFFFF2003CC00011B860AA4
S2110E776D3B1B9C1800800000203418008284
S2120E777A00002017EC82E389B746E6F3000403
S2120E7788E1402604EC802025ED82026D82EC98
S2120E779682E389B746E640C10026DDED84028A
S2120E77A46D84ED80026D80E6F30004C10026B3
S20A0E77B2C4EC801B860AE3
S2120E77B83B1B9C18008200002005ED82026D21
S2120E77C68218028480ED80026D84E6F30000C9
S20D0E77D4C10026EAEC821B860AAF
S2120E77DD3B1B9A200AED86026D86ED8B026D22
S2110E77EB8B18028D84ED84036D8DED848D5C
S2120E77F80000271EE6F30006876C828C00004B
S2120E78062712E6F3000B876C808C0000270618
S2120E7814ED82AD8027C8ED8D028D0000270A8E
S2120E7822E6F30006E1F3000B2605CC00002070
S2120E783012E6F30006E1F3000B2405CCFFFF74
S20C0E783E2003CC00011B880A92
S2120E78463B1B9618028A88202518028A86EDAD
S2120E785486026D8A18028F84ED84026D8FE612
S2120E7862F30004B716EE86B7616B00EDF0115C
S2120E7870036DF011E6F3000FC1002708EDF0D1
S2120E787E118D000026CB201218028A82ED8293
S2120E788C026D8ACD0000EE82B7616B0019F019
S2120E789A1118024080ED80036DF011ED808D0A
S20D0E78A8000026DAEC881B8C0A9F
S2110E78B13B1B9CED896D80EC844AB76D394B
S2120E78BEB7456E82B754E384B746E640C10067
S2120E78CC2706EC82E3842003CC00001B860AFF
S2110E78DA3B1B9C1800800000204718008203
S2120E78E700002019EC82E389B746EC80E3849D
S2120E78F5B745E600E14026022011ED82026D38
S2120E790382EC82E389B746E640C10026DBEC36
S2120E791182E389B746EC80E384B745E600E1D4
S2120E791F402704EC802015ED80026D80EC8073
S2120E792DE384B746E640C1001826FFABEC809A
S2070E793B1B860A8B
S2120E793E3B1B96ED8A8D0000270618028A84E3
S2120E794C2005180184292A18028488ED888DDD
S2120E795A00002605CC0000204FED8F6D80EC51
S2110E7968884AB8DA39E388B7466D88E6F32C
S2120E79750008C1002605CC00002032ED8F6DF6
S2110E798380EC884AB8B1396C868C0000275F
S2120E79901AE6F30006C100271218028682EDD4
S2120E799E82026D86CD0000EE82B7616B001879
S20D0E79AC0586292AEC881B8C0ABC
S1115B3A3B1BF1DE1AF01E18000000001800DC
S1115B480200001AF01A1800003DCC180002EA
S1115B56CCCD1AF017180800201AF016180803
S1115B6400201AF01818000000002007EDF0D1
S1115B7222026DF022E6F3002287165DFA8C03
S1115B80000026ECE6F30022C12D261A19F0CF
S1115B8E221802408CED8C026DF022ED8C1A70
S1115B9CF017180A400018200055E6F3002206
S1115BAAC12B1826004BEDF022026DF02220D4
S1115BB84219F0221802408AED8A026DF02292
S1115BC61800AE00001800AE4120ECF0243BA5
S1105BD4ECF0243B16582EE6F3000E871665
S1105BE1530D16567D1800AE00001800AEDE
S1115BEE42401656763A6CF0203A6CF020E6EF
S1115BFCF3002287165DCA8C00001826FFAF46
S1115C0AE6F30022C12E1826005EEDF0220201
S1115C186DF0221820005319F0221802408863
S1115C26ED88026DF022ECF0203BECF0203B08
S1115C34E6F3000C8783003016530DECF024C9
S1115C423BECF0243B16582E16567D3A6CF0BF
S1115C50203A6CF020ECF01C3BECF01C3B18EE
S1115C5E00AE00001800AE41201657643A6CE8
S1115C6CF01C3A6CF01CE6F3002287165DCAA9
S1105C7A8C00001826FF9EE6F3002287161A
S1115C875E128C0045182600D3EDF022026D4B
S1115C95F022E6F30022C12D261819F0221881
S1115CA3024086ED86026DF022ED861AF016A0
S1115CB1180A4000203AE6F30022C12B2632E6
S1115CBFEDF022026DF022202919F0221802C5
S1115CCD4084ED84026DF022EDF018CC000A44
S1115CDB13B746E6F3000487B745B7646E823C
S1115CE9E3828300306CF018E6F30022871685
S1115CF75DCA8C000026CAE6F016C12D2630C8
S1115D05EDF0186D80CC000A165D8B3A6CF040
S1115D13143A6CF014ECF0203BECF0203BEC66
S1115D21F0183BECF0183B1657643A6CF02077
S1115D2F3A6CF020202EEDF0186D80CC000AA6
S1115D3D165D8B3A6CF0103A6CF010ECF0200E
S1115D4B3BECF0203BECF0143BECF0143B1668
S1115D59582E3A6CF0203A6CF020E6F017C198
S1115D672D2613ECF0203BECF0203B1659BD2A
S1115D753A6CF0203A6CF020ECF0203BECF09D
S1115D83203BCC00240656583B1B9A18008087
S1115D913F80180082000018008400002019D2
S1115D9FEC823BEC823BEC8A16530D16582E18
S1115DAD3A6C823A6C82ED84026D84ED84AD12
S1105DBB8A2DE1EC823BEC823BCC00080613
S1055DC8565827
S1115DCA3B1B9ECD59CAEC826D80E380B74628
S10D5DD8E640878400C4041B843DE8
S1115DE23B1B9ECD59CAEC826D80E380B74610
S10D5DF0E640878400C4021B843DD2
S1115DFA3B1B9ECD59CAEC826D80E380B746F8
S10D5E08E640878400C4101B843DAB
S1115E123BEC80165DE28C0000270AEC8083D6
S10F5E200061C300412002EC801B823DA5
S9034000BC
