                        .module MenuFunctions.c
                        .area text
 0000                   .dbfile ..\REV1~1.01\MenuFunctions.c
                        .area data
 0000                   .dbfile ..\REV1~1.01\MenuFunctions.c
 0000           _UpdateArrayVar::
 0000                   .blkb 1
                        .area idata
 0000 00                .byte 0
                        .area data
 0001                   .dbfile ..\REV1~1.01\MenuFunctions.c
 0001                   .dbfile C:\Dev\REV1~1.01\MenuFunctions.c
 0001                   .dbsym e UpdateArrayVar _UpdateArrayVar c
 0001           _StoreFlag::
 0001                   .blkb 1
                        .area idata
 0001 00                .byte 0
                        .area data
 0002                   .dbfile C:\Dev\REV1~1.01\MenuFunctions.c
 0002                   .dbsym e StoreFlag _StoreFlag c
                        .area text
 0000                   .dbfile C:\Dev\REV1~1.01\MenuFunctions.c
 0000                   .dbfunc e NullFunction _NullFunction fI
 0000           _NullFunction::
 0000                   .dbline -1
 0000                   .dbline 63
 0000           ; #include <stdio.h>
 0000           ; #include <string.h>
 0000           ; #include <stdlib.h>
 0000           ; #include <math.h>
 0000           ; 
 0000           ; #include "Camera.h"
 0000           ; #include "nodecfg.h"
 0000           ; #include "Subroutines.h"
 0000           ; #include "mc9s12a128.h"
 0000           ; #include "Interrupts.h"
 0000           ; #include "mco.h"
 0000           ; #include "mcohw.h"
 0000           ; #include "EEProm.h"
 0000           ; #include "MenuFunctions.h"
 0000           ; 
 0000           ; 
 0000           ; extern char Variable_flag;
 0000           ; extern char String_Var_ptr;
 0000           ; extern char Multi_Var_ptr;
 0000           ; extern struct MenuStack MenuStackc[];
 0000           ; extern char StackPointer;
 0000           ; extern char Menu[12][21];
 0000           ; extern char Gen_Flags;
 0000           ; extern unsigned int cam_add;
 0000           ; 
 0000           ; extern UNSIGNED8 gProcImg[]; 
 0000           ; extern CAN_MSG gTxMsg;
 0000           ; extern unsigned int TC0_RCVD_Data;
 0000           ; 
 0000           ; extern struct menu_var SerialNum;
 0000           ; extern struct menu_var NullVar;
 0000           ; extern struct menu_var NullVar2;
 0000           ; extern struct menu_var MicOnOff;
 0000           ; extern struct menu_var CamTag;
 0000           ; char EE_CamTag[STR_VALUE_LEN];
 0000           ; 
 0000           ; extern const int EG_defaults[]; 
 0000           ; extern const int LG_defaults[]; 
 0000           ; extern const double GR_defaults[];
 0000           ; 
 0000           ; char CursorDownFlag;
 0000           ; char CursorUpFlag;
 0000           ; char SelectFlag;
 0000           ; extern char UpdateMenu;
 0000           ; 
 0000           ; extern unsigned int Timer1;
 0000           ; extern unsigned int MenuTimer;
 0000           ; extern unsigned int IncSpeedUpTimer;
 0000           ; 
 0000           ; extern char fast_inc;
 0000           ; 
 0000           ; char UpdateArrayVar = 0;
 0000           ; 
 0000           ; 
 0000           ; char AcceptKeys;
 0000           ; char InProcess;
 0000           ; char StoreFlag = 0;
 0000           ; extern char State;
 0000           ; 
 0000           ; 
 0000           ; 
 0000           ; int NullFunction ( void )
 0000           ; {
 0000                   .dbline 64
 0000           ;     return 0;
 0000 CC0000            ldd #0
 0003                   .dbline -2
 0003           L6:
 0003                   .dbline 0 ; func end
 0003 3D                rts
 0004                   .dbend
                        .area extcode(paged)
 0000                   .dbfile C:\Dev\REV1~1.01\MenuFunctions.c
 0000                   .dbstruct 0 34 menu_var
 0000                   .dbfield 0 value D
 0000                   .dbfield 4 inc D
 0000                   .dbfield 8 min D
 0000                   .dbfield 12 max D
 0000                   .dbfield 16 dec_pos c
 0000                   .dbfield 17 len_str C
 0000                   .dbfield 18 str_value A[12:12]c
 0000                   .dbfield 30 str_enum pc
 0000                   .dbfield 32 next_var pS[menu_var]
 0000                   .dbend
 0000                   .dbfunc e getVariable _getVariable fpS[menu_var]
 0000           ;              k -> 8,SP
 0000           ;              j -> 10,SP
 0000           ;            var -> 12,SP
 0000           $_getVariable::
 0000 1B92              leas -14,S
 0002                   .dbline -1
 0002                   .dbline 69
 0002           ; }
 0002           ; 
 0002           ; //This gets the variable pointed to by the Menu/Cursor/Multi_Var_ptr
 0002           ; struct menu_var *getVariable( void ) 
 0002           ; {
 0002                   .dbline 71
 0002           ;      int k;
 0002           ;        int j=1;
 0002 18008A0001        movw #1,10,S
 0007                   .dbline 74
 0007           ;        struct menu_var *var; 
 0007           ;        
 0007           ;        k = FindMenu();
 0007 4A082727          xcall $_FindMenu
 000B 87                clra
 000C B746              tfr D,Y
 000E 6D88              sty 8,S
 0010                   .dbline 75
 0010           ;        var = Menuc[k].VarPntr[MenuStackc[StackPointer].CursorPos+MenuStackc[StackPointer].FirstLine-1];
 0010 F60000            ldab _StackPointer
 0013 87                clra
 0014 B746              tfr D,Y
 0016 CC0006            ldd #6
 0019 13                emul
 001A 6C86              std 6,S
 001C CD0005            ldy #_MenuStackc+5
 001F 6D80              sty 0,S
 0021 E380              addd 0,S
 0023 B746              tfr D,Y
 0025 E640              ldab 0,Y
 0027 87                clra
 0028 6C84              std 4,S
 002A EC86              ldd 6,S
 002C CE0004            ldx #_MenuStackc+4
 002F 6E80              stx 0,S
 0031 E380              addd 0,S
 0033 B746              tfr D,Y
 0035 E640              ldab 0,Y
 0037 87                clra
 0038 B746              tfr D,Y
 003A EE84              ldx 4,S
 003C B764              tfr Y,D
 003E 6E80              stx 0,S
 0040 E380              addd 0,S
 0042 830001            subd #1
 0045 59                lsld
 0046 6C82              std 2,S
 0048 ED88              ldy 8,S
 004A CC0137            ldd #311
 004D 13                emul
 004E B746              tfr D,Y
 0050 CE010B            ldx #_Menuc+267
 0053 B764              tfr Y,D
 0055 6E80              stx 0,S
 0057 E380              addd 0,S
 0059 B746              tfr D,Y
 005B EC82              ldd 2,S
 005D 6D80              sty 0,S
 005F E380              addd 0,S
 0061 B746              tfr D,Y
 0063 1802408C          movw 0,Y,12,S
 0067 200E              bra L12
 0069           L11:
 0069                   .dbline 77
 0069           ;        while(j<Multi_Var_ptr)
 0069           ;        {
 0069                   .dbline 78
 0069           ;            var = var->next_var;
 0069 ED8C              ldy 12,S
 006B 19E820            leay 32,Y
 006E 1802408C          movw 0,y,12,S
 0072                   .dbline 79
 0072           ;                j++;
 0072 ED8A              ldy 10,S
 0074 02                iny
 0075 6D8A              sty 10,S
 0077                   .dbline 80
 0077           ;        }
 0077           L12:
 0077                   .dbline 76
 0077 F60000            ldab _Multi_Var_ptr
 007A 87                clra
 007B AC8A              cpd 10,S
 007D 2EEA              bgt L11
 007F                   .dbline 81
 007F           ;      return var;
 007F EC8C              ldd 12,S
 0081                   .dbline -2
 0081           L7:
 0081                   .dbline 0 ; func end
 0081 1B8E              leas 14,S
 0083 0A                rtc
 0084                   .dbsym l k 8 I
 0084                   .dbsym l j 10 I
 0084                   .dbsym l var 12 pS[menu_var]
 0084                   .dbend
 0084                   .dbfunc e StdVarFunc_String _StdVarFunc_String fV
 0084           ;      old_value -> 4,SP
 0084           ;            var -> 8,SP
 0084           $_StdVarFunc_String::
 0084 3B                pshd
 0085 1B98              leas -8,S
 0087                   .dbline -1
 0087                   .dbline 86
 0087           ; }
 0087           ; 
 0087           ; //This displays the "String Type" variable with a '-' in the current "String_Var_ptr" location
 0087           ; void StdVarFunc_String ( struct menu_var *var ) 
 0087           ; {
 0087                   .dbline 89
 0087           ;       float old_value; 
 0087           ;       
 0087           ;     getvalue(var,String_Var_ptr-1);
 0087 F60000            ldab _String_Var_ptr
 008A B716              tfr B,Y
 008C 03                dey
 008D B764              tfr Y,D
 008F 87                clra
 0090 6C80              std 0,S
 0092 EC88              ldd 8,S
 0094 4A03C3C3          xcall $_getvalue
 0098 1B84              leas 4,S
 009A                   .dbline 90
 009A           ;     old_value = var->value;
 009A ED88              ldy 8,S
 009C 18024084          movw 0,Y,4,S
 00A0 18024286          movw 2,Y,6,S
 00A4                   .dbline 91
 00A4           ;     var->value = var->max+1;   //the last char in the enum list is used as a cursor
 00A4 EC88              ldd 8,S
 00A6 C3000C            addd #12
 00A9 B745              tfr D,X
 00AB ED88              ldy 8,S
 00AD 180202AE          movw 2,X,2,-S
 00B1 180200AE          movw 0,X,2,-S
 00B5 1800AE0000        movw #0,2,-S
 00BA 1800AE3F80        movw #16256,2,-S
 00BF 160000            jsr addf4
 00C2 30                pulx
 00C3 6E40              stx 0,Y
 00C5 30                pulx
 00C6 6E42              stx 2,Y
 00C8                   .dbline 92
 00C8           ;     getstrval(var);                            //put it in the string temporarily   
 00C8 EC88              ldd 8,S
 00CA 4A058F8F          xcall $_getstrval
 00CE                   .dbline 93
 00CE           ;     LoadMenu ( MenuStackc[StackPointer].Index );
 00CE F60000            ldab _StackPointer
 00D1 87                clra
 00D2 B746              tfr D,Y
 00D4 CC0006            ldd #6
 00D7 13                emul
 00D8 B746              tfr D,Y
 00DA CE0000            ldx #_MenuStackc
 00DD B764              tfr Y,D
 00DF 6E82              stx 2,S
 00E1 E382              addd 2,S
 00E3 4A0F8C8C          xcall $_LoadMenu
 00E7                   .dbline 94
 00E7           ;     var->value = old_value;
 00E7 ED88              ldy 8,S
 00E9 EC86              ldd 6,S
 00EB 3B                pshd
 00EC EC86              ldd 6,S
 00EE 3B                pshd
 00EF 30                pulx
 00F0 6E40              stx 0,Y
 00F2 30                pulx
 00F3 6E42              stx 2,Y
 00F5                   .dbline 95
 00F5           ;     getstrval(var);
 00F5 EC88              ldd 8,S
 00F7 4A058F8F          xcall $_getstrval
 00FB                   .dbline -2
 00FB           L14:
 00FB                   .dbline 0 ; func end
 00FB 1B8A              leas 10,S
 00FD 0A                rtc
 00FE                   .dbsym l old_value 4 D
 00FE                   .dbsym l var 8 pS[menu_var]
 00FE                   .dbend
 00FE                   .dbfunc e next_variable _next_variable fV
 00FE           ;            var -> 2,SP
 00FE           $_next_variable::
 00FE 3B                pshd
 00FF 1B9E              leas -2,S
 0101                   .dbline -1
 0101                   .dbline 100
 0101           ; }
 0101           ; 
 0101           ; // This puts the next variable in the Menu and updates the pointers "Multi_Var_ptr", "String_Var_ptr", "Variable_flag"
 0101           ; void next_variable ( struct menu_var *var )
 0101           ; {
 0101                   .dbline 101
 0101           ;     if (var->next_var) // See if more linked variables
 0101 EC82              ldd 2,S
 0103 C30020            addd #32
 0106 B746              tfr D,Y
 0108 ED40              ldy 0,Y
 010A 8D0000            cpy #0
 010D 2755              beq L16
 010F                   .dbline 102
 010F           ;     {
 010F                   .dbline 103
 010F           ;         Multi_Var_ptr++;
 010F 720000            inc _Multi_Var_ptr
 0112                   .dbline 104
 0112           ;         var = getVariable();   // Get the variable pointed to by Multi_Var_ptr
 0112 4A000000          xcall $_getVariable
 0116 B745              tfr D,X
 0118 6E82              stx 2,S
 011A                   .dbline 105
 011A           ;         if (var->len_str < 0)  // See if "String Type"
 011A B754              tfr X,D
 011C C30011            addd #17
 011F B746              tfr D,Y
 0121 E640              ldab 0,Y
 0123 C100              cmpb #0
 0125 2C0D              bge L18
 0127                   .dbline 106
 0127           ;         {
 0127                   .dbline 107
 0127           ;             String_Var_ptr = 1;
 0127 180B010000        movb #1,_String_Var_ptr
 012C                   .dbline 108
 012C           ;             StdVarFunc_String(var); //Display "String Type"   ">-xxx"
 012C EC82              ldd 2,S
 012E 4A008484          xcall $_StdVarFunc_String
 0132                   .dbline 109
 0132           ;         }
 0132 2059              bra L17
 0134           L18:
 0134                   .dbline 111
 0134           ;       else //"Standard" numeric or enum variable here
 0134           ;       {
 0134                   .dbline 112
 0134           ;             if (!Multi_Var_ptr)
 0134 F60000            ldab _Multi_Var_ptr
 0137 C100              cmpb #0
 0139 2603              bne L20
 013B                   .dbline 113
 013B           ;                 Variable_flag = 0; //This removes Variable Cursor when the menu is loaded
 013B 790000            clr _Variable_flag
 013E           L20:
 013E                   .dbline 115
 013E           ;                       
 013E           ;               LoadMenu ( MenuStackc[StackPointer].Index );
 013E F60000            ldab _StackPointer
 0141 87                clra
 0142 B746              tfr D,Y
 0144 CC0006            ldd #6
 0147 13                emul
 0148 B746              tfr D,Y
 014A CE0000            ldx #_MenuStackc
 014D B764              tfr Y,D
 014F 6E80              stx 0,S
 0151 E380              addd 0,S
 0153 4A0F8C8C          xcall $_LoadMenu
 0157                   .dbline 116
 0157           ;               if (!Multi_Var_ptr)
 0157 F60000            ldab _Multi_Var_ptr
 015A C100              cmpb #0
 015C 262F              bne L17
 015E                   .dbline 117
 015E           ;                 InsertCursor ();
 015E 4A178888          xcall $_InsertCursor
 0162                   .dbline 118
 0162           ;         }
 0162                   .dbline 120
 0162           ;       
 0162           ;     }
 0162 2029              bra L17
 0164           L16:
 0164                   .dbline 122
 0164           ;       else // No more linked variables, cursor back to beginning of line
 0164           ;       {
 0164                   .dbline 123
 0164           ;           Variable_flag = 0;
 0164 790000            clr _Variable_flag
 0167                   .dbline 124
 0167           ;               Multi_Var_ptr = 0;
 0167 790000            clr _Multi_Var_ptr
 016A                   .dbline 125
 016A           ;               String_Var_ptr = 0;
 016A 790000            clr _String_Var_ptr
 016D                   .dbline 126
 016D           ;               UpdateArrayVar = 0;
 016D 790000            clr _UpdateArrayVar
 0170                   .dbline 127
 0170           ;               LoadMenu ( MenuStackc[StackPointer].Index );
 0170 F60000            ldab _StackPointer
 0173 87                clra
 0174 B746              tfr D,Y
 0176 CC0006            ldd #6
 0179 13                emul
 017A B746              tfr D,Y
 017C CE0000            ldx #_MenuStackc
 017F B764              tfr Y,D
 0181 6E80              stx 0,S
 0183 E380              addd 0,S
 0185 4A0F8C8C          xcall $_LoadMenu
 0189                   .dbline 128
 0189           ;               InsertCursor ();
 0189 4A178888          xcall $_InsertCursor
 018D                   .dbline 129
 018D           ;       }
 018D           L17:
 018D                   .dbline -2
 018D           L15:
 018D                   .dbline 0 ; func end
 018D 1B84              leas 4,S
 018F 0A                rtc
 0190                   .dbsym l var 2 pS[menu_var]
 0190                   .dbend
 0190                   .dbfunc e Next_Char_In_String_Var _Next_Char_In_String_Var fV
 0190           ;              i -> 3,SP
 0190           ;            var -> 5,SP
 0190           $_Next_Char_In_String_Var::
 0190 3B                pshd
 0191 1B9B              leas -5,S
 0193                   .dbline -1
 0193                   .dbline 135
 0193           ;     
 0193           ; }
 0193           ; 
 0193           ; // This points to the next char in "String Type" variables and puts in Menu, or goes to next variable
 0193           ; void Next_Char_In_String_Var ( struct menu_var *var ) 
 0193           ; {
 0193                   .dbline 138
 0193           ;     int i;
 0193           ;       
 0193           ;     if (++String_Var_ptr > abs(var->len_str)) //End of "String Type" variable here
 0193 F60000            ldab _String_Var_ptr
 0196 B716              tfr B,Y
 0198 02                iny
 0199 B761              tfr Y,B
 019B 6B82              stab 2,S
 019D EC85              ldd 5,S
 019F C30011            addd #17
 01A2 B746              tfr D,Y
 01A4 E640              ldab 0,Y
 01A6 B714              tfr B,D
 01A8 180D820000        movb 2,S,_String_Var_ptr
 01AD 4A000000          xcall $_abs
 01B1 B745              tfr D,X
 01B3 6E80              stx 0,S
 01B5 E682              ldab 2,S
 01B7 87                clra
 01B8 AC80              cpd 0,S
 01BA 2F08              ble L25
 01BC                   .dbline 139
 01BC           ;     {
 01BC                   .dbline 140
 01BC           ;           next_variable (var);
 01BC EC85              ldd 5,S
 01BE 4A00FEFE          xcall $_next_variable
 01C2                   .dbline 141
 01C2           ;     }
 01C2 2006              bra L26
 01C4           L25:
 01C4                   .dbline 143
 01C4           ;     else
 01C4           ;     {
 01C4                   .dbline 144
 01C4           ;           StdVarFunc_String(var);
 01C4 EC85              ldd 5,S
 01C6 4A008484          xcall $_StdVarFunc_String
 01CA                   .dbline 145
 01CA           ;     }
 01CA           L26:
 01CA                   .dbline -2
 01CA           L24:
 01CA                   .dbline 0 ; func end
 01CA 1B87              leas 7,S
 01CC 0A                rtc
 01CD                   .dbsym l i 3 I
 01CD                   .dbsym l var 5 pS[menu_var]
 01CD                   .dbend
 01CD                   .dbfunc e ArrayVarFunction _ArrayVarFunction fI
 01CD           $_ArrayVarFunction::
 01CD                   .dbline -1
 01CD                   .dbline 152
 01CD           ; 
 01CD           ; }
 01CD           ; 
 01CD           ; //When a menu item is first select, this sets the UpdateArrayVar to cause 
 01CD           ; //a variable array to be update
 01CD           ; int ArrayVarFunction ( void )
 01CD           ; {
 01CD                   .dbline 153
 01CD           ;     UpdateArrayVar = 8;
 01CD 180B080000        movb #8,_UpdateArrayVar
 01D2                   .dbline 154
 01D2           ;       return StdVarFunction();
 01D2 160004            jsr _StdVarFunction
 01D5                   .dbline -2
 01D5           L27:
 01D5                   .dbline 0 ; func end
 01D5 0A                rtc
 01D6                   .dbend
 01D6                   .dbfunc e UpdateArrayVariables _UpdateArrayVariables fV
 01D6           ;              i -> 8,SP
 01D6           ;        tempstr -> 10,SP
 01D6           ;            num -> 28,SP
 01D6           ;            var -> 22,SP
 01D6           $_UpdateArrayVariables::
 01D6 3B                pshd
 01D7 1BF1EA            leas -22,S
 01DA                   .dbline -1
 01DA                   .dbline 158
 01DA           ; }
 01DA           ; 
 01DA           ; void UpdateArrayVariables ( struct menu_var *var, char num )
 01DA           ; {
 01DA                   .dbline 160
 01DA           ;     char tempstr[12];
 01DA           ;     int i=0;
 01DA 1800880000        movw #0,8,S
 01DF                   .dbline 162
 01DF           ;     
 01DF           ;       if (num)
 01DF E6F01C            ldab 28,S
 01E2 C100              cmpb #0
 01E4 18270081          lbeq L29
 01E8                   .dbline 163
 01E8           ;       {
 01E8                   .dbline 164
 01E8           ;         var = getVariable();
 01E8 4A000000          xcall $_getVariable
 01EC B745              tfr D,X
 01EE 6EF016            stx 22,S
 01F1                   .dbline 165
 01F1           ;         strncpy (tempstr,&var->str_value[0],sizeof(tempstr));
 01F1 CD000C            ldy #12
 01F4 6D82              sty 2,S
 01F6 ECF016            ldd 22,S
 01F9 C30012            addd #18
 01FC 6C80              std 0,S
 01FE 198A              leay 10,S
 0200 B764              tfr Y,D
 0202 4A000000          xcall $_strncpy
 0206 2030              bra L32
 0208           L31:
 0208                   .dbline 167
 0208           ;         while (i++ < num-1)
 0208           ;         {
 0208                   .dbline 168
 0208           ;             var++;
 0208 ECF016            ldd 22,S
 020B C30022            addd #34
 020E 6CF016            std 22,S
 0211                   .dbline 169
 0211           ;               strncpy (&var->str_value[0],tempstr,var->len_str);
 0211 C30011            addd #17
 0214 B746              tfr D,Y
 0216 E640              ldab 0,Y
 0218 B716              tfr B,Y
 021A 6D82              sty 2,S
 021C 198A              leay 10,S
 021E 6D80              sty 0,S
 0220 ECF016            ldd 22,S
 0223 C30012            addd #18
 0226 4A000000          xcall $_strncpy
 022A                   .dbline 170
 022A           ;               getvalue(var,0);
 022A CD0000            ldy #0
 022D 6D80              sty 0,S
 022F ECF016            ldd 22,S
 0232 4A03C3C3          xcall $_getvalue
 0236 1B84              leas 4,S
 0238                   .dbline 171
 0238           ;         }
 0238           L32:
 0238                   .dbline 166
 0238 18028886          movw 8,S,6,S
 023C ED86              ldy 6,S
 023E 02                iny
 023F 6D88              sty 8,S
 0241 E6F01C            ldab 28,S
 0244 87                clra
 0245 B746              tfr D,Y
 0247 03                dey
 0248 AD86              cpy 6,S
 024A 2EBC              bgt L31
 024C                   .dbline 172
 024C           ;               LoadMenu ( MenuStackc[StackPointer].Index );
 024C F60000            ldab _StackPointer
 024F 87                clra
 0250 B746              tfr D,Y
 0252 CC0006            ldd #6
 0255 13                emul
 0256 B746              tfr D,Y
 0258 CE0000            ldx #_MenuStackc
 025B B764              tfr Y,D
 025D 6E84              stx 4,S
 025F E384              addd 4,S
 0261 4A0F8C8C          xcall $_LoadMenu
 0265                   .dbline 173
 0265           ;               DisplayTitler ();
 0265 4A17BFBF          xcall $_DisplayTitler
 0269                   .dbline 174
 0269           ;       }
 0269           L29:
 0269                   .dbline -2
 0269           L28:
 0269                   .dbline 0 ; func end
 0269 1BF018            leas 24,S
 026C 0A                rtc
 026D                   .dbsym l i 8 I
 026D                   .dbsym l tempstr 10 A[12:12]c
 026D                   .dbsym l num 28 c
 026D                   .dbsym l var 22 pS[menu_var]
 026D                   .dbend
 026D                   .dbfunc e SkipVarFunction _SkipVarFunction fI
 026D           ;            var -> 8,SP
 026D           ;              i -> 10,SP
 026D           $_SkipVarFunction::
 026D 1B94              leas -12,S
 026F                   .dbline -1
 026F                   .dbline 180
 026F           ; }
 026F           ; 
 026F           ; //When a menu item is first select, this skips the first variable on the line (multi-variable)
 026F           ; //The first variable can be used to display info such as temperature
 026F           ; int SkipVarFunction ( void )
 026F           ; {
 026F                   .dbline 184
 026F           ;     int i;
 026F           ;       struct menu_var *var;
 026F           ;       
 026F           ;       if ( !Variable_flag ) //Here the first time select is pushed
 026F F60000            ldab _Variable_flag
 0272 C100              cmpb #0
 0274 1826006B          lbne L35
 0278                   .dbline 185
 0278           ;       {
 0278                   .dbline 186
 0278           ;           i = FindMenu(); 
 0278 4A082727          xcall $_FindMenu
 027C 87                clra
 027D B746              tfr D,Y
 027F 6D8A              sty 10,S
 0281                   .dbline 187
 0281           ;           var = Menuc[i].VarPntr[MenuStackc[StackPointer].CursorPos+MenuStackc[StackPointer].FirstLine-1];
 0281 F60000            ldab _StackPointer
 0284 87                clra
 0285 B746              tfr D,Y
 0287 CC0006            ldd #6
 028A 13                emul
 028B 6C86              std 6,S
 028D CD0005            ldy #_MenuStackc+5
 0290 6D80              sty 0,S
 0292 E380              addd 0,S
 0294 B746              tfr D,Y
 0296 E640              ldab 0,Y
 0298 87                clra
 0299 6C84              std 4,S
 029B EC86              ldd 6,S
 029D CE0004            ldx #_MenuStackc+4
 02A0 6E80              stx 0,S
 02A2 E380              addd 0,S
 02A4 B746              tfr D,Y
 02A6 E640              ldab 0,Y
 02A8 87                clra
 02A9 B746              tfr D,Y
 02AB EE84              ldx 4,S
 02AD B764              tfr Y,D
 02AF 6E80              stx 0,S
 02B1 E380              addd 0,S
 02B3 830001            subd #1
 02B6 59                lsld
 02B7 6C82              std 2,S
 02B9 ED8A              ldy 10,S
 02BB CC0137            ldd #311
 02BE 13                emul
 02BF B746              tfr D,Y
 02C1 CE010B            ldx #_Menuc+267
 02C4 B764              tfr Y,D
 02C6 6E80              stx 0,S
 02C8 E380              addd 0,S
 02CA B746              tfr D,Y
 02CC EC82              ldd 2,S
 02CE 6D80              sty 0,S
 02D0 E380              addd 0,S
 02D2 B746              tfr D,Y
 02D4 18024088          movw 0,Y,8,S
 02D8                   .dbline 189
 02D8           ;           //var is the 1st variable pointed to in the menu
 02D8           ;               next_variable( var );
 02D8 EC88              ldd 8,S
 02DA 4A00FEFE          xcall $_next_variable
 02DE                   .dbline 191
 02DE           ;               
 02DE           ;               Variable_flag = 1;
 02DE 180B010000        movb #1,_Variable_flag
 02E3                   .dbline 192
 02E3           ;       }
 02E3           L35:
 02E3                   .dbline 194
 02E3           ;     
 02E3           ;       return StdVarFunction();
 02E3 160004            jsr _StdVarFunction
 02E6                   .dbline -2
 02E6           L34:
 02E6                   .dbline 0 ; func end
 02E6 1B8C              leas 12,S
 02E8 0A                rtc
 02E9                   .dbsym l var 8 pS[menu_var]
 02E9                   .dbsym l i 10 I
 02E9                   .dbend
                        .area text
 0004                   .dbfile C:\Dev\REV1~1.01\MenuFunctions.c
 0004                   .dbfunc e StdVarFunction _StdVarFunction fI
 0004           ;      old_value -> 8,SP
 0004           ;              i -> 12,SP
 0004           ;            var -> 14,SP
 0004           _StdVarFunction::
 0004 1B90              leas -16,S
 0006                   .dbline -1
 0006                   .dbline 199
 0006           ; }
 0006           ; 
 0006           ; //When a menu item is first select, this sets the Variable
 0006           ; int StdVarFunction ( void )
 0006           ; {
 0006                   .dbline 204
 0006           ;     int i;
 0006           ;       struct menu_var *var;
 0006           ;       float old_value; 
 0006           ;       
 0006           ;       i = FindMenu(); 
 0006 4A082727          xcall $_FindMenu
 000A 87                clra
 000B B746              tfr D,Y
 000D 6D8C              sty 12,S
 000F                   .dbline 205
 000F           ;       var = Menuc[i].VarPntr[MenuStackc[StackPointer].CursorPos+MenuStackc[StackPointer].FirstLine-1];
 000F F60000            ldab _StackPointer
 0012 87                clra
 0013 B746              tfr D,Y
 0015 CC0006            ldd #6
 0018 13                emul
 0019 6C86              std 6,S
 001B CD0005            ldy #_MenuStackc+5
 001E 6D80              sty 0,S
 0020 E380              addd 0,S
 0022 B746              tfr D,Y
 0024 E640              ldab 0,Y
 0026 87                clra
 0027 6C84              std 4,S
 0029 EC86              ldd 6,S
 002B CE0004            ldx #_MenuStackc+4
 002E 6E80              stx 0,S
 0030 E380              addd 0,S
 0032 B746              tfr D,Y
 0034 E640              ldab 0,Y
 0036 87                clra
 0037 B746              tfr D,Y
 0039 EE84              ldx 4,S
 003B B764              tfr Y,D
 003D 6E80              stx 0,S
 003F E380              addd 0,S
 0041 830001            subd #1
 0044 59                lsld
 0045 6C82              std 2,S
 0047 ED8C              ldy 12,S
 0049 CC0137            ldd #311
 004C 13                emul
 004D B746              tfr D,Y
 004F CE010B            ldx #_Menuc+267
 0052 B764              tfr Y,D
 0054 6E80              stx 0,S
 0056 E380              addd 0,S
 0058 B746              tfr D,Y
 005A EC82              ldd 2,S
 005C 6D80              sty 0,S
 005E E380              addd 0,S
 0060 B746              tfr D,Y
 0062 1802408E          movw 0,Y,14,S
 0066                   .dbline 209
 0066           ;           //var is the 1st variable pointed to in the menu
 0066           ;       
 0066           ;       
 0066           ;       if ( !Variable_flag ) //Here the first time select is pushed
 0066 F60000            ldab _Variable_flag
 0069 C100              cmpb #0
 006B 2653              bne L44
 006D                   .dbline 210
 006D           ;     {
 006D                   .dbline 211
 006D           ;               Variable_flag = 1;
 006D 180B010000        movb #1,_Variable_flag
 0072                   .dbline 212
 0072           ;               Multi_Var_ptr = 0;
 0072 790000            clr _Multi_Var_ptr
 0075                   .dbline 213
 0075           ;               String_Var_ptr = 0;
 0075 790000            clr _String_Var_ptr
 0078                   .dbline 215
 0078           ;               
 0078           ;         if (var->next_var)
 0078 EC8E              ldd 14,S
 007A C30020            addd #32
 007D B746              tfr D,Y
 007F ED40              ldy 0,Y
 0081 8D0000            cpy #0
 0084 2705              beq L46
 0086                   .dbline 216
 0086           ;                   Multi_Var_ptr = 1;
 0086 180B010000        movb #1,_Multi_Var_ptr
 008B           L46:
 008B                   .dbline 218
 008B           ;                       
 008B           ;               if ( var->len_str < 0 ) //puts a cursor char in "String type" variables <<<<<<<<<<<<<<<<<<
 008B EC8E              ldd 14,S
 008D C30011            addd #17
 0090 B746              tfr D,Y
 0092 E640              ldab 0,Y
 0094 C100              cmpb #0
 0096 2C0D              bge L48
 0098                   .dbline 219
 0098           ;               {
 0098                   .dbline 220
 0098           ;               String_Var_ptr = 1;
 0098 180B010000        movb #1,_String_Var_ptr
 009D                   .dbline 221
 009D           ;                       StdVarFunc_String(var);
 009D EC8E              ldd 14,S
 009F 4A008484          xcall $_StdVarFunc_String
 00A3                   .dbline 222
 00A3           ;               }
 00A3 203E              bra L45
 00A5           L48:
 00A5                   .dbline 224
 00A5           ;               else                       //non "String type" variables
 00A5           ;               {
 00A5                   .dbline 225
 00A5           ;             LoadMenu ( MenuStackc[StackPointer].Index );
 00A5 F60000            ldab _StackPointer
 00A8 87                clra
 00A9 B746              tfr D,Y
 00AB CC0006            ldd #6
 00AE 13                emul
 00AF B746              tfr D,Y
 00B1 CE0000            ldx #_MenuStackc
 00B4 B764              tfr Y,D
 00B6 6E80              stx 0,S
 00B8 E380              addd 0,S
 00BA 4A0F8C8C          xcall $_LoadMenu
 00BE                   .dbline 226
 00BE           ;               }
 00BE                   .dbline 227
 00BE           ;     }
 00BE 2023              bra L45
 00C0           L44:
 00C0                   .dbline 229
 00C0           ;     else //Here if select had already been pushed, see if more variables or string variable, or end if needed
 00C0           ;     {
 00C0                   .dbline 231
 00C0           ; 
 00C0           ;           var = getVariable();// Get the variable pointed to by Multi_Var_ptr
 00C0 4A000000          xcall $_getVariable
 00C4 B745              tfr D,X
 00C6 6E8E              stx 14,S
 00C8                   .dbline 234
 00C8           ;                
 00C8           ;               //see if "String type" before going to next multi var
 00C8           ;               if (var->len_str < 0) //"String type"
 00C8 B754              tfr X,D
 00CA C30011            addd #17
 00CD B746              tfr D,Y
 00CF E640              ldab 0,Y
 00D1 C100              cmpb #0
 00D3 2C08              bge L50
 00D5                   .dbline 235
 00D5           ;               {
 00D5                   .dbline 236
 00D5           ;                   Next_Char_In_String_Var( var );  
 00D5 EC8E              ldd 14,S
 00D7 4A019090          xcall $_Next_Char_In_String_Var
 00DB                   .dbline 237
 00DB           ;               }
 00DB 2006              bra L51
 00DD           L50:
 00DD                   .dbline 239
 00DD           ;               else
 00DD           ;               {
 00DD                   .dbline 240
 00DD           ;                   next_variable( var );
 00DD EC8E              ldd 14,S
 00DF 4A00FEFE          xcall $_next_variable
 00E3                   .dbline 241
 00E3           ;               }
 00E3           L51:
 00E3                   .dbline 242
 00E3           ;     }
 00E3           L45:
 00E3                   .dbline 245
 00E3           ; 
 00E3           ; 
 00E3           ;     DisplayTitler ();
 00E3 4A17BFBF          xcall $_DisplayTitler
 00E7                   .dbline 246
 00E7           ;     return 0;
 00E7 CC0000            ldd #0
 00EA                   .dbline -2
 00EA           L40:
 00EA                   .dbline 0 ; func end
 00EA 1BF010            leas 16,S
 00ED 3D                rts
 00EE                   .dbsym l old_value 8 D
 00EE                   .dbsym l i 12 I
 00EE                   .dbsym l var 14 pS[menu_var]
 00EE                   .dbend
 00EE                   .dbfunc e SerVarFunction _SerVarFunction fI
 00EE           ;              i -> 10,SP
 00EE           ;            var -> 12,SP
 00EE           _SerVarFunction::
 00EE 1B92              leas -14,S
 00F0                   .dbline -1
 00F0                   .dbline 250
 00F0           ; }
 00F0           ; 
 00F0           ; int SerVarFunction ( void )
 00F0           ; {
 00F0                   .dbline 254
 00F0           ;     int i; 
 00F0           ;       struct menu_var *var;
 00F0           ; 
 00F0           ;     if (*(char *)0xB10 >= '0' && *(char *)0xB10 <= '9')
 00F0 F60B10            ldab 0xb10
 00F3 87                clra
 00F4 6C88              std 8,S
 00F6 8C0030            cpd #48
 00F9 2D0E              blt L53
 00FB ED88              ldy 8,S
 00FD 8D0039            cpy #57
 0100 2E07              bgt L53
 0102                   .dbline 255
 0102           ;       {
 0102                   .dbline 256
 0102           ;           return 0;
 0102 CC0000            ldd #0
 0105 1820008E          lbra L52
 0109           L53:
 0109                   .dbline 259
 0109           ;       }       
 0109           ; 
 0109           ;       i = FindMenu(); 
 0109 4A082727          xcall $_FindMenu
 010D 87                clra
 010E B746              tfr D,Y
 0110 6D8A              sty 10,S
 0112                   .dbline 260
 0112           ;       var = Menuc[i].VarPntr[MenuStackc[StackPointer].CursorPos+MenuStackc[StackPointer].FirstLine-1];   //var is the 1st variable pointed to in the menu
 0112 F60000            ldab _StackPointer
 0115 87                clra
 0116 B746              tfr D,Y
 0118 CC0006            ldd #6
 011B 13                emul
 011C 6C86              std 6,S
 011E CD0005            ldy #_MenuStackc+5
 0121 6D80              sty 0,S
 0123 E380              addd 0,S
 0125 B746              tfr D,Y
 0127 E640              ldab 0,Y
 0129 87                clra
 012A 6C84              std 4,S
 012C EC86              ldd 6,S
 012E CE0004            ldx #_MenuStackc+4
 0131 6E80              stx 0,S
 0133 E380              addd 0,S
 0135 B746              tfr D,Y
 0137 E640              ldab 0,Y
 0139 87                clra
 013A B746              tfr D,Y
 013C EE84              ldx 4,S
 013E B764              tfr Y,D
 0140 6E80              stx 0,S
 0142 E380              addd 0,S
 0144 830001            subd #1
 0147 59                lsld
 0148 6C82              std 2,S
 014A ED8A              ldy 10,S
 014C CC0137            ldd #311
 014F 13                emul
 0150 B746              tfr D,Y
 0152 CE010B            ldx #_Menuc+267
 0155 B764              tfr Y,D
 0157 6E80              stx 0,S
 0159 E380              addd 0,S
 015B B746              tfr D,Y
 015D EC82              ldd 2,S
 015F 6D80              sty 0,S
 0161 E380              addd 0,S
 0163 B746              tfr D,Y
 0165 1802408C          movw 0,Y,12,S
 0169                   .dbline 262
 0169           ;           
 0169           ;       if (!Variable_flag) //Here the first time select is pushed
 0169 F60000            ldab _Variable_flag
 016C C100              cmpb #0
 016E 2612              bne L58
 0170                   .dbline 263
 0170           ;     {
 0170                   .dbline 264
 0170           ;               Variable_flag = 1;
 0170 180B010000        movb #1,_Variable_flag
 0175                   .dbline 265
 0175           ;       String_Var_ptr = 1;
 0175 180B010000        movb #1,_String_Var_ptr
 017A                   .dbline 266
 017A           ;               StdVarFunc_String(var);
 017A EC8C              ldd 12,S
 017C 4A008484          xcall $_StdVarFunc_String
 0180                   .dbline 267
 0180           ;       }
 0180 200E              bra L59
 0182           L58:
 0182                   .dbline 269
 0182           ;       else  //Here if select had already been pushed, see if more variables or string variable, or end if needed
 0182           ;       {
 0182                   .dbline 270
 0182           ;          var = getVariable();  // Get the variable pointed to
 0182 4A000000          xcall $_getVariable
 0186 B745              tfr D,X
 0188 6E8C              stx 12,S
 018A                   .dbline 271
 018A           ;          Next_Char_In_String_Var(var); 
 018A B754              tfr X,D
 018C 4A019090          xcall $_Next_Char_In_String_Var
 0190                   .dbline 272
 0190           ;       }
 0190           L59:
 0190                   .dbline 274
 0190           ; 
 0190           ;     DisplayTitler ();
 0190 4A17BFBF          xcall $_DisplayTitler
 0194                   .dbline 275
 0194           ;       return 0;
 0194 CC0000            ldd #0
 0197                   .dbline -2
 0197           L52:
 0197                   .dbline 0 ; func end
 0197 1B8E              leas 14,S
 0199 3D                rts
 019A                   .dbsym l i 10 I
 019A                   .dbsym l var 12 pS[menu_var]
 019A                   .dbend
 019A                   .dbfunc e ExitMenu _ExitMenu fI
 019A           _ExitMenu::
 019A                   .dbline -1
 019A                   .dbline 280
 019A           ; }
 019A           ; 
 019A           ; 
 019A           ; int ExitMenu ( void )
 019A           ; {
 019A                   .dbline 281
 019A           ;     DeSelect ();
 019A 4A0EA0A0          xcall $_DeSelect
 019E                   .dbline 282
 019E           ;     return 0;
 019E CC0000            ldd #0
 01A1                   .dbline -2
 01A1           L60:
 01A1                   .dbline 0 ; func end
 01A1 3D                rts
 01A2                   .dbend
                        .area extcode(paged)
 02E9                   .dbfile C:\Dev\REV1~1.01\MenuFunctions.c
 02E9                   .dbfunc e CursorUp _CursorUp fV
 02E9           $_CursorUp::
 02E9 1B98              leas -8,S
 02EB                   .dbline -1
 02EB                   .dbline 287
 02EB           ; }
 02EB           ; 
 02EB           ; 
 02EB           ; void CursorUp( void )
 02EB           ; {
 02EB                   .dbline 288
 02EB           ;     if ( Variable_flag )
 02EB F60000            ldab _Variable_flag
 02EE C100              cmpb #0
 02F0 271A              beq L62
 02F2                   .dbline 289
 02F2           ;     {
 02F2                   .dbline 290
 02F2           ;          IncVariable ();
 02F2 4A08E3E3          xcall $_IncVariable
 02F6                   .dbline 291
 02F6           ;                UpdateArrayVariables (getVariable(),UpdateArrayVar);   
 02F6 4A000000          xcall $_getVariable
 02FA B745              tfr D,X
 02FC 6E86              stx 6,S
 02FE F60000            ldab _UpdateArrayVar
 0301 87                clra
 0302 6C80              std 0,S
 0304 EC86              ldd 6,S
 0306 4A01D6D6          xcall $_UpdateArrayVariables
 030A                   .dbline 292
 030A           ;     }
 030A 2047              bra L63
 030C           L62:
 030C                   .dbline 294
 030C           ;     else
 030C           ;     {
 030C                   .dbline 295
 030C           ;        MenuStackc[StackPointer].CursorPos--;
 030C F60000            ldab _StackPointer
 030F 87                clra
 0310 B746              tfr D,Y
 0312 CC0006            ldd #6
 0315 13                emul
 0316 B746              tfr D,Y
 0318 CE0004            ldx #_MenuStackc+4
 031B B764              tfr Y,D
 031D 6E82              stx 2,S
 031F E382              addd 2,S
 0321 B746              tfr D,Y
 0323 6D84              sty 4,S
 0325 E6F30004          ldab [4,S]
 0329 B716              tfr B,Y
 032B 03                dey
 032C EE84              ldx 4,S
 032E B761              tfr Y,B
 0330 6B00              stab 0,X
 0332                   .dbline 296
 0332           ;        LoadMenu ( MenuStackc[StackPointer].Index );
 0332 F60000            ldab _StackPointer
 0335 87                clra
 0336 B746              tfr D,Y
 0338 CC0006            ldd #6
 033B 13                emul
 033C B746              tfr D,Y
 033E CE0000            ldx #_MenuStackc
 0341 B764              tfr Y,D
 0343 6E82              stx 2,S
 0345 E382              addd 2,S
 0347 4A0F8C8C          xcall $_LoadMenu
 034B                   .dbline 297
 034B           ;        InsertCursor ();
 034B 4A178888          xcall $_InsertCursor
 034F                   .dbline 298
 034F           ;        DisplayTitler ();
 034F 4A17BFBF          xcall $_DisplayTitler
 0353                   .dbline 299
 0353           ;     }
 0353           L63:
 0353                   .dbline -2
 0353           L61:
 0353                   .dbline 0 ; func end
 0353 1B88              leas 8,S
 0355 0A                rtc
 0356                   .dbend
 0356                   .dbfunc e CursorDown _CursorDown fV
 0356           $_CursorDown::
 0356 1B98              leas -8,S
 0358                   .dbline -1
 0358                   .dbline 303
 0358           ; }
 0358           ; 
 0358           ; void CursorDown( void )
 0358           ; {
 0358                   .dbline 304
 0358           ;     if ( Variable_flag )
 0358 F60000            ldab _Variable_flag
 035B C100              cmpb #0
 035D 271A              beq L66
 035F                   .dbline 305
 035F           ;     {
 035F                   .dbline 306
 035F           ;          DecVariable ();
 035F 4A0A3030          xcall $_DecVariable
 0363                   .dbline 307
 0363           ;                UpdateArrayVariables (getVariable(),UpdateArrayVar);
 0363 4A000000          xcall $_getVariable
 0367 B745              tfr D,X
 0369 6E86              stx 6,S
 036B F60000            ldab _UpdateArrayVar
 036E 87                clra
 036F 6C80              std 0,S
 0371 EC86              ldd 6,S
 0373 4A01D6D6          xcall $_UpdateArrayVariables
 0377                   .dbline 308
 0377           ;     }
 0377 2047              bra L67
 0379           L66:
 0379                   .dbline 310
 0379           ;     else
 0379           ;     {
 0379                   .dbline 311
 0379           ;        MenuStackc[StackPointer].CursorPos++;
 0379 F60000            ldab _StackPointer
 037C 87                clra
 037D B746              tfr D,Y
 037F CC0006            ldd #6
 0382 13                emul
 0383 B746              tfr D,Y
 0385 CE0004            ldx #_MenuStackc+4
 0388 B764              tfr Y,D
 038A 6E82              stx 2,S
 038C E382              addd 2,S
 038E B746              tfr D,Y
 0390 6D84              sty 4,S
 0392 E6F30004          ldab [4,S]
 0396 B716              tfr B,Y
 0398 02                iny
 0399 EE84              ldx 4,S
 039B B761              tfr Y,B
 039D 6B00              stab 0,X
 039F                   .dbline 312
 039F           ;        LoadMenu ( MenuStackc[StackPointer].Index );
 039F F60000            ldab _StackPointer
 03A2 87                clra
 03A3 B746              tfr D,Y
 03A5 CC0006            ldd #6
 03A8 13                emul
 03A9 B746              tfr D,Y
 03AB CE0000            ldx #_MenuStackc
 03AE B764              tfr Y,D
 03B0 6E82              stx 2,S
 03B2 E382              addd 2,S
 03B4 4A0F8C8C          xcall $_LoadMenu
 03B8                   .dbline 313
 03B8           ;        InsertCursor ();
 03B8 4A178888          xcall $_InsertCursor
 03BC                   .dbline 314
 03BC           ;        DisplayTitler ();
 03BC 4A17BFBF          xcall $_DisplayTitler
 03C0                   .dbline 315
 03C0           ;     }
 03C0           L67:
 03C0                   .dbline -2
 03C0           L65:
 03C0                   .dbline 0 ; func end
 03C0 1B88              leas 8,S
 03C2 0A                rtc
 03C3                   .dbend
 03C3                   .dbfunc e getvalue _getvalue fD
 03C3           ;        tempstr -> 10,SP
 03C3           ;          token -> 130,SP
 03C3           ;              i -> 132,SP
 03C3           ;          index -> 140,SP
 03C3           ;            var -> 134,SP
 03C3           $_getvalue::
 03C3 3B                pshd
 03C4 1BF17A            leas -134,S
 03C7                   .dbline -1
 03C7                   .dbline 322
 03C7           ; }
 03C7           ; 
 03C7           ; //Updates and returns the value member corresponding to the str_value member
 03C7           ; //-OR- gets the enum number corresponding to the str_value member
 03C7           ; //-OR- gets the enum number of the char pointed to by index for "String type" variables
 03C7           ; float getvalue (struct menu_var* var, char index)
 03C7           ; {
 03C7                   .dbline 327
 03C7           ;     char tempstr[120];
 03C7           ;     char *token;
 03C7           ;     int i;
 03C7           ; 
 03C7           ;     if (strlen(var->str_enum) && var->len_str >= 0) //regular enum list
 03C7 ECF086            ldd 134,S
 03CA C3001E            addd #30
 03CD B746              tfr D,Y
 03CF EC40              ldd 0,Y
 03D1 4A000000          xcall $_strlen
 03D5 8C0000            cpd #0
 03D8 182700AB          lbeq L70
 03DC ECF086            ldd 134,S
 03DF C30011            addd #17
 03E2 B746              tfr D,Y
 03E4 E640              ldab 0,Y
 03E6 C100              cmpb #0
 03E8 182D009B          lblt L70
 03EC                   .dbline 328
 03EC           ;     {
 03EC                   .dbline 329
 03EC           ;         strncpy(tempstr,var->str_enum,sizeof(tempstr));
 03EC CD0078            ldy #120
 03EF 6D82              sty 2,S
 03F1 ECF086            ldd 134,S
 03F4 C3001E            addd #30
 03F7 B746              tfr D,Y
 03F9 ED40              ldy 0,Y
 03FB 6D80              sty 0,S
 03FD 198A              leay 10,S
 03FF B764              tfr Y,D
 0401 4A000000          xcall $_strncpy
 0405                   .dbline 331
 0405           ; 
 0405           ;         for (i=1;i<=var->max;i++)
 0405 1AF084            leax 132,S
 0408 1800000001        movw #1,0,x
 040D 2057              bra L75
 040F           L72:
 040F                   .dbline 332
 040F           ;         {
 040F                   .dbline 333
 040F           ;             if (i==1)
 040F EDF084            ldy 132,S
 0412 8D0001            cpy #1
 0415 2612              bne L76
 0417                   .dbline 334
 0417           ;                 token = strtok(tempstr, ",");
 0417 CD01E9            ldy #L78
 041A 6D80              sty 0,S
 041C 198A              leay 10,S
 041E B764              tfr Y,D
 0420 4A000000          xcall $_strtok
 0424 6CF082            std 130,S
 0427 200F              bra L77
 0429           L76:
 0429                   .dbline 336
 0429           ;             else
 0429           ;                 token = strtok(NULL, ",");
 0429 CD01E9            ldy #L78
 042C 6D80              sty 0,S
 042E CC0000            ldd #0
 0431 4A000000          xcall $_strtok
 0435 6CF082            std 130,S
 0438           L77:
 0438                   .dbline 338
 0438           ; 
 0438           ;                       if ( !strcmp(var->str_value,token) )
 0438 EDF082            ldy 130,S
 043B 6D80              sty 0,S
 043D ECF086            ldd 134,S
 0440 C30012            addd #18
 0443 4A000000          xcall $_strcmp
 0447 8C0000            cpd #0
 044A 2613              bne L79
 044C                   .dbline 339
 044C           ;                       {
 044C                   .dbline 340
 044C           ;                           var->value = i;
 044C ECF084            ldd 132,S
 044F EDF086            ldy 134,S
 0452 160000            jsr int2fp
 0455 30                pulx
 0456 6E40              stx 0,Y
 0458 30                pulx
 0459 6E42              stx 2,Y
 045B                   .dbline 341
 045B           ;                               break;
 045B 1820011F          lbra L71
 045F           L79:
 045F                   .dbline 343
 045F           ;                       }
 045F           ;         }
 045F           L73:
 045F                   .dbline 331
 045F EDF084            ldy 132,S
 0462 02                iny
 0463 6DF084            sty 132,S
 0466           L75:
 0466                   .dbline 331
 0466 ECF084            ldd 132,S
 0469 160000            jsr int2fp
 046C ECF08A            ldd 138,S
 046F C3000C            addd #12
 0472 B746              tfr D,Y
 0474 180242AE          movw 2,Y,2,-S
 0478 180240AE          movw 0,Y,2,-S
 047C 160000            jsr cmpf4
 047F 182FFF8C          lble L72
 0483                   .dbline 344
 0483           ;       }
 0483 182000F7          lbra L71
 0487           L70:
 0487                   .dbline 345
 0487           ;       else if (strlen(var->str_enum) && var->len_str < 0) //"String type" enum list
 0487 ECF086            ldd 134,S
 048A C3001E            addd #30
 048D B746              tfr D,Y
 048F EC40              ldd 0,Y
 0491 4A000000          xcall $_strlen
 0495 8C0000            cpd #0
 0498 182700B1          lbeq L81
 049C ECF086            ldd 134,S
 049F C30011            addd #17
 04A2 B746              tfr D,Y
 04A4 E640              ldab 0,Y
 04A6 C100              cmpb #0
 04A8 182C00A1          lbge L81
 04AC                   .dbline 346
 04AC           ;       {
 04AC                   .dbline 347
 04AC           ;         strncpy(tempstr,var->str_enum,sizeof(tempstr));
 04AC CD0078            ldy #120
 04AF 6D82              sty 2,S
 04B1 ECF086            ldd 134,S
 04B4 C3001E            addd #30
 04B7 B746              tfr D,Y
 04B9 ED40              ldy 0,Y
 04BB 6D80              sty 0,S
 04BD 198A              leay 10,S
 04BF B764              tfr Y,D
 04C1 4A000000          xcall $_strncpy
 04C5                   .dbline 349
 04C5           ; 
 04C5           ;         for (i=1;i<=var->max;i++)
 04C5 1AF084            leax 132,S
 04C8 1800000001        movw #1,0,x
 04CD 1820005D          lbra L86
 04D1           L83:
 04D1                   .dbline 350
 04D1           ;         {
 04D1                   .dbline 351
 04D1           ;             if (i==1)
 04D1 EDF084            ldy 132,S
 04D4 8D0001            cpy #1
 04D7 2612              bne L87
 04D9                   .dbline 352
 04D9           ;                 token = strtok(tempstr, ",");
 04D9 CD01E9            ldy #L78
 04DC 6D80              sty 0,S
 04DE 198A              leay 10,S
 04E0 B764              tfr Y,D
 04E2 4A000000          xcall $_strtok
 04E6 6CF082            std 130,S
 04E9 200F              bra L88
 04EB           L87:
 04EB                   .dbline 354
 04EB           ;             else
 04EB           ;                 token = strtok(NULL, ",");
 04EB CD01E9            ldy #L78
 04EE 6D80              sty 0,S
 04F0 CC0000            ldd #0
 04F3 4A000000          xcall $_strtok
 04F7 6CF082            std 130,S
 04FA           L88:
 04FA                   .dbline 356
 04FA           ; 
 04FA           ;                       if ( *(var->str_value+index) == *token )
 04FA ECF086            ldd 134,S
 04FD C30012            addd #18
 0500 B746              tfr D,Y
 0502 E6F08C            ldab 140,S
 0505 87                clra
 0506 6D84              sty 4,S
 0508 E384              addd 4,S
 050A B746              tfr D,Y
 050C E640              ldab 0,Y
 050E E1F30082          cmpb [130,S]
 0512 2613              bne L89
 0514                   .dbline 357
 0514           ;                       {
 0514                   .dbline 358
 0514           ;                           var->value = i;
 0514 ECF084            ldd 132,S
 0517 EDF086            ldy 134,S
 051A 160000            jsr int2fp
 051D 30                pulx
 051E 6E40              stx 0,Y
 0520 30                pulx
 0521 6E42              stx 2,Y
 0523                   .dbline 359
 0523           ;                               break;
 0523 18200057          lbra L82
 0527           L89:
 0527                   .dbline 361
 0527           ;                       }
 0527           ;         }
 0527           L84:
 0527                   .dbline 349
 0527 EDF084            ldy 132,S
 052A 02                iny
 052B 6DF084            sty 132,S
 052E           L86:
 052E                   .dbline 349
 052E ECF084            ldd 132,S
 0531 160000            jsr int2fp
 0534 ECF08A            ldd 138,S
 0537 C3000C            addd #12
 053A B746              tfr D,Y
 053C 180242AE          movw 2,Y,2,-S
 0540 180240AE          movw 0,Y,2,-S
 0544 160000            jsr cmpf4
 0547 182FFF86          lble L83
 054B                   .dbline 363
 054B           ; 
 054B           ;       }
 054B 2031              bra L82
 054D           L81:
 054D                   .dbline 364
 054D           ;       else if (strlen(var->str_enum) == 0) //"Numeric type" variable, get value of string
 054D ECF086            ldd 134,S
 0550 C3001E            addd #30
 0553 B746              tfr D,Y
 0555 EC40              ldd 0,Y
 0557 4A000000          xcall $_strlen
 055B 8C0000            cpd #0
 055E 261E              bne L91
 0560                   .dbline 365
 0560           ;     {
 0560                   .dbline 366
 0560           ;         var->value=atof(var->str_value);
 0560 ECF086            ldd 134,S
 0563 C30012            addd #18
 0566 160000            jsr _atof
 0569 3A                puld
 056A 6C88              std 8,S
 056C 3A                puld
 056D 6C88              std 8,S
 056F EDF086            ldy 134,S
 0572 EC88              ldd 8,S
 0574 3B                pshd
 0575 EC88              ldd 8,S
 0577 3B                pshd
 0578 30                pulx
 0579 6E40              stx 0,Y
 057B 30                pulx
 057C 6E42              stx 2,Y
 057E                   .dbline 367
 057E           ;     }
 057E           L91:
 057E           L82:
 057E           L71:
 057E                   .dbline 368
 057E           ;       return var->value;
 057E EDF086            ldy 134,S
 0581 180242AE          movw 2,Y,2,-S
 0585 180240AE          movw 0,Y,2,-S
 0589                   .dbline -2
 0589           L69:
 0589                   .dbline 0 ; func end
 0589 CC0088            ldd #136
 058C 060000            jmp lret_paged
 058F                   .dbsym l tempstr 10 A[120:120]c
 058F                   .dbsym l token 130 pc
 058F                   .dbsym l i 132 I
 058F                   .dbsym l index 140 c
 058F                   .dbsym l var 134 pS[menu_var]
 058F                   .dbend
 058F                   .dbfunc e getstrval _getstrval fpc
 058F           ;        tempstr -> 24,SP
 058F           ;          token -> 124,SP
 058F           ;              i -> 126,SP
 058F           ;            var -> 128,SP
 058F           $_getstrval::
 058F 3B                pshd
 0590 1BF180            leas -128,S
 0593                   .dbline -1
 0593                   .dbline 375
 0593           ; }
 0593           ; 
 0593           ; //Creates a string from the value member or the enum member
 0593           ; //assigns the string to ->str_value, left pads with space so length = ->len_str
 0593           ; //also returns a pointer to the string
 0593           ; char * getstrval (struct menu_var* var)
 0593           ; {
 0593                   .dbline 380
 0593           ;     char tempstr[100];
 0593           ;     char *token;
 0593           ;     int i;
 0593           ; 
 0593           ;     if (strlen(var->str_enum) && var->len_str >= 0) //"Enum Type" variable here
 0593 ECF080            ldd 128,S
 0596 C3001E            addd #30
 0599 B746              tfr D,Y
 059B EC40              ldd 0,Y
 059D 4A000000          xcall $_strlen
 05A1 8C0000            cpd #0
 05A4 18270109          lbeq L94
 05A8 ECF080            ldd 128,S
 05AB C30011            addd #17
 05AE B746              tfr D,Y
 05B0 E640              ldab 0,Y
 05B2 C100              cmpb #0
 05B4 182D00F9          lblt L94
 05B8                   .dbline 381
 05B8           ;     {
 05B8                   .dbline 382
 05B8           ;         strncpy(tempstr,var->str_enum,sizeof(tempstr));
 05B8 CD0064            ldy #100
 05BB 6D82              sty 2,S
 05BD ECF080            ldd 128,S
 05C0 C3001E            addd #30
 05C3 B746              tfr D,Y
 05C5 ED40              ldy 0,Y
 05C7 6D80              sty 0,S
 05C9 19F018            leay 24,S
 05CC B764              tfr Y,D
 05CE 4A000000          xcall $_strncpy
 05D2                   .dbline 383
 05D2           ;         token = strtok(tempstr, ",");
 05D2 CD01E9            ldy #L78
 05D5 6D80              sty 0,S
 05D7 19F018            leay 24,S
 05DA B764              tfr Y,D
 05DC 4A000000          xcall $_strtok
 05E0 6CF07C            std 124,S
 05E3                   .dbline 384
 05E3           ;         for (i=0;i<var->value-1;i++)
 05E3 1AF07E            leax 126,S
 05E6 1800000000        movw #0,0,x
 05EB 2016              bra L99
 05ED           L96:
 05ED                   .dbline 385
 05ED           ;         {
 05ED                   .dbline 386
 05ED           ;             token = strtok(NULL, ",");
 05ED CD01E9            ldy #L78
 05F0 6D80              sty 0,S
 05F2 CC0000            ldd #0
 05F5 4A000000          xcall $_strtok
 05F9 6CF07C            std 124,S
 05FC                   .dbline 387
 05FC           ;         }
 05FC           L97:
 05FC                   .dbline 384
 05FC EDF07E            ldy 126,S
 05FF 02                iny
 0600 6DF07E            sty 126,S
 0603           L99:
 0603                   .dbline 384
 0603 ECF07E            ldd 126,S
 0606 160000            jsr int2fp
 0609 EDF084            ldy 132,S
 060C 180242AE          movw 2,Y,2,-S
 0610 180240AE          movw 0,Y,2,-S
 0614 1800AE0000        movw #0,2,-S
 0619 1800AE3F80        movw #16256,2,-S
 061E 160000            jsr subf4
 0621 160000            jsr cmpf4
 0624 2DC7              blt L96
 0626                   .dbline 388
 0626           ;         strncpy(var->str_value,token,var->len_str); //The enum string without leading spaces should be shorter than len(var->str_value)
 0626 ECF080            ldd 128,S
 0629 C30011            addd #17
 062C B746              tfr D,Y
 062E E640              ldab 0,Y
 0630 B716              tfr B,Y
 0632 6D82              sty 2,S
 0634 EDF07C            ldy 124,S
 0637 6D80              sty 0,S
 0639 ECF080            ldd 128,S
 063C C30012            addd #18
 063F 4A000000          xcall $_strncpy
 0643                   .dbline 389
 0643           ;               sprintf(tempstr,"%*s%s",10," ",var->str_value); //Use tempstr to pad with leading spaces
 0643 ECF080            ldd 128,S
 0646 C30012            addd #18
 0649 6C88              std 8,S
 064B CD01E1            ldy #L101
 064E 6D86              sty 6,S
 0650 CD000A            ldy #10
 0653 6D84              sty 4,S
 0655 CD01E3            ldy #L100
 0658 6D82              sty 2,S
 065A 19F018            leay 24,S
 065D 6D80              sty 0,S
 065F 4A000000          xcall $_sprintf
 0663                   .dbline 390
 0663           ;               strncpy(var->str_value,tempstr+strlen(tempstr)-abs(var->len_str),var->len_str); //put back in var->str_value
 0663 19F018            leay 24,S
 0666 B764              tfr Y,D
 0668 4A000000          xcall $_strlen
 066C B745              tfr D,X
 066E 6EF016            stx 22,S
 0671 ECF080            ldd 128,S
 0674 C30011            addd #17
 0677 B746              tfr D,Y
 0679 E640              ldab 0,Y
 067B B714              tfr B,D
 067D 4A000000          xcall $_abs
 0681 B745              tfr D,X
 0683 6EF014            stx 20,S
 0686 ECF080            ldd 128,S
 0689 C30011            addd #17
 068C B746              tfr D,Y
 068E E640              ldab 0,Y
 0690 B716              tfr B,Y
 0692 6D82              sty 2,S
 0694 ECF016            ldd 22,S
 0697 19F018            leay 24,S
 069A 6D8E              sty 14,S
 069C E38E              addd 14,S
 069E A3F014            subd 20,S
 06A1 6C80              std 0,S
 06A3 ECF080            ldd 128,S
 06A6 C30012            addd #18
 06A9 4A000000          xcall $_strncpy
 06AD                   .dbline 391
 06AD           ;     }
 06AD 1820016C          lbra L95
 06B1           L94:
 06B1                   .dbline 392
 06B1           ;     else if ( strlen(var->str_enum) && var->len_str < 0 ) //"String Type" variables here, get char (using value) from enum and put in string location indicated by String_Var_ptr 
 06B1 ECF080            ldd 128,S
 06B4 C3001E            addd #30
 06B7 B746              tfr D,Y
 06B9 EC40              ldd 0,Y
 06BB 4A000000          xcall $_strlen
 06BF 8C0000            cpd #0
 06C2 1827009A          lbeq L102
 06C6 ECF080            ldd 128,S
 06C9 C30011            addd #17
 06CC B746              tfr D,Y
 06CE E640              ldab 0,Y
 06D0 C100              cmpb #0
 06D2 182C008A          lbge L102
 06D6                   .dbline 393
 06D6           ;       {
 06D6                   .dbline 396
 06D6           ;           
 06D6           ;               
 06D6           ;               strncpy(tempstr,var->str_enum,sizeof(tempstr)); 
 06D6 CD0064            ldy #100
 06D9 6D82              sty 2,S
 06DB ECF080            ldd 128,S
 06DE C3001E            addd #30
 06E1 B746              tfr D,Y
 06E3 ED40              ldy 0,Y
 06E5 6D80              sty 0,S
 06E7 19F018            leay 24,S
 06EA B764              tfr Y,D
 06EC 4A000000          xcall $_strncpy
 06F0                   .dbline 398
 06F0           ;                                                                          
 06F0           ;         for (i=0;i<var->value;i++)   
 06F0 1AF07E            leax 126,S
 06F3 1800000000        movw #0,0,x
 06F8 2031              bra L107
 06FA           L104:
 06FA                   .dbline 399
 06FA           ;         {                                                        
 06FA                   .dbline 400
 06FA           ;             if (i==0)
 06FA EDF07E            ldy 126,S
 06FD 8D0000            cpy #0
 0700 2613              bne L108
 0702                   .dbline 401
 0702           ;                          token = strtok(tempstr, ",");
 0702 CD01E9            ldy #L78
 0705 6D80              sty 0,S
 0707 19F018            leay 24,S
 070A B764              tfr Y,D
 070C 4A000000          xcall $_strtok
 0710 6CF07C            std 124,S
 0713 200F              bra L109
 0715           L108:
 0715                   .dbline 403
 0715           ;                       else
 0715           ;                          token = strtok(NULL, ","); 
 0715 CD01E9            ldy #L78
 0718 6D80              sty 0,S
 071A CC0000            ldd #0
 071D 4A000000          xcall $_strtok
 0721 6CF07C            std 124,S
 0724           L109:
 0724                   .dbline 404
 0724           ;         }
 0724           L105:
 0724                   .dbline 398
 0724 EDF07E            ldy 126,S
 0727 02                iny
 0728 6DF07E            sty 126,S
 072B           L107:
 072B                   .dbline 398
 072B ECF07E            ldd 126,S
 072E 160000            jsr int2fp
 0731 EDF084            ldy 132,S
 0734 180242AE          movw 2,Y,2,-S
 0738 180240AE          movw 0,Y,2,-S
 073C 160000            jsr cmpf4
 073F 2DB9              blt L104
 0741                   .dbline 405
 0741           ;         var->str_value[String_Var_ptr-1]=*token;
 0741 ECF080            ldd 128,S
 0744 C30012            addd #18
 0747 B746              tfr D,Y
 0749 F60000            ldab _String_Var_ptr
 074C 87                clra
 074D 830001            subd #1
 0750 6D8E              sty 14,S
 0752 E38E              addd 14,S
 0754 B746              tfr D,Y
 0756 E6F3007C          ldab [124,S]
 075A 6B40              stab 0,Y
 075C                   .dbline 407
 075C           ;               //sprintf(var->str_value,"%*s%s",10," ",token);
 075C           ;       }
 075C 182000BD          lbra L103
 0760           L102:
 0760                   .dbline 409
 0760           ;       else //"Numeric Type" varaible
 0760           ;     {
 0760                   .dbline 410
 0760           ;         tempstr[0]=NULL;
 0760 69F018            clr 24,S
 0763                   .dbline 411
 0763           ;               if (var->dec_pos)
 0763 ECF080            ldd 128,S
 0766 C30010            addd #16
 0769 B746              tfr D,Y
 076B E640              ldab 0,Y
 076D C100              cmpb #0
 076F 2732              beq L110
 0771                   .dbline 412
 0771           ;                   sprintf(tempstr,"%*s%#.*f",10," ",var->dec_pos,var->value); //force decimal if float, use tempstr so it won't overflow var->str_value
 0771 EDF080            ldy 128,S
 0774 1802408A          movw 0,Y,10,S
 0778 1802428C          movw 2,Y,12,S
 077C ECF080            ldd 128,S
 077F C30010            addd #16
 0782 B746              tfr D,Y
 0784 E640              ldab 0,Y
 0786 87                clra
 0787 6C88              std 8,S
 0789 CD01E1            ldy #L101
 078C 6D86              sty 6,S
 078E CD000A            ldy #10
 0791 6D84              sty 4,S
 0793 CD01D8            ldy #L112
 0796 6D82              sty 2,S
 0798 19F018            leay 24,S
 079B 6D80              sty 0,S
 079D 4A000000          xcall $_sprintf
 07A1 2030              bra L111
 07A3           L110:
 07A3                   .dbline 414
 07A3           ;         else
 07A3           ;                   sprintf(tempstr,"%*s%.*f",10," ",var->dec_pos,var->value); //don't force decimal on int, use tempstr so it won't overflow var->str_value
 07A3 EDF080            ldy 128,S
 07A6 1802408A          movw 0,Y,10,S
 07AA 1802428C          movw 2,Y,12,S
 07AE ECF080            ldd 128,S
 07B1 C30010            addd #16
 07B4 B746              tfr D,Y
 07B6 E640              ldab 0,Y
 07B8 87                clra
 07B9 6C88              std 8,S
 07BB CD01E1            ldy #L101
 07BE 6D86              sty 6,S
 07C0 CD000A            ldy #10
 07C3 6D84              sty 4,S
 07C5 CD01D0            ldy #L113
 07C8 6D82              sty 2,S
 07CA 19F018            leay 24,S
 07CD 6D80              sty 0,S
 07CF 4A000000          xcall $_sprintf
 07D3           L111:
 07D3                   .dbline 415
 07D3           ;                       strncpy(var->str_value,tempstr+strlen(tempstr)-abs(var->len_str),var->len_str); //Put back in var->str_value
 07D3 19F018            leay 24,S
 07D6 B764              tfr Y,D
 07D8 4A000000          xcall $_strlen
 07DC B745              tfr D,X
 07DE 6EF012            stx 18,S
 07E1 ECF080            ldd 128,S
 07E4 C30011            addd #17
 07E7 B746              tfr D,Y
 07E9 E640              ldab 0,Y
 07EB B714              tfr B,D
 07ED 4A000000          xcall $_abs
 07F1 B745              tfr D,X
 07F3 6EF010            stx 16,S
 07F6 ECF080            ldd 128,S
 07F9 C30011            addd #17
 07FC B746              tfr D,Y
 07FE E640              ldab 0,Y
 0800 B716              tfr B,Y
 0802 6D82              sty 2,S
 0804 ECF012            ldd 18,S
 0807 19F018            leay 24,S
 080A 6D8E              sty 14,S
 080C E38E              addd 14,S
 080E A3F010            subd 16,S
 0811 6C80              std 0,S
 0813 ECF080            ldd 128,S
 0816 C30012            addd #18
 0819 4A000000          xcall $_strncpy
 081D                   .dbline 416
 081D           ;     }
 081D           L103:
 081D           L95:
 081D                   .dbline 418
 081D           ;     
 081D           ;       return var->str_value;
 081D ECF080            ldd 128,S
 0820 C30012            addd #18
 0823                   .dbline -2
 0823           L93:
 0823                   .dbline 0 ; func end
 0823 1BF082            leas 130,S
 0826 0A                rtc
 0827                   .dbsym l tempstr 24 A[100:100]c
 0827                   .dbsym l token 124 pc
 0827                   .dbsym l i 126 I
 0827                   .dbsym l var 128 pS[menu_var]
 0827                   .dbend
 0827                   .dbfunc e FindMenu _FindMenu fc
 0827           ;              k -> 14,SP
 0827           $_FindMenu::
 0827 1B90              leas -16,S
 0829                   .dbline -1
 0829                   .dbline 422
 0829           ; }
 0829           ; 
 0829           ; char FindMenu ( void )
 0829           ; {
 0829                   .dbline 426
 0829           ;      int k;
 0829           ;      
 0829           ;      //Find out which menu we are on
 0829           ;      for ( k=0;k<MenuSize;k++ )
 0829 18008E0000        movw #0,14,S
 082E           L115:
 082E                   .dbline 427
 082E           ;      {
 082E                   .dbline 428
 082E           ;         if ( Menuc[k].Index[0] == MenuStackc[StackPointer].Index[0] && Menuc[k].Index[1] == MenuStackc[StackPointer].Index[1] && 
 082E CC0137            ldd #311
 0831 ED8E              ldy 14,S
 0833 13                emul
 0834 B746              tfr D,Y
 0836 CE0006            ldx #6
 0839 6D8C              sty 12,S
 083B F60000            ldab _StackPointer
 083E 87                clra
 083F B746              tfr D,Y
 0841 B754              tfr X,D
 0843 13                emul
 0844 6C8A              std 10,S
 0846 CD0000            ldy #_MenuStackc
 0849 6D80              sty 0,S
 084B E380              addd 0,S
 084D 6C88              std 8,S
 084F EC8C              ldd 12,S
 0851 CE0000            ldx #_Menuc
 0854 6E80              stx 0,S
 0856 E380              addd 0,S
 0858 B746              tfr D,Y
 085A E640              ldab 0,Y
 085C B716              tfr B,Y
 085E EE88              ldx 8,S
 0860 B761              tfr Y,B
 0862 E100              cmpb 0,X
 0864 18260068          lbne L119
 0868 EC8A              ldd 10,S
 086A CD0001            ldy #_MenuStackc+1
 086D 6D80              sty 0,S
 086F E380              addd 0,S
 0871 6C86              std 6,S
 0873 EC8C              ldd 12,S
 0875 CE0001            ldx #_Menuc+1
 0878 6E80              stx 0,S
 087A E380              addd 0,S
 087C B746              tfr D,Y
 087E E640              ldab 0,Y
 0880 B716              tfr B,Y
 0882 EE86              ldx 6,S
 0884 B761              tfr Y,B
 0886 E100              cmpb 0,X
 0888 2646              bne L119
 088A EC8A              ldd 10,S
 088C CD0002            ldy #_MenuStackc+2
 088F 6D80              sty 0,S
 0891 E380              addd 0,S
 0893 6C84              std 4,S
 0895 EC8C              ldd 12,S
 0897 CE0002            ldx #_Menuc+2
 089A 6E80              stx 0,S
 089C E380              addd 0,S
 089E B746              tfr D,Y
 08A0 E640              ldab 0,Y
 08A2 B716              tfr B,Y
 08A4 EE84              ldx 4,S
 08A6 B761              tfr Y,B
 08A8 E100              cmpb 0,X
 08AA 2624              bne L119
 08AC EC8A              ldd 10,S
 08AE CD0003            ldy #_MenuStackc+3
 08B1 6D80              sty 0,S
 08B3 E380              addd 0,S
 08B5 6C82              std 2,S
 08B7 EC8C              ldd 12,S
 08B9 CE0003            ldx #_Menuc+3
 08BC 6E80              stx 0,S
 08BE E380              addd 0,S
 08C0 B746              tfr D,Y
 08C2 E640              ldab 0,Y
 08C4 B716              tfr B,Y
 08C6 EE82              ldx 2,S
 08C8 B761              tfr Y,B
 08CA E100              cmpb 0,X
 08CC 2602              bne L119
 08CE                   .dbline 430
 08CE           ;              Menuc[k].Index[2] == MenuStackc[StackPointer].Index[2] && Menuc[k].Index[3] == MenuStackc[StackPointer].Index[3] )
 08CE           ;         {
 08CE                   .dbline 431
 08CE           ;                   break;
 08CE 200C              bra L117
 08D0           L119:
 08D0                   .dbline 433
 08D0           ;               }
 08D0           ;        }
 08D0           L116:
 08D0                   .dbline 426
 08D0 ED8E              ldy 14,S
 08D2 02                iny
 08D3 6D8E              sty 14,S
 08D5                   .dbline 426
 08D5 8D0006            cpy #6
 08D8 182DFF52          lblt L115
 08DC           L117:
 08DC                   .dbline 434
 08DC           ;        return k;
 08DC EC8E              ldd 14,S
 08DE 87                clra
 08DF                   .dbline -2
 08DF           L114:
 08DF                   .dbline 0 ; func end
 08DF 1BF010            leas 16,S
 08E2 0A                rtc
 08E3                   .dbsym l k 14 I
 08E3                   .dbend
 08E3                   .dbfunc e IncVariable _IncVariable fV
 08E3           $_IncVariable::
 08E3 1B9E              leas -2,S
 08E5                   .dbline -1
 08E5                   .dbline 438
 08E5           ; }
 08E5           ; 
 08E5           ; void IncVariable ( void )
 08E5           ; {
 08E5                   .dbline 439
 08E5           ;        incvar(getVariable());
 08E5 4A000000          xcall $_getVariable
 08E9 4A090D0D          xcall $_incvar
 08ED                   .dbline 440
 08ED           ;      LoadMenu ( MenuStackc[StackPointer].Index );
 08ED F60000            ldab _StackPointer
 08F0 87                clra
 08F1 B746              tfr D,Y
 08F3 CC0006            ldd #6
 08F6 13                emul
 08F7 B746              tfr D,Y
 08F9 CE0000            ldx #_MenuStackc
 08FC B764              tfr Y,D
 08FE 6E80              stx 0,S
 0900 E380              addd 0,S
 0902 4A0F8C8C          xcall $_LoadMenu
 0906                   .dbline 441
 0906           ;      DisplayTitler ();
 0906 4A17BFBF          xcall $_DisplayTitler
 090A                   .dbline -2
 090A           L127:
 090A                   .dbline 0 ; func end
 090A 1B82              leas 2,S
 090C 0A                rtc
 090D                   .dbend
 090D                   .dbfunc e incvar _incvar fpc
 090D           ;            var -> 2,SP
 090D           $_incvar::
 090D 3B                pshd
 090E 1B9E              leas -2,S
 0910                   .dbline -1
 0910                   .dbline 449
 0910           ; }
 0910           ; 
 0910           ; //Increments a variable using the inc member
 0910           ; //Wraps around to min value if max value is exceeded
 0910           ; //assigns the equivalent string to the str_value member
 0910           ; //also returns a pointer to the string
 0910           ; char *incvar (struct menu_var *var)
 0910           ; {
 0910                   .dbline 450
 0910           ;       getvalue(var, String_Var_ptr - 1);  //String_Var_ptr points to the char within var->str_value that is being modified
 0910 F60000            ldab _String_Var_ptr
 0913 B716              tfr B,Y
 0915 03                dey
 0916 B764              tfr Y,D
 0918 87                clra
 0919 6C80              std 0,S
 091B EC82              ldd 2,S
 091D 4A03C3C3          xcall $_getvalue
 0921 1B84              leas 4,S
 0923                   .dbline 452
 0923           ;                                                                       //the enum value is retrieved and put in var->value so "incvar" and "decvar" can use it
 0923           ;     IncSpeedUpTimer = MenuTimer * 1.1;
 0923 1800AECCCD        movw #52429,2,-S
 0928 1800AE3F8C        movw #16268,2,-S
 092D FC0000            ldd _MenuTimer
 0930 160000            jsr uint2fp
 0933 160000            jsr mulf4
 0936 160000            jsr fp2int
 0939 B746              tfr D,Y
 093B 7D0000            sty _IncSpeedUpTimer
 093E                   .dbline 454
 093E           ;     
 093E           ;     if (fast_inc)
 093E F60000            ldab _fast_inc
 0941 C100              cmpb #0
 0943 2735              beq L129
 0945                   .dbline 455
 0945           ;         var->value = var->value + var->inc * 10;
 0945 ED82              ldy 2,S
 0947 EE82              ldx 2,S
 0949 180202AE          movw 2,X,2,-S
 094D 180200AE          movw 0,X,2,-S
 0951 1800AE0000        movw #0,2,-S
 0956 1800AE4120        movw #16672,2,-S
 095B EC8A              ldd 10,S
 095D C30004            addd #4
 0960 B745              tfr D,X
 0962 180202AE          movw 2,X,2,-S
 0966 180200AE          movw 0,X,2,-S
 096A 160000            jsr mulf4
 096D 160000            jsr addf4
 0970 30                pulx
 0971 6E40              stx 0,Y
 0973 30                pulx
 0974 6E42              stx 2,Y
 0976 18200059          lbra L130
 097A           L129:
 097A                   .dbline 457
 097A           ;       else
 097A           ;       {
 097A                   .dbline 458
 097A           ;         var->value = var->value + var->inc;
 097A ED82              ldy 2,S
 097C EE82              ldx 2,S
 097E 180202AE          movw 2,X,2,-S
 0982 180200AE          movw 0,X,2,-S
 0986 EC86              ldd 6,S
 0988 C30004            addd #4
 098B B745              tfr D,X
 098D 180202AE          movw 2,X,2,-S
 0991 180200AE          movw 0,X,2,-S
 0995 160000            jsr addf4
 0998 30                pulx
 0999 6E40              stx 0,Y
 099B 30                pulx
 099C 6E42              stx 2,Y
 099E                   .dbline 460
 099E           ;               
 099E           ;               if(var->value > var->max)
 099E ED82              ldy 2,S
 09A0 180242AE          movw 2,Y,2,-S
 09A4 180240AE          movw 0,Y,2,-S
 09A8 EC86              ldd 6,S
 09AA C3000C            addd #12
 09AD B746              tfr D,Y
 09AF 180242AE          movw 2,Y,2,-S
 09B3 180240AE          movw 0,Y,2,-S
 09B7 160000            jsr cmpf4
 09BA 2F17              ble L131
 09BC                   .dbline 461
 09BC           ;                var->value = var->min;   
 09BC EC82              ldd 2,S
 09BE C30008            addd #8
 09C1 B745              tfr D,X
 09C3 ED82              ldy 2,S
 09C5 180202AE          movw 2,X,2,-S
 09C9 180200AE          movw 0,X,2,-S
 09CD 30                pulx
 09CE 6E40              stx 0,Y
 09D0 30                pulx
 09D1 6E42              stx 2,Y
 09D3           L131:
 09D3                   .dbline 462
 09D3           ;       }
 09D3           L130:
 09D3                   .dbline 464
 09D3           ;               
 09D3           ;     if(var->value > var->max + var->inc / 10)
 09D3 ED82              ldy 2,S
 09D5 180242AE          movw 2,Y,2,-S
 09D9 180240AE          movw 0,Y,2,-S
 09DD EC86              ldd 6,S
 09DF C3000C            addd #12
 09E2 B746              tfr D,Y
 09E4 180242AE          movw 2,Y,2,-S
 09E8 180240AE          movw 0,Y,2,-S
 09EC EC8A              ldd 10,S
 09EE C30004            addd #4
 09F1 B746              tfr D,Y
 09F3 180242AE          movw 2,Y,2,-S
 09F7 180240AE          movw 0,Y,2,-S
 09FB 1800AE0000        movw #0,2,-S
 0A00 1800AE4120        movw #16672,2,-S
 0A05 160000            jsr divf4
 0A08 160000            jsr addf4
 0A0B 160000            jsr cmpf4
 0A0E 2F17              ble L133
 0A10                   .dbline 465
 0A10           ;         var->value = var->min;
 0A10 EC82              ldd 2,S
 0A12 C30008            addd #8
 0A15 B745              tfr D,X
 0A17 ED82              ldy 2,S
 0A19 180202AE          movw 2,X,2,-S
 0A1D 180200AE          movw 0,X,2,-S
 0A21 30                pulx
 0A22 6E40              stx 0,Y
 0A24 30                pulx
 0A25 6E42              stx 2,Y
 0A27           L133:
 0A27                   .dbline 467
 0A27           ;       
 0A27           ;     return getstrval(var);
 0A27 EC82              ldd 2,S
 0A29 4A058F8F          xcall $_getstrval
 0A2D                   .dbline -2
 0A2D           L128:
 0A2D                   .dbline 0 ; func end
 0A2D 1B84              leas 4,S
 0A2F 0A                rtc
 0A30                   .dbsym l var 2 pS[menu_var]
 0A30                   .dbend
 0A30                   .dbfunc e DecVariable _DecVariable fV
 0A30           $_DecVariable::
 0A30 1B9E              leas -2,S
 0A32                   .dbline -1
 0A32                   .dbline 471
 0A32           ; }
 0A32           ; 
 0A32           ; void DecVariable ( void )
 0A32           ; {
 0A32                   .dbline 472
 0A32           ;        decvar(getVariable());
 0A32 4A000000          xcall $_getVariable
 0A36 4A0A5A5A          xcall $_decvar
 0A3A                   .dbline 473
 0A3A           ;      LoadMenu ( MenuStackc[StackPointer].Index );
 0A3A F60000            ldab _StackPointer
 0A3D 87                clra
 0A3E B746              tfr D,Y
 0A40 CC0006            ldd #6
 0A43 13                emul
 0A44 B746              tfr D,Y
 0A46 CE0000            ldx #_MenuStackc
 0A49 B764              tfr Y,D
 0A4B 6E80              stx 0,S
 0A4D E380              addd 0,S
 0A4F 4A0F8C8C          xcall $_LoadMenu
 0A53                   .dbline 474
 0A53           ;      DisplayTitler ();
 0A53 4A17BFBF          xcall $_DisplayTitler
 0A57                   .dbline -2
 0A57           L135:
 0A57                   .dbline 0 ; func end
 0A57 1B82              leas 2,S
 0A59 0A                rtc
 0A5A                   .dbend
 0A5A                   .dbfunc e decvar _decvar fpc
 0A5A           ;            var -> 2,SP
 0A5A           $_decvar::
 0A5A 3B                pshd
 0A5B 1B9E              leas -2,S
 0A5D                   .dbline -1
 0A5D                   .dbline 482
 0A5D           ; }
 0A5D           ; 
 0A5D           ; //Decrements a variable using the inc member
 0A5D           ; //Wraps around to max value if min value is exceeded
 0A5D           ; //assigns the equivalent string to the str_value member
 0A5D           ; //also returns a pointer to the string
 0A5D           ; char *decvar ( struct menu_var *var )
 0A5D           ; {
 0A5D                   .dbline 483
 0A5D           ;       getvalue(var,String_Var_ptr-1);  // String_Var_ptr points to the char with in var>str_value that is being modified
 0A5D F60000            ldab _String_Var_ptr
 0A60 B716              tfr B,Y
 0A62 03                dey
 0A63 B764              tfr Y,D
 0A65 87                clra
 0A66 6C80              std 0,S
 0A68 EC82              ldd 2,S
 0A6A 4A03C3C3          xcall $_getvalue
 0A6E 1B84              leas 4,S
 0A70                   .dbline 486
 0A70           ;                                                                  // the enum value is retrieved and put in var->value so "incvar" and "decvar" can use it
 0A70           ; 
 0A70           ;     IncSpeedUpTimer = MenuTimer * 1.1;
 0A70 1800AECCCD        movw #52429,2,-S
 0A75 1800AE3F8C        movw #16268,2,-S
 0A7A FC0000            ldd _MenuTimer
 0A7D 160000            jsr uint2fp
 0A80 160000            jsr mulf4
 0A83 160000            jsr fp2int
 0A86 B746              tfr D,Y
 0A88 7D0000            sty _IncSpeedUpTimer
 0A8B                   .dbline 488
 0A8B           ;     
 0A8B           ;     if ( fast_inc )
 0A8B F60000            ldab _fast_inc
 0A8E C100              cmpb #0
 0A90 2735              beq L137
 0A92                   .dbline 489
 0A92           ;         var->value = var->value - var->inc*10;
 0A92 ED82              ldy 2,S
 0A94 EE82              ldx 2,S
 0A96 180202AE          movw 2,X,2,-S
 0A9A 180200AE          movw 0,X,2,-S
 0A9E 1800AE0000        movw #0,2,-S
 0AA3 1800AE4120        movw #16672,2,-S
 0AA8 EC8A              ldd 10,S
 0AAA C30004            addd #4
 0AAD B745              tfr D,X
 0AAF 180202AE          movw 2,X,2,-S
 0AB3 180200AE          movw 0,X,2,-S
 0AB7 160000            jsr mulf4
 0ABA 160000            jsr subf4
 0ABD 30                pulx
 0ABE 6E40              stx 0,Y
 0AC0 30                pulx
 0AC1 6E42              stx 2,Y
 0AC3 18200059          lbra L138
 0AC7           L137:
 0AC7                   .dbline 491
 0AC7           ;       else
 0AC7           ;       {
 0AC7                   .dbline 492
 0AC7           ;         var->value = var->value - var->inc;
 0AC7 ED82              ldy 2,S
 0AC9 EE82              ldx 2,S
 0ACB 180202AE          movw 2,X,2,-S
 0ACF 180200AE          movw 0,X,2,-S
 0AD3 EC86              ldd 6,S
 0AD5 C30004            addd #4
 0AD8 B745              tfr D,X
 0ADA 180202AE          movw 2,X,2,-S
 0ADE 180200AE          movw 0,X,2,-S
 0AE2 160000            jsr subf4
 0AE5 30                pulx
 0AE6 6E40              stx 0,Y
 0AE8 30                pulx
 0AE9 6E42              stx 2,Y
 0AEB                   .dbline 494
 0AEB           ;               
 0AEB           ;               if(var->value < var->min)
 0AEB ED82              ldy 2,S
 0AED 180242AE          movw 2,Y,2,-S
 0AF1 180240AE          movw 0,Y,2,-S
 0AF5 EC86              ldd 6,S
 0AF7 C30008            addd #8
 0AFA B746              tfr D,Y
 0AFC 180242AE          movw 2,Y,2,-S
 0B00 180240AE          movw 0,Y,2,-S
 0B04 160000            jsr cmpf4
 0B07 2C17              bge L139
 0B09                   .dbline 495
 0B09           ;                     var->value = var->max;
 0B09 EC82              ldd 2,S
 0B0B C3000C            addd #12
 0B0E B745              tfr D,X
 0B10 ED82              ldy 2,S
 0B12 180202AE          movw 2,X,2,-S
 0B16 180200AE          movw 0,X,2,-S
 0B1A 30                pulx
 0B1B 6E40              stx 0,Y
 0B1D 30                pulx
 0B1E 6E42              stx 2,Y
 0B20           L139:
 0B20                   .dbline 496
 0B20           ;       }       
 0B20           L138:
 0B20                   .dbline 498
 0B20           ;               
 0B20           ;     if(var->value < var->min - var->inc / 10)
 0B20 ED82              ldy 2,S
 0B22 180242AE          movw 2,Y,2,-S
 0B26 180240AE          movw 0,Y,2,-S
 0B2A EC86              ldd 6,S
 0B2C C30008            addd #8
 0B2F B746              tfr D,Y
 0B31 180242AE          movw 2,Y,2,-S
 0B35 180240AE          movw 0,Y,2,-S
 0B39 EC8A              ldd 10,S
 0B3B C30004            addd #4
 0B3E B746              tfr D,Y
 0B40 180242AE          movw 2,Y,2,-S
 0B44 180240AE          movw 0,Y,2,-S
 0B48 1800AE0000        movw #0,2,-S
 0B4D 1800AE4120        movw #16672,2,-S
 0B52 160000            jsr divf4
 0B55 160000            jsr subf4
 0B58 160000            jsr cmpf4
 0B5B 2C17              bge L141
 0B5D                   .dbline 499
 0B5D           ;         var->value=var->max;
 0B5D EC82              ldd 2,S
 0B5F C3000C            addd #12
 0B62 B745              tfr D,X
 0B64 ED82              ldy 2,S
 0B66 180202AE          movw 2,X,2,-S
 0B6A 180200AE          movw 0,X,2,-S
 0B6E 30                pulx
 0B6F 6E40              stx 0,Y
 0B71 30                pulx
 0B72 6E42              stx 2,Y
 0B74           L141:
 0B74                   .dbline 501
 0B74           ;     
 0B74           ;     return getstrval(var);
 0B74 EC82              ldd 2,S
 0B76 4A058F8F          xcall $_getstrval
 0B7A                   .dbline -2
 0B7A           L136:
 0B7A                   .dbline 0 ; func end
 0B7A 1B84              leas 4,S
 0B7C 0A                rtc
 0B7D                   .dbsym l var 2 pS[menu_var]
 0B7D                   .dbend
 0B7D                   .dbfunc e Select _Select fV
 0B7D           ;              k -> 47,SP
 0B7D           $_Select::
 0B7D 1BF1CF            leas -49,S
 0B80                   .dbline -1
 0B80                   .dbline 506
 0B80           ; }
 0B80           ; 
 0B80           ; 
 0B80           ; void Select ( void )
 0B80           ; {
 0B80                   .dbline 510
 0B80           ;      int k;
 0B80           ;      
 0B80           ;      //Save current menu pointers
 0B80           ;      MenuStackc[StackPointer+1].Index[0]=MenuStackc[StackPointer].Index[1];
 0B80 F60000            ldab _StackPointer
 0B83 87                clra
 0B84 B746              tfr D,Y
 0B86 CC0006            ldd #6
 0B89 13                emul
 0B8A 6CF02A            std 42,S
 0B8D CD0001            ldy #_MenuStackc+1
 0B90 6D80              sty 0,S
 0B92 E380              addd 0,S
 0B94 B746              tfr D,Y
 0B96 E640              ldab 0,Y
 0B98 6BF02E            stab 46,S
 0B9B ECF02A            ldd 42,S
 0B9E CE0006            ldx #_MenuStackc+6
 0BA1 6E80              stx 0,S
 0BA3 E380              addd 0,S
 0BA5 B746              tfr D,Y
 0BA7 E6F02E            ldab 46,S
 0BAA 6B40              stab 0,Y
 0BAC                   .dbline 511
 0BAC           ;      MenuStackc[StackPointer+1].Index[1]=MenuStackc[StackPointer].Index[2];
 0BAC F60000            ldab _StackPointer
 0BAF 87                clra
 0BB0 B746              tfr D,Y
 0BB2 CC0006            ldd #6
 0BB5 13                emul
 0BB6 6CF028            std 40,S
 0BB9 CD0002            ldy #_MenuStackc+2
 0BBC 6D80              sty 0,S
 0BBE E380              addd 0,S
 0BC0 B746              tfr D,Y
 0BC2 E640              ldab 0,Y
 0BC4 6BF02D            stab 45,S
 0BC7 ECF028            ldd 40,S
 0BCA CE0007            ldx #_MenuStackc+6+1
 0BCD 6E80              stx 0,S
 0BCF E380              addd 0,S
 0BD1 B746              tfr D,Y
 0BD3 E6F02D            ldab 45,S
 0BD6 6B40              stab 0,Y
 0BD8                   .dbline 512
 0BD8           ;      MenuStackc[StackPointer+1].Index[2]=MenuStackc[StackPointer].Index[3];
 0BD8 F60000            ldab _StackPointer
 0BDB 87                clra
 0BDC B746              tfr D,Y
 0BDE CC0006            ldd #6
 0BE1 13                emul
 0BE2 6CF026            std 38,S
 0BE5 CD0003            ldy #_MenuStackc+3
 0BE8 6D80              sty 0,S
 0BEA E380              addd 0,S
 0BEC B746              tfr D,Y
 0BEE E640              ldab 0,Y
 0BF0 6BF02C            stab 44,S
 0BF3 ECF026            ldd 38,S
 0BF6 CE0008            ldx #_MenuStackc+6+2
 0BF9 6E80              stx 0,S
 0BFB E380              addd 0,S
 0BFD B746              tfr D,Y
 0BFF E6F02C            ldab 44,S
 0C02 6B40              stab 0,Y
 0C04                   .dbline 513
 0C04           ;      MenuStackc[StackPointer+1].Index[3] = MenuStackc[StackPointer].CursorPos + MenuStackc[StackPointer].FirstLine;
 0C04 F60000            ldab _StackPointer
 0C07 87                clra
 0C08 B746              tfr D,Y
 0C0A CC0006            ldd #6
 0C0D 13                emul
 0C0E 6CF024            std 36,S
 0C11 CD0005            ldy #_MenuStackc+5
 0C14 6D80              sty 0,S
 0C16 E380              addd 0,S
 0C18 6CF022            std 34,S
 0C1B ECF024            ldd 36,S
 0C1E CE0004            ldx #_MenuStackc+4
 0C21 6E80              stx 0,S
 0C23 E380              addd 0,S
 0C25 B746              tfr D,Y
 0C27 E640              ldab 0,Y
 0C29 B716              tfr B,Y
 0C2B EEF022            ldx 34,S
 0C2E B761              tfr Y,B
 0C30 EB00              addb 0,X
 0C32 B716              tfr B,Y
 0C34 6DF020            sty 32,S
 0C37 ECF024            ldd 36,S
 0C3A CE0009            ldx #_MenuStackc+6+3
 0C3D 6E80              stx 0,S
 0C3F E380              addd 0,S
 0C41 B746              tfr D,Y
 0C43 ECF020            ldd 32,S
 0C46 6B40              stab 0,Y
 0C48                   .dbline 516
 0C48           ;      
 0C48           ;      //look for selected menu 
 0C48           ;      for ( k=0;k<MenuSize;k++ )
 0C48 1AF02F            leax 47,S
 0C4B 1800000000        movw #0,0,x
 0C50           L156:
 0C50                   .dbline 517
 0C50           ;      {
 0C50                   .dbline 518
 0C50           ;         if ( Menuc[k].Index[0] == MenuStackc[StackPointer+1].Index[0] && Menuc[k].Index[1] == MenuStackc[StackPointer+1].Index[1] && 
 0C50 CC0137            ldd #311
 0C53 EDF02F            ldy 47,S
 0C56 13                emul
 0C57 B746              tfr D,Y
 0C59 CE0006            ldx #6
 0C5C 6DF01E            sty 30,S
 0C5F F60000            ldab _StackPointer
 0C62 87                clra
 0C63 B746              tfr D,Y
 0C65 B754              tfr X,D
 0C67 13                emul
 0C68 6CF01C            std 28,S
 0C6B CD0006            ldy #_MenuStackc+6
 0C6E 6D80              sty 0,S
 0C70 E380              addd 0,S
 0C72 6CF01A            std 26,S
 0C75 ECF01E            ldd 30,S
 0C78 CE0000            ldx #_Menuc
 0C7B 6E80              stx 0,S
 0C7D E380              addd 0,S
 0C7F B746              tfr D,Y
 0C81 E640              ldab 0,Y
 0C83 B716              tfr B,Y
 0C85 EEF01A            ldx 26,S
 0C88 B761              tfr Y,B
 0C8A E100              cmpb 0,X
 0C8C 182600D4          lbne L160
 0C90 ECF01C            ldd 28,S
 0C93 CD0007            ldy #_MenuStackc+6+1
 0C96 6D80              sty 0,S
 0C98 E380              addd 0,S
 0C9A 6CF018            std 24,S
 0C9D ECF01E            ldd 30,S
 0CA0 CE0001            ldx #_Menuc+1
 0CA3 6E80              stx 0,S
 0CA5 E380              addd 0,S
 0CA7 B746              tfr D,Y
 0CA9 E640              ldab 0,Y
 0CAB B716              tfr B,Y
 0CAD EEF018            ldx 24,S
 0CB0 B761              tfr Y,B
 0CB2 E100              cmpb 0,X
 0CB4 182600AC          lbne L160
 0CB8 ECF01C            ldd 28,S
 0CBB CD0008            ldy #_MenuStackc+6+2
 0CBE 6D80              sty 0,S
 0CC0 E380              addd 0,S
 0CC2 6CF016            std 22,S
 0CC5 ECF01E            ldd 30,S
 0CC8 CE0002            ldx #_Menuc+2
 0CCB 6E80              stx 0,S
 0CCD E380              addd 0,S
 0CCF B746              tfr D,Y
 0CD1 E640              ldab 0,Y
 0CD3 B716              tfr B,Y
 0CD5 EEF016            ldx 22,S
 0CD8 B761              tfr Y,B
 0CDA E100              cmpb 0,X
 0CDC 18260084          lbne L160
 0CE0 ECF01C            ldd 28,S
 0CE3 CD0009            ldy #_MenuStackc+6+3
 0CE6 6D80              sty 0,S
 0CE8 E380              addd 0,S
 0CEA 6CF014            std 20,S
 0CED ECF01E            ldd 30,S
 0CF0 CE0003            ldx #_Menuc+3
 0CF3 6E80              stx 0,S
 0CF5 E380              addd 0,S
 0CF7 B746              tfr D,Y
 0CF9 E640              ldab 0,Y
 0CFB B716              tfr B,Y
 0CFD EEF014            ldx 20,S
 0D00 B761              tfr Y,B
 0D02 E100              cmpb 0,X
 0D04 265E              bne L160
 0D06                   .dbline 520
 0D06           ;              Menuc[k].Index[2] == MenuStackc[StackPointer+1].Index[2] && Menuc[k].Index[3] == MenuStackc[StackPointer+1].Index[3] )
 0D06           ;         {
 0D06                   .dbline 522
 0D06           ;              //If found increment stackpointer and initialize cursor
 0D06           ;              StackPointer++;
 0D06 720000            inc _StackPointer
 0D09                   .dbline 524
 0D09           ;              //Cursor to menu entry 1
 0D09           ;              MenuStackc[StackPointer].CursorPos = 1;
 0D09 F60000            ldab _StackPointer
 0D0C 87                clra
 0D0D B746              tfr D,Y
 0D0F CC0006            ldd #6
 0D12 13                emul
 0D13 B746              tfr D,Y
 0D15 CE0004            ldx #_MenuStackc+4
 0D18 B764              tfr Y,D
 0D1A 6E80              stx 0,S
 0D1C E380              addd 0,S
 0D1E B746              tfr D,Y
 0D20 CC0001            ldd #1
 0D23 6B40              stab 0,Y
 0D25                   .dbline 525
 0D25           ;              MenuStackc[StackPointer].FirstLine = 0;
 0D25 F60000            ldab _StackPointer
 0D28 87                clra
 0D29 B746              tfr D,Y
 0D2B CC0006            ldd #6
 0D2E 13                emul
 0D2F B746              tfr D,Y
 0D31 CE0005            ldx #_MenuStackc+5
 0D34 B764              tfr Y,D
 0D36 6E80              stx 0,S
 0D38 E380              addd 0,S
 0D3A B746              tfr D,Y
 0D3C CC0000            ldd #0
 0D3F 6B40              stab 0,Y
 0D41                   .dbline 526
 0D41           ;              LoadMenu ( MenuStackc[StackPointer].Index );
 0D41 F60000            ldab _StackPointer
 0D44 87                clra
 0D45 B746              tfr D,Y
 0D47 CC0006            ldd #6
 0D4A 13                emul
 0D4B B746              tfr D,Y
 0D4D CE0000            ldx #_MenuStackc
 0D50 B764              tfr Y,D
 0D52 6E80              stx 0,S
 0D54 E380              addd 0,S
 0D56 4A0F8C8C          xcall $_LoadMenu
 0D5A                   .dbline 527
 0D5A           ;              InsertCursor ();
 0D5A 4A178888          xcall $_InsertCursor
 0D5E                   .dbline 528
 0D5E           ;              DisplayTitler ();
 0D5E 4A17BFBF          xcall $_DisplayTitler
 0D62                   .dbline 529
 0D62           ;              break;
 0D62 200E              bra L158
 0D64           L160:
 0D64                   .dbline 531
 0D64           ;         }
 0D64           ;      } 
 0D64           L157:
 0D64                   .dbline 516
 0D64 EDF02F            ldy 47,S
 0D67 02                iny
 0D68 6DF02F            sty 47,S
 0D6B                   .dbline 516
 0D6B 8D0006            cpy #6
 0D6E 182DFEDE          lblt L156
 0D72           L158:
 0D72                   .dbline 533
 0D72           ; 
 0D72           ;      if ( k >= MenuSize )
 0D72 EDF02F            ldy 47,S
 0D75 8D0006            cpy #6
 0D78 182D0120          lblt L174
 0D7C                   .dbline 534
 0D7C           ;      {
 0D7C                   .dbline 536
 0D7C           ;          //Find out which menu we are on
 0D7C           ;          for ( k=0;k<MenuSize;k++ )
 0D7C 1AF02F            leax 47,S
 0D7F 1800000000        movw #0,0,x
 0D84           L176:
 0D84                   .dbline 537
 0D84           ;          {
 0D84                   .dbline 538
 0D84           ;             if ( Menuc[k].Index[0] == MenuStackc[StackPointer].Index[0] && Menuc[k].Index[1] == MenuStackc[StackPointer].Index[1] && 
 0D84 CC0137            ldd #311
 0D87 EDF02F            ldy 47,S
 0D8A 13                emul
 0D8B B746              tfr D,Y
 0D8D CE0006            ldx #6
 0D90 6DF012            sty 18,S
 0D93 F60000            ldab _StackPointer
 0D96 87                clra
 0D97 B746              tfr D,Y
 0D99 B754              tfr X,D
 0D9B 13                emul
 0D9C 6CF010            std 16,S
 0D9F CD0000            ldy #_MenuStackc
 0DA2 6D80              sty 0,S
 0DA4 E380              addd 0,S
 0DA6 6C8E              std 14,S
 0DA8 ECF012            ldd 18,S
 0DAB CE0000            ldx #_Menuc
 0DAE 6E80              stx 0,S
 0DB0 E380              addd 0,S
 0DB2 B746              tfr D,Y
 0DB4 E640              ldab 0,Y
 0DB6 B716              tfr B,Y
 0DB8 EE8E              ldx 14,S
 0DBA B761              tfr Y,B
 0DBC E100              cmpb 0,X
 0DBE 182600CC          lbne L180
 0DC2 ECF010            ldd 16,S
 0DC5 CD0001            ldy #_MenuStackc+1
 0DC8 6D80              sty 0,S
 0DCA E380              addd 0,S
 0DCC 6C8C              std 12,S
 0DCE ECF012            ldd 18,S
 0DD1 CE0001            ldx #_Menuc+1
 0DD4 6E80              stx 0,S
 0DD6 E380              addd 0,S
 0DD8 B746              tfr D,Y
 0DDA E640              ldab 0,Y
 0DDC B716              tfr B,Y
 0DDE EE8C              ldx 12,S
 0DE0 B761              tfr Y,B
 0DE2 E100              cmpb 0,X
 0DE4 182600A6          lbne L180
 0DE8 ECF010            ldd 16,S
 0DEB CD0002            ldy #_MenuStackc+2
 0DEE 6D80              sty 0,S
 0DF0 E380              addd 0,S
 0DF2 6C8A              std 10,S
 0DF4 ECF012            ldd 18,S
 0DF7 CE0002            ldx #_Menuc+2
 0DFA 6E80              stx 0,S
 0DFC E380              addd 0,S
 0DFE B746              tfr D,Y
 0E00 E640              ldab 0,Y
 0E02 B716              tfr B,Y
 0E04 EE8A              ldx 10,S
 0E06 B761              tfr Y,B
 0E08 E100              cmpb 0,X
 0E0A 18260080          lbne L180
 0E0E ECF010            ldd 16,S
 0E11 CD0003            ldy #_MenuStackc+3
 0E14 6D80              sty 0,S
 0E16 E380              addd 0,S
 0E18 6C88              std 8,S
 0E1A ECF012            ldd 18,S
 0E1D CE0003            ldx #_Menuc+3
 0E20 6E80              stx 0,S
 0E22 E380              addd 0,S
 0E24 B746              tfr D,Y
 0E26 E640              ldab 0,Y
 0E28 B716              tfr B,Y
 0E2A EE88              ldx 8,S
 0E2C B761              tfr Y,B
 0E2E E100              cmpb 0,X
 0E30 1826005A          lbne L180
 0E34                   .dbline 540
 0E34           ;                  Menuc[k].Index[2] == MenuStackc[StackPointer].Index[2] && Menuc[k].Index[3] == MenuStackc[StackPointer].Index[3] )
 0E34           ;             {
 0E34                   .dbline 542
 0E34           ;                  //Execute function for that entry 
 0E34           ;                  Menuc[k].FunctPtr[(MenuStackc[StackPointer].CursorPos + MenuStackc[StackPointer].FirstLine)-1]();
 0E34 F60000            ldab _StackPointer
 0E37 87                clra
 0E38 B746              tfr D,Y
 0E3A CC0006            ldd #6
 0E3D 13                emul
 0E3E 6C86              std 6,S
 0E40 CD0005            ldy #_MenuStackc+5
 0E43 6D80              sty 0,S
 0E45 E380              addd 0,S
 0E47 B746              tfr D,Y
 0E49 E640              ldab 0,Y
 0E4B 87                clra
 0E4C 6C84              std 4,S
 0E4E EC86              ldd 6,S
 0E50 CE0004            ldx #_MenuStackc+4
 0E53 6E80              stx 0,S
 0E55 E380              addd 0,S
 0E57 B746              tfr D,Y
 0E59 E640              ldab 0,Y
 0E5B 87                clra
 0E5C B746              tfr D,Y
 0E5E EE84              ldx 4,S
 0E60 B764              tfr Y,D
 0E62 6E80              stx 0,S
 0E64 E380              addd 0,S
 0E66 830001            subd #1
 0E69 59                lsld
 0E6A 6C82              std 2,S
 0E6C EDF02F            ldy 47,S
 0E6F CC0137            ldd #311
 0E72 13                emul
 0E73 B746              tfr D,Y
 0E75 CE0121            ldx #_Menuc+289
 0E78 B764              tfr Y,D
 0E7A 6E80              stx 0,S
 0E7C E380              addd 0,S
 0E7E B746              tfr D,Y
 0E80 EC82              ldd 2,S
 0E82 6D80              sty 0,S
 0E84 E380              addd 0,S
 0E86 B746              tfr D,Y
 0E88 ED40              ldy 0,Y
 0E8A 1540              jsr 0,Y
 0E8C                   .dbline 543
 0E8C           ;                  break;
 0E8C 200E              bra L178
 0E8E           L180:
 0E8E                   .dbline 545
 0E8E           ;             }
 0E8E           ;         }
 0E8E           L177:
 0E8E                   .dbline 536
 0E8E EDF02F            ldy 47,S
 0E91 02                iny
 0E92 6DF02F            sty 47,S
 0E95                   .dbline 536
 0E95 8D0006            cpy #6
 0E98 182DFEE8          lblt L176
 0E9C           L178:
 0E9C                   .dbline 546
 0E9C           ;    }
 0E9C           L174:
 0E9C                   .dbline -2
 0E9C           L143:
 0E9C                   .dbline 0 ; func end
 0E9C 1BF031            leas 49,S
 0E9F 0A                rtc
 0EA0                   .dbsym l k 47 I
 0EA0                   .dbend
 0EA0                   .dbfunc e DeSelect _DeSelect fV
 0EA0           ;      hexNodeID -> 2,SP
 0EA0           ;              i -> 4,SP
 0EA0           ;              j -> 6,SP
 0EA0           $_DeSelect::
 0EA0 1B98              leas -8,S
 0EA2                   .dbline -1
 0EA2                   .dbline 550
 0EA2           ; }
 0EA2           ; 
 0EA2           ; void DeSelect ( void )
 0EA2           ; {
 0EA2                   .dbline 554
 0EA2           ;      int i,j;
 0EA2           ;        short hexNodeID;
 0EA2           ;        
 0EA2           ;      if (StackPointer )
 0EA2 F60000            ldab _StackPointer
 0EA5 C100              cmpb #0
 0EA7 2728              beq L192
 0EA9                   .dbline 555
 0EA9           ;      {
 0EA9                   .dbline 556
 0EA9           ;         StackPointer--;
 0EA9 730000            dec _StackPointer
 0EAC                   .dbline 557
 0EAC           ;         LoadMenu ( MenuStackc[StackPointer].Index );
 0EAC F60000            ldab _StackPointer
 0EAF 87                clra
 0EB0 B746              tfr D,Y
 0EB2 CC0006            ldd #6
 0EB5 13                emul
 0EB6 B746              tfr D,Y
 0EB8 CE0000            ldx #_MenuStackc
 0EBB B764              tfr Y,D
 0EBD 6E80              stx 0,S
 0EBF E380              addd 0,S
 0EC1 4A0F8C8C          xcall $_LoadMenu
 0EC5                   .dbline 558
 0EC5           ;         InsertCursor ();
 0EC5 4A178888          xcall $_InsertCursor
 0EC9                   .dbline 559
 0EC9           ;         DisplayTitler ();
 0EC9 4A17BFBF          xcall $_DisplayTitler
 0ECD                   .dbline 560
 0ECD           ;      }
 0ECD 182000AC          lbra L193
 0ED1           L192:
 0ED1                   .dbline 562
 0ED1           ;      else
 0ED1           ;      {
 0ED1                   .dbline 563
 0ED1           ;         MenuStackc[StackPointer].Index[0] = 0;
 0ED1 F60000            ldab _StackPointer
 0ED4 87                clra
 0ED5 B746              tfr D,Y
 0ED7 CC0006            ldd #6
 0EDA 13                emul
 0EDB B746              tfr D,Y
 0EDD CE0000            ldx #_MenuStackc
 0EE0 B764              tfr Y,D
 0EE2 6E80              stx 0,S
 0EE4 E380              addd 0,S
 0EE6 B746              tfr D,Y
 0EE8 CC0000            ldd #0
 0EEB 6B40              stab 0,Y
 0EED                   .dbline 564
 0EED           ;         MenuStackc[StackPointer].Index[1] = 0;
 0EED F60000            ldab _StackPointer
 0EF0 87                clra
 0EF1 B746              tfr D,Y
 0EF3 CC0006            ldd #6
 0EF6 13                emul
 0EF7 B746              tfr D,Y
 0EF9 CE0001            ldx #_MenuStackc+1
 0EFC B764              tfr Y,D
 0EFE 6E80              stx 0,S
 0F00 E380              addd 0,S
 0F02 B746              tfr D,Y
 0F04 CC0000            ldd #0
 0F07 6B40              stab 0,Y
 0F09                   .dbline 565
 0F09           ;         MenuStackc[StackPointer].Index[2] = 0;
 0F09 F60000            ldab _StackPointer
 0F0C 87                clra
 0F0D B746              tfr D,Y
 0F0F CC0006            ldd #6
 0F12 13                emul
 0F13 B746              tfr D,Y
 0F15 CE0002            ldx #_MenuStackc+2
 0F18 B764              tfr Y,D
 0F1A 6E80              stx 0,S
 0F1C E380              addd 0,S
 0F1E B746              tfr D,Y
 0F20 CC0000            ldd #0
 0F23 6B40              stab 0,Y
 0F25                   .dbline 566
 0F25           ;         MenuStackc[StackPointer].Index[3] = 0;
 0F25 F60000            ldab _StackPointer
 0F28 87                clra
 0F29 B746              tfr D,Y
 0F2B CC0006            ldd #6
 0F2E 13                emul
 0F2F B746              tfr D,Y
 0F31 CE0003            ldx #_MenuStackc+3
 0F34 B764              tfr Y,D
 0F36 6E80              stx 0,S
 0F38 E380              addd 0,S
 0F3A B746              tfr D,Y
 0F3C CC0000            ldd #0
 0F3F 6B40              stab 0,Y
 0F41                   .dbline 567
 0F41           ;         Gen_Flags &= ~Gen_Flags_Menu_Active;
 0F41 1D000001          bclr _Gen_Flags,#1
 0F45                   .dbline 568
 0F45           ;               ClearTitler ();
 0F45 4A1A6E6E          xcall $_ClearTitler
 0F49                   .dbline 569
 0F49           ;         Timer1 = RTI_One_Sec * 0.05;
 0F49 180300300000      movw #48,_Timer1
 0F4F           L197:
 0F4F                   .dbline 570
 0F4F           ;           while ( Timer1 );
 0F4F           L198:
 0F4F                   .dbline 570
 0F4F FD0000            ldy _Timer1
 0F52 8D0000            cpy #0
 0F55 26F8              bne L197
 0F57                   .dbline 571
 0F57           ;         Send_Menu_Status(0x00);
 0F57 CC0000            ldd #0
 0F5A 4A21DFDF          xcall $_Send_Menu_Status
 0F5E                   .dbline 572
 0F5E           ;               for (j=1;j<=NR_OF_TPDOS;j++)
 0F5E 1800860001        movw #1,6,S
 0F63           L200:
 0F63                   .dbline 573
 0F63           ;               {
 0F63                   .dbline 574
 0F63           ;                   COP_Trig();
 0F63 4A000000          xcall $_COP_Trig
 0F67                   .dbline 575
 0F67           ;                       i = MCO_ProcessStack();
 0F67 4A000000          xcall $_MCO_ProcessStack
 0F6B 87                clra
 0F6C 6C84              std 4,S
 0F6E                   .dbline 576
 0F6E           ;               }
 0F6E           L201:
 0F6E                   .dbline 572
 0F6E ED86              ldy 6,S
 0F70 02                iny
 0F71 6D86              sty 6,S
 0F73                   .dbline 572
 0F73 8D0008            cpy #8
 0F76 2FEB              ble L200
 0F78                   .dbline 577
 0F78           ;               StoreFlag = 1;
 0F78 180B010001        movb #1,_StoreFlag
 0F7D                   .dbline 581
 0F7D           ;               //Save_Serial_Num();               //This has to be called before 'Save_Variables', otherwise EEPROM may not be available to read right away
 0F7D           ;         //Save_Variables();
 0F7D           ; 
 0F7D           ;      }
 0F7D           L193:
 0F7D                   .dbline 582
 0F7D           ;        Variable_flag = 0;
 0F7D 790000            clr _Variable_flag
 0F80                   .dbline 583
 0F80           ;        String_Var_ptr = 0;
 0F80 790000            clr _String_Var_ptr
 0F83                   .dbline 584
 0F83           ;        Multi_Var_ptr = 0;
 0F83 790000            clr _Multi_Var_ptr
 0F86                   .dbline 585
 0F86           ;        UpdateArrayVar = 0;
 0F86 790000            clr _UpdateArrayVar
 0F89                   .dbline -2
 0F89           L191:
 0F89                   .dbline 0 ; func end
 0F89 1B88              leas 8,S
 0F8B 0A                rtc
 0F8C                   .dbsym l hexNodeID 2 S
 0F8C                   .dbsym l i 4 I
 0F8C                   .dbsym l j 6 I
 0F8C                   .dbend
 0F8C                   .dbfunc e LoadMenu _LoadMenu fV
 0F8C           ;              l -> 46,SP
 0F8C           ;      next_flag -> 48,SP
 0F8C           ;       var_cntr -> 49,SP
 0F8C           ;            var -> 51,SP
 0F8C           ;              l -> 53,SP
 0F8C           ;              k -> 55,SP
 0F8C           ;              j -> 57,SP
 0F8C           ;              i -> 59,SP
 0F8C           ;          Index -> 61,SP
 0F8C           $_LoadMenu::
 0F8C 3B                pshd
 0F8D 1BF1C3            leas -61,S
 0F90                   .dbline -1
 0F90                   .dbline 591
 0F90           ; }
 0F90           ; 
 0F90           ; 
 0F90           ; 
 0F90           ; void LoadMenu ( char Index[] )
 0F90           ; {
 0F90                   .dbline 595
 0F90           ;     int i,j,k,l;
 0F90           ; 
 0F90           ;     //find menu
 0F90           ;       k = FindMenu();
 0F90 4A082727          xcall $_FindMenu
 0F94 87                clra
 0F95 6CF037            std 55,S
 0F98                   .dbline 598
 0F98           ;       
 0F98           ;     //Get Menu Title
 0F98           ;     for ( j=0;j<=20;j++ )
 0F98 1AF039            leax 57,S
 0F9B 1800000000        movw #0,0,x
 0FA0           L205:
 0FA0                   .dbline 599
 0FA0           ;       {
 0FA0                   .dbline 600
 0FA0           ;         Menu[0][j] = Menuc[k].Entry[0][j];
 0FA0 CC0137            ldd #311
 0FA3 EDF037            ldy 55,S
 0FA6 13                emul
 0FA7 B746              tfr D,Y
 0FA9 CE0004            ldx #_Menuc+4
 0FAC B764              tfr Y,D
 0FAE 6E80              stx 0,S
 0FB0 E380              addd 0,S
 0FB2 B746              tfr D,Y
 0FB4 ECF039            ldd 57,S
 0FB7 6D80              sty 0,S
 0FB9 E380              addd 0,S
 0FBB B746              tfr D,Y
 0FBD E640              ldab 0,Y
 0FBF 6BF034            stab 52,S
 0FC2 ECF039            ldd 57,S
 0FC5 CE0000            ldx #_Menu
 0FC8 6E80              stx 0,S
 0FCA E380              addd 0,S
 0FCC B746              tfr D,Y
 0FCE E6F034            ldab 52,S
 0FD1 6B40              stab 0,Y
 0FD3                   .dbline 601
 0FD3           ;       }
 0FD3           L206:
 0FD3                   .dbline 598
 0FD3 EDF039            ldy 57,S
 0FD6 02                iny
 0FD7 6DF039            sty 57,S
 0FDA                   .dbline 598
 0FDA 8D0014            cpy #20
 0FDD 2FC1              ble L205
 0FDF                   .dbline 604
 0FDF           ;        
 0FDF           ;     //See if this entry is a valid menu entry, if not start cursor back at top
 0FDF           ;     if ( MenuStackc[StackPointer].CursorPos > 0 && Menuc[k].Entry[MenuStackc[StackPointer].CursorPos + MenuStackc[StackPointer].FirstLine][1] == ' ' )
 0FDF F60000            ldab _StackPointer
 0FE2 87                clra
 0FE3 B746              tfr D,Y
 0FE5 CC0006            ldd #6
 0FE8 13                emul
 0FE9 6CF02C            std 44,S
 0FEC CD0004            ldy #_MenuStackc+4
 0FEF 6D80              sty 0,S
 0FF1 E380              addd 0,S
 0FF3 B746              tfr D,Y
 0FF5 E640              ldab 0,Y
 0FF7 C100              cmpb #0
 0FF9 18230091          lbls L210
 0FFD ECF02C            ldd 44,S
 1000 CD0005            ldy #_MenuStackc+5
 1003 6D80              sty 0,S
 1005 E380              addd 0,S
 1007 B746              tfr D,Y
 1009 E640              ldab 0,Y
 100B 87                clra
 100C 6CF02A            std 42,S
 100F ECF02C            ldd 44,S
 1012 CE0004            ldx #_MenuStackc+4
 1015 6E80              stx 0,S
 1017 E380              addd 0,S
 1019 B746              tfr D,Y
 101B E640              ldab 0,Y
 101D 87                clra
 101E B746              tfr D,Y
 1020 EEF02A            ldx 42,S
 1023 B764              tfr Y,D
 1025 6E80              stx 0,S
 1027 E380              addd 0,S
 1029 B746              tfr D,Y
 102B CC0015            ldd #21
 102E 13                emul
 102F 6CF028            std 40,S
 1032 EDF037            ldy 55,S
 1035 CC0137            ldd #311
 1038 13                emul
 1039 B746              tfr D,Y
 103B CE0004            ldx #_Menuc+4
 103E B764              tfr Y,D
 1040 6E80              stx 0,S
 1042 E380              addd 0,S
 1044 B746              tfr D,Y
 1046 ECF028            ldd 40,S
 1049 6D80              sty 0,S
 104B E380              addd 0,S
 104D B746              tfr D,Y
 104F 02                iny
 1050 E640              ldab 0,Y
 1052 C120              cmpb #32
 1054 2638              bne L210
 1056                   .dbline 605
 1056           ;     {
 1056                   .dbline 606
 1056           ;          MenuStackc[StackPointer].CursorPos = 1;
 1056 F60000            ldab _StackPointer
 1059 87                clra
 105A B746              tfr D,Y
 105C CC0006            ldd #6
 105F 13                emul
 1060 B746              tfr D,Y
 1062 CE0004            ldx #_MenuStackc+4
 1065 B764              tfr Y,D
 1067 6E80              stx 0,S
 1069 E380              addd 0,S
 106B B746              tfr D,Y
 106D CC0001            ldd #1
 1070 6B40              stab 0,Y
 1072                   .dbline 607
 1072           ;          MenuStackc[StackPointer].FirstLine = 0;
 1072 F60000            ldab _StackPointer
 1075 87                clra
 1076 B746              tfr D,Y
 1078 CC0006            ldd #6
 107B 13                emul
 107C B746              tfr D,Y
 107E CE0005            ldx #_MenuStackc+5
 1081 B764              tfr Y,D
 1083 6E80              stx 0,S
 1085 E380              addd 0,S
 1087 B746              tfr D,Y
 1089 CC0000            ldd #0
 108C 6B40              stab 0,Y
 108E                   .dbline 608
 108E           ;     }
 108E           L210:
 108E                   .dbline 611
 108E           ;         
 108E           ;     //Allow a maximum of 12 entries, if past 12, start cursor back at top
 108E           ;     if ( MenuStackc[StackPointer].CursorPos + MenuStackc[StackPointer].FirstLine >= 12 )
 108E F60000            ldab _StackPointer
 1091 87                clra
 1092 B746              tfr D,Y
 1094 CC0006            ldd #6
 1097 13                emul
 1098 6CF026            std 38,S
 109B CD0005            ldy #_MenuStackc+5
 109E 6D80              sty 0,S
 10A0 E380              addd 0,S
 10A2 6CF024            std 36,S
 10A5 ECF026            ldd 38,S
 10A8 CE0004            ldx #_MenuStackc+4
 10AB 6E80              stx 0,S
 10AD E380              addd 0,S
 10AF B746              tfr D,Y
 10B1 E640              ldab 0,Y
 10B3 B716              tfr B,Y
 10B5 EEF024            ldx 36,S
 10B8 B761              tfr Y,B
 10BA EB00              addb 0,X
 10BC C10C              cmpb #12
 10BE 2538              blo L218
 10C0                   .dbline 612
 10C0           ;     {
 10C0                   .dbline 613
 10C0           ;          MenuStackc[StackPointer].CursorPos = 1;
 10C0 F60000            ldab _StackPointer
 10C3 87                clra
 10C4 B746              tfr D,Y
 10C6 CC0006            ldd #6
 10C9 13                emul
 10CA B746              tfr D,Y
 10CC CE0004            ldx #_MenuStackc+4
 10CF B764              tfr Y,D
 10D1 6E80              stx 0,S
 10D3 E380              addd 0,S
 10D5 B746              tfr D,Y
 10D7 CC0001            ldd #1
 10DA 6B40              stab 0,Y
 10DC                   .dbline 614
 10DC           ;          MenuStackc[StackPointer].FirstLine = 0;
 10DC F60000            ldab _StackPointer
 10DF 87                clra
 10E0 B746              tfr D,Y
 10E2 CC0006            ldd #6
 10E5 13                emul
 10E6 B746              tfr D,Y
 10E8 CE0005            ldx #_MenuStackc+5
 10EB B764              tfr Y,D
 10ED 6E80              stx 0,S
 10EF E380              addd 0,S
 10F1 B746              tfr D,Y
 10F3 CC0000            ldd #0
 10F6 6B40              stab 0,Y
 10F8                   .dbline 615
 10F8           ;     }
 10F8           L218:
 10F8                   .dbline 618
 10F8           ;         
 10F8           ;     //If cursor is too far down, check to see if there is another entry, if so, show it and set cursor to bottom entry.
 10F8           ;     if ( MenuStackc[StackPointer].CursorPos == 9 )
 10F8 F60000            ldab _StackPointer
 10FB 87                clra
 10FC B746              tfr D,Y
 10FE CC0006            ldd #6
 1101 13                emul
 1102 B746              tfr D,Y
 1104 CE0004            ldx #_MenuStackc+4
 1107 B764              tfr Y,D
 1109 6E80              stx 0,S
 110B E380              addd 0,S
 110D B746              tfr D,Y
 110F E640              ldab 0,Y
 1111 C109              cmpb #9
 1113 182600C8          lbne L224
 1117                   .dbline 619
 1117           ;     {
 1117                   .dbline 620
 1117           ;          if ( Menuc[k].Entry[9+MenuStackc[StackPointer].FirstLine][1] != ' ' )
 1117 F60000            ldab _StackPointer
 111A 87                clra
 111B B746              tfr D,Y
 111D CC0006            ldd #6
 1120 13                emul
 1121 B746              tfr D,Y
 1123 CE0005            ldx #_MenuStackc+5
 1126 B764              tfr Y,D
 1128 6E80              stx 0,S
 112A E380              addd 0,S
 112C B746              tfr D,Y
 112E E640              ldab 0,Y
 1130 87                clra
 1131 B746              tfr D,Y
 1133 CC0015            ldd #21
 1136 13                emul
 1137 C300BD            addd #189
 113A 6CF022            std 34,S
 113D EDF037            ldy 55,S
 1140 CC0137            ldd #311
 1143 13                emul
 1144 B746              tfr D,Y
 1146 CE0004            ldx #_Menuc+4
 1149 B764              tfr Y,D
 114B 6E80              stx 0,S
 114D E380              addd 0,S
 114F B746              tfr D,Y
 1151 ECF022            ldd 34,S
 1154 6D80              sty 0,S
 1156 E380              addd 0,S
 1158 B746              tfr D,Y
 115A 02                iny
 115B E640              ldab 0,Y
 115D C120              cmpb #32
 115F 2746              beq L227
 1161                   .dbline 621
 1161           ;          {
 1161                   .dbline 622
 1161           ;             MenuStackc[StackPointer].FirstLine++;
 1161 F60000            ldab _StackPointer
 1164 87                clra
 1165 B746              tfr D,Y
 1167 CC0006            ldd #6
 116A 13                emul
 116B B746              tfr D,Y
 116D CE0005            ldx #_MenuStackc+5
 1170 B764              tfr Y,D
 1172 6E80              stx 0,S
 1174 E380              addd 0,S
 1176 B746              tfr D,Y
 1178 6DF020            sty 32,S
 117B E6F30020          ldab [32,S]
 117F B716              tfr B,Y
 1181 02                iny
 1182 EEF020            ldx 32,S
 1185 B761              tfr Y,B
 1187 6B00              stab 0,X
 1189                   .dbline 623
 1189           ;             MenuStackc[StackPointer].CursorPos = 8;
 1189 F60000            ldab _StackPointer
 118C 87                clra
 118D B746              tfr D,Y
 118F CC0006            ldd #6
 1192 13                emul
 1193 B746              tfr D,Y
 1195 CE0004            ldx #_MenuStackc+4
 1198 B764              tfr Y,D
 119A 6E80              stx 0,S
 119C E380              addd 0,S
 119E B746              tfr D,Y
 11A0 CC0008            ldd #8
 11A3 6B40              stab 0,Y
 11A5                   .dbline 624
 11A5           ;          }
 11A5 2038              bra L228
 11A7           L227:
 11A7                   .dbline 626
 11A7           ;          else
 11A7           ;          {
 11A7                   .dbline 627
 11A7           ;              MenuStackc[StackPointer].CursorPos = 1;
 11A7 F60000            ldab _StackPointer
 11AA 87                clra
 11AB B746              tfr D,Y
 11AD CC0006            ldd #6
 11B0 13                emul
 11B1 B746              tfr D,Y
 11B3 CE0004            ldx #_MenuStackc+4
 11B6 B764              tfr Y,D
 11B8 6E80              stx 0,S
 11BA E380              addd 0,S
 11BC B746              tfr D,Y
 11BE CC0001            ldd #1
 11C1 6B40              stab 0,Y
 11C3                   .dbline 628
 11C3           ;              MenuStackc[StackPointer].FirstLine = 0;
 11C3 F60000            ldab _StackPointer
 11C6 87                clra
 11C7 B746              tfr D,Y
 11C9 CC0006            ldd #6
 11CC 13                emul
 11CD B746              tfr D,Y
 11CF CE0005            ldx #_MenuStackc+5
 11D2 B764              tfr Y,D
 11D4 6E80              stx 0,S
 11D6 E380              addd 0,S
 11D8 B746              tfr D,Y
 11DA CC0000            ldd #0
 11DD 6B40              stab 0,Y
 11DF                   .dbline 629
 11DF           ;          }
 11DF           L228:
 11DF                   .dbline 630
 11DF           ;     }
 11DF           L224:
 11DF                   .dbline 633
 11DF           ; 
 11DF           ;     //If cursor is too far up, and the first entry is not the first line then move firstline up and set cursor to top entry
 11DF           ;     if ( MenuStackc[StackPointer].CursorPos == 0 )
 11DF F60000            ldab _StackPointer
 11E2 87                clra
 11E3 B746              tfr D,Y
 11E5 CC0006            ldd #6
 11E8 13                emul
 11E9 B746              tfr D,Y
 11EB CE0004            ldx #_MenuStackc+4
 11EE B764              tfr Y,D
 11F0 6E80              stx 0,S
 11F2 E380              addd 0,S
 11F4 B746              tfr D,Y
 11F6 E640              ldab 0,Y
 11F8 C100              cmpb #0
 11FA 18260146          lbne L235
 11FE                   .dbline 634
 11FE           ;     {
 11FE                   .dbline 635
 11FE           ;          if ( MenuStackc[StackPointer].FirstLine )
 11FE F60000            ldab _StackPointer
 1201 87                clra
 1202 B746              tfr D,Y
 1204 CC0006            ldd #6
 1207 13                emul
 1208 B746              tfr D,Y
 120A CE0005            ldx #_MenuStackc+5
 120D B764              tfr Y,D
 120F 6E80              stx 0,S
 1211 E380              addd 0,S
 1213 B746              tfr D,Y
 1215 E640              ldab 0,Y
 1217 C100              cmpb #0
 1219 2748              beq L238
 121B                   .dbline 636
 121B           ;          {
 121B                   .dbline 637
 121B           ;             MenuStackc[StackPointer].FirstLine--;
 121B F60000            ldab _StackPointer
 121E 87                clra
 121F B746              tfr D,Y
 1221 CC0006            ldd #6
 1224 13                emul
 1225 B746              tfr D,Y
 1227 CE0005            ldx #_MenuStackc+5
 122A B764              tfr Y,D
 122C 6E80              stx 0,S
 122E E380              addd 0,S
 1230 B746              tfr D,Y
 1232 6DF01E            sty 30,S
 1235 E6F3001E          ldab [30,S]
 1239 B716              tfr B,Y
 123B 03                dey
 123C EEF01E            ldx 30,S
 123F B761              tfr Y,B
 1241 6B00              stab 0,X
 1243                   .dbline 638
 1243           ;             MenuStackc[StackPointer].CursorPos = 1;
 1243 F60000            ldab _StackPointer
 1246 87                clra
 1247 B746              tfr D,Y
 1249 CC0006            ldd #6
 124C 13                emul
 124D B746              tfr D,Y
 124F CE0004            ldx #_MenuStackc+4
 1252 B764              tfr Y,D
 1254 6E80              stx 0,S
 1256 E380              addd 0,S
 1258 B746              tfr D,Y
 125A CC0001            ldd #1
 125D 6B40              stab 0,Y
 125F                   .dbline 639
 125F           ;          }
 125F 182000E1          lbra L239
 1263           L238:
 1263                   .dbline 641
 1263           ;          else
 1263           ;          {
 1263                   .dbline 643
 1263           ;              //Find last entry
 1263           ;              for ( i=11;i>0;i-- )
 1263 1AF03B            leax 59,S
 1266 180000000B        movw #11,0,x
 126B           L243:
 126B                   .dbline 644
 126B           ;              {
 126B                   .dbline 645
 126B           ;                  if ( Menuc[k].Entry[i][1] != ' ' && Menuc[k].Entry[i][0] == ' ' )
 126B CC0015            ldd #21
 126E EDF03B            ldy 59,S
 1271 13                emul
 1272 B746              tfr D,Y
 1274 CE0137            ldx #311
 1277 6DF01C            sty 28,S
 127A EDF037            ldy 55,S
 127D B754              tfr X,D
 127F 13                emul
 1280 6CF01A            std 26,S
 1283 CD0004            ldy #_Menuc+4
 1286 6D80              sty 0,S
 1288 E380              addd 0,S
 128A B746              tfr D,Y
 128C ECF01C            ldd 28,S
 128F 6D80              sty 0,S
 1291 E380              addd 0,S
 1293 B746              tfr D,Y
 1295 02                iny
 1296 E640              ldab 0,Y
 1298 C120              cmpb #32
 129A 271D              beq L247
 129C ECF01A            ldd 26,S
 129F CD0004            ldy #_Menuc+4
 12A2 6D80              sty 0,S
 12A4 E380              addd 0,S
 12A6 B746              tfr D,Y
 12A8 ECF01C            ldd 28,S
 12AB 6D80              sty 0,S
 12AD E380              addd 0,S
 12AF B746              tfr D,Y
 12B1 E640              ldab 0,Y
 12B3 C120              cmpb #32
 12B5 2602              bne L247
 12B7                   .dbline 646
 12B7           ;                       break;
 12B7 200C              bra L245
 12B9           L247:
 12B9                   .dbline 647
 12B9           ;              }
 12B9           L244:
 12B9                   .dbline 643
 12B9 EDF03B            ldy 59,S
 12BC 03                dey
 12BD 6DF03B            sty 59,S
 12C0                   .dbline 643
 12C0 8D0000            cpy #0
 12C3 2EA6              bgt L243
 12C5           L245:
 12C5                   .dbline 649
 12C5           ;              //If more than 8 entries, cursor will be at the bottom (8) and first line will be adjusted
 12C5           ;              if ( i > 8 )
 12C5 EDF03B            ldy 59,S
 12C8 8D0008            cpy #8
 12CB 2F3E              ble L251
 12CD                   .dbline 650
 12CD           ;              {
 12CD                   .dbline 651
 12CD           ;                  MenuStackc[StackPointer].CursorPos = 8;
 12CD F60000            ldab _StackPointer
 12D0 87                clra
 12D1 B746              tfr D,Y
 12D3 CC0006            ldd #6
 12D6 13                emul
 12D7 B746              tfr D,Y
 12D9 CE0004            ldx #_MenuStackc+4
 12DC B764              tfr Y,D
 12DE 6E80              stx 0,S
 12E0 E380              addd 0,S
 12E2 B746              tfr D,Y
 12E4 CC0008            ldd #8
 12E7 6B40              stab 0,Y
 12E9                   .dbline 652
 12E9           ;                  MenuStackc[StackPointer].FirstLine = i - 8;
 12E9 F60000            ldab _StackPointer
 12EC 87                clra
 12ED B746              tfr D,Y
 12EF CC0006            ldd #6
 12F2 13                emul
 12F3 B746              tfr D,Y
 12F5 CE0005            ldx #_MenuStackc+5
 12F8 B764              tfr Y,D
 12FA 6E80              stx 0,S
 12FC E380              addd 0,S
 12FE B746              tfr D,Y
 1300 ECF03B            ldd 59,S
 1303 830008            subd #8
 1306 87                clra
 1307 6B40              stab 0,Y
 1309                   .dbline 653
 1309           ;              }
 1309 2039              bra L252
 130B           L251:
 130B                   .dbline 656
 130B           ;              //Otherwise the cursor will be on that entry with the firstline at 0
 130B           ;              else
 130B           ;              {
 130B                   .dbline 657
 130B           ;                  MenuStackc[StackPointer].CursorPos = i;
 130B F60000            ldab _StackPointer
 130E 87                clra
 130F B746              tfr D,Y
 1311 CC0006            ldd #6
 1314 13                emul
 1315 B746              tfr D,Y
 1317 CE0004            ldx #_MenuStackc+4
 131A B764              tfr Y,D
 131C 6E80              stx 0,S
 131E E380              addd 0,S
 1320 B746              tfr D,Y
 1322 ECF03B            ldd 59,S
 1325 87                clra
 1326 6B40              stab 0,Y
 1328                   .dbline 658
 1328           ;                  MenuStackc[StackPointer].FirstLine = 0;
 1328 F60000            ldab _StackPointer
 132B 87                clra
 132C B746              tfr D,Y
 132E CC0006            ldd #6
 1331 13                emul
 1332 B746              tfr D,Y
 1334 CE0005            ldx #_MenuStackc+5
 1337 B764              tfr Y,D
 1339 6E80              stx 0,S
 133B E380              addd 0,S
 133D B746              tfr D,Y
 133F CC0000            ldd #0
 1342 6B40              stab 0,Y
 1344                   .dbline 659
 1344           ;              }
 1344           L252:
 1344                   .dbline 660
 1344           ;          }
 1344           L239:
 1344                   .dbline 661
 1344           ;     }
 1344           L235:
 1344                   .dbline 664
 1344           ; 
 1344           ;     //Load appropriate menu entries into Menu[i][j]
 1344           ;     for ( i=1;i<=8;i++ )
 1344 1AF03B            leax 59,S
 1347 1800000001        movw #1,0,x
 134C           L257:
 134C                   .dbline 665
 134C           ;       {
 134C                   .dbline 666
 134C           ;           for ( j=0;j<=20;j++ )
 134C 1AF039            leax 57,S
 134F 1800000000        movw #0,0,x
 1354           L261:
 1354                   .dbline 667
 1354           ;               {
 1354                   .dbline 668
 1354           ;             Menu[i][j] = Menuc[k].Entry[i+MenuStackc[StackPointer].FirstLine][j];
 1354 F60000            ldab _StackPointer
 1357 87                clra
 1358 B746              tfr D,Y
 135A CC0006            ldd #6
 135D 13                emul
 135E B746              tfr D,Y
 1360 CE0005            ldx #_MenuStackc+5
 1363 B764              tfr Y,D
 1365 6E80              stx 0,S
 1367 E380              addd 0,S
 1369 B746              tfr D,Y
 136B E640              ldab 0,Y
 136D 87                clra
 136E B746              tfr D,Y
 1370 ECF03B            ldd 59,S
 1373 6D80              sty 0,S
 1375 E380              addd 0,S
 1377 B746              tfr D,Y
 1379 CC0015            ldd #21
 137C 13                emul
 137D 6CF018            std 24,S
 1380 EDF037            ldy 55,S
 1383 CC0137            ldd #311
 1386 13                emul
 1387 B746              tfr D,Y
 1389 CE0004            ldx #_Menuc+4
 138C B764              tfr Y,D
 138E 6E80              stx 0,S
 1390 E380              addd 0,S
 1392 B746              tfr D,Y
 1394 ECF018            ldd 24,S
 1397 6D80              sty 0,S
 1399 E380              addd 0,S
 139B B746              tfr D,Y
 139D ECF039            ldd 57,S
 13A0 6D80              sty 0,S
 13A2 E380              addd 0,S
 13A4 B746              tfr D,Y
 13A6 E640              ldab 0,Y
 13A8 6BF034            stab 52,S
 13AB EDF03B            ldy 59,S
 13AE CC0015            ldd #21
 13B1 13                emul
 13B2 B746              tfr D,Y
 13B4 CE0000            ldx #_Menu
 13B7 B764              tfr Y,D
 13B9 6E80              stx 0,S
 13BB E380              addd 0,S
 13BD B746              tfr D,Y
 13BF ECF039            ldd 57,S
 13C2 6D80              sty 0,S
 13C4 E380              addd 0,S
 13C6 B746              tfr D,Y
 13C8 E6F034            ldab 52,S
 13CB 6B40              stab 0,Y
 13CD                   .dbline 669
 13CD           ;               }
 13CD           L262:
 13CD                   .dbline 666
 13CD EDF039            ldy 57,S
 13D0 02                iny
 13D1 6DF039            sty 57,S
 13D4                   .dbline 666
 13D4 8D0014            cpy #20
 13D7 182FFF79          lble L261
 13DB                   .dbline 670
 13DB           ;       }
 13DB           L258:
 13DB                   .dbline 664
 13DB EDF03B            ldy 59,S
 13DE 02                iny
 13DF 6DF03B            sty 59,S
 13E2                   .dbline 664
 13E2 8D0008            cpy #8
 13E5 182FFF63          lble L257
 13E9                   .dbline 673
 13E9           ;       
 13E9           ;       //Load any variables
 13E9           ;     for ( i=1;i<=8;i++ )
 13E9 1AF03B            leax 59,S
 13EC 1800000001        movw #1,0,x
 13F1           L267:
 13F1                   .dbline 674
 13F1           ;       {
 13F1                   .dbline 675
 13F1           ;         if ( Menuc[k].Pos[i+MenuStackc[StackPointer].FirstLine-1] )
 13F1 F60000            ldab _StackPointer
 13F4 87                clra
 13F5 B746              tfr D,Y
 13F7 CC0006            ldd #6
 13FA 13                emul
 13FB B746              tfr D,Y
 13FD CE0005            ldx #_MenuStackc+5
 1400 B764              tfr Y,D
 1402 6E80              stx 0,S
 1404 E380              addd 0,S
 1406 B746              tfr D,Y
 1408 E640              ldab 0,Y
 140A 87                clra
 140B B746              tfr D,Y
 140D ECF03B            ldd 59,S
 1410 6D80              sty 0,S
 1412 E380              addd 0,S
 1414 B746              tfr D,Y
 1416 03                dey
 1417 6DF016            sty 22,S
 141A EDF037            ldy 55,S
 141D CC0137            ldd #311
 1420 13                emul
 1421 B746              tfr D,Y
 1423 CE0100            ldx #_Menuc+256
 1426 B764              tfr Y,D
 1428 6E80              stx 0,S
 142A E380              addd 0,S
 142C B746              tfr D,Y
 142E ECF016            ldd 22,S
 1431 6D80              sty 0,S
 1433 E380              addd 0,S
 1435 B746              tfr D,Y
 1437 E640              ldab 0,Y
 1439 C100              cmpb #0
 143B 18270337          lbeq L271
 143F                   .dbline 676
 143F           ;         {
 143F                   .dbline 677
 143F           ;                        struct menu_var *var = Menuc[k].VarPntr[i+MenuStackc[StackPointer].FirstLine-1];
 143F F60000            ldab _StackPointer
 1442 87                clra
 1443 B746              tfr D,Y
 1445 CC0006            ldd #6
 1448 13                emul
 1449 B746              tfr D,Y
 144B CE0005            ldx #_MenuStackc+5
 144E B764              tfr Y,D
 1450 6E80              stx 0,S
 1452 E380              addd 0,S
 1454 B746              tfr D,Y
 1456 E640              ldab 0,Y
 1458 87                clra
 1459 B746              tfr D,Y
 145B ECF03B            ldd 59,S
 145E 6D80              sty 0,S
 1460 E380              addd 0,S
 1462 830001            subd #1
 1465 59                lsld
 1466 6CF014            std 20,S
 1469 EDF037            ldy 55,S
 146C CC0137            ldd #311
 146F 13                emul
 1470 B746              tfr D,Y
 1472 CE010B            ldx #_Menuc+267
 1475 B764              tfr Y,D
 1477 6E80              stx 0,S
 1479 E380              addd 0,S
 147B B746              tfr D,Y
 147D ECF014            ldd 20,S
 1480 6D80              sty 0,S
 1482 E380              addd 0,S
 1484 B746              tfr D,Y
 1486 1AF033            leax 51,S
 1489 18024000          movw 0,Y,0,x
 148D                   .dbline 678
 148D           ;                        char next_flag = 1;
 148D 1AF030            leax 48,S
 1490 18080001          movb #1,0,x
 1494                   .dbline 679
 1494           ;                        int var_cntr = 1;
 1494 1AF031            leax 49,S
 1497 1800000001        movw #1,0,x
 149C                   .dbline 681
 149C           ;                        
 149C           ;              j=0;    
 149C 1AF039            leax 57,S
 149F 1800000000        movw #0,0,x
 14A4           L277:
 14A4                   .dbline 683
 14A4           ;                        do 
 14A4           ;                        {        
 14A4                   .dbline 685
 14A4           ;                  int l;
 14A4           ;                                for (l=0;j<=20;j++,l++ )//up to 11 char variable "STR_VALUE_LEN"
 14A4 1AF02E            leax 46,S
 14A7 1800000000        movw #0,0,x
 14AC 18200215          lbra L283
 14B0           L280:
 14B0                   .dbline 686
 14B0           ;                  {
 14B0                   .dbline 688
 14B0           ;                                
 14B0           ;                     if ( !Multi_Var_ptr && Variable_flag && i == MenuStackc[StackPointer].CursorPos && l==0 ) 
 14B0 F60000            ldab _Multi_Var_ptr
 14B3 C100              cmpb #0
 14B5 182600A5          lbne L284
 14B9 F60000            ldab _Variable_flag
 14BC C100              cmpb #0
 14BE 1827009C          lbeq L284
 14C2 F60000            ldab _StackPointer
 14C5 87                clra
 14C6 B746              tfr D,Y
 14C8 CC0006            ldd #6
 14CB 13                emul
 14CC B746              tfr D,Y
 14CE CE0004            ldx #_MenuStackc+4
 14D1 B764              tfr Y,D
 14D3 6E80              stx 0,S
 14D5 E380              addd 0,S
 14D7 B746              tfr D,Y
 14D9 E640              ldab 0,Y
 14DB 87                clra
 14DC ACF03B            cpd 59,S
 14DF 1826007B          lbne L284
 14E3 EDF02E            ldy 46,S
 14E6 8D0000            cpy #0
 14E9 18260071          lbne L284
 14ED                   .dbline 689
 14ED           ;                         Menu[i][Menuc[k].Pos[i+MenuStackc[StackPointer].FirstLine-1]-1] = '>';
 14ED F60000            ldab _StackPointer
 14F0 87                clra
 14F1 B746              tfr D,Y
 14F3 CC0006            ldd #6
 14F6 13                emul
 14F7 B746              tfr D,Y
 14F9 CE0005            ldx #_MenuStackc+5
 14FC B764              tfr Y,D
 14FE 6E80              stx 0,S
 1500 E380              addd 0,S
 1502 B746              tfr D,Y
 1504 E640              ldab 0,Y
 1506 87                clra
 1507 B746              tfr D,Y
 1509 ECF03B            ldd 59,S
 150C 6D80              sty 0,S
 150E E380              addd 0,S
 1510 B746              tfr D,Y
 1512 03                dey
 1513 6DF012            sty 18,S
 1516 EDF037            ldy 55,S
 1519 CC0137            ldd #311
 151C 13                emul
 151D B746              tfr D,Y
 151F CE0100            ldx #_Menuc+256
 1522 B764              tfr Y,D
 1524 6E80              stx 0,S
 1526 E380              addd 0,S
 1528 B746              tfr D,Y
 152A ECF012            ldd 18,S
 152D 6D80              sty 0,S
 152F E380              addd 0,S
 1531 B746              tfr D,Y
 1533 E640              ldab 0,Y
 1535 87                clra
 1536 B746              tfr D,Y
 1538 03                dey
 1539 6DF010            sty 16,S
 153C EDF03B            ldy 59,S
 153F CC0015            ldd #21
 1542 13                emul
 1543 B746              tfr D,Y
 1545 CE0000            ldx #_Menu
 1548 B764              tfr Y,D
 154A 6E80              stx 0,S
 154C E380              addd 0,S
 154E B746              tfr D,Y
 1550 ECF010            ldd 16,S
 1553 6D80              sty 0,S
 1555 E380              addd 0,S
 1557 B746              tfr D,Y
 1559 CC003E            ldd #62
 155C 6B40              stab 0,Y
 155E           L284:
 155E                   .dbline 691
 155E           ; 
 155E           ;                     if ( Multi_Var_ptr == var_cntr && i == MenuStackc[StackPointer].CursorPos && l==0 )
 155E F60000            ldab _Multi_Var_ptr
 1561 87                clra
 1562 ACF031            cpd 49,S
 1565 1826009B          lbne L289
 1569 F60000            ldab _StackPointer
 156C 87                clra
 156D B746              tfr D,Y
 156F CC0006            ldd #6
 1572 13                emul
 1573 B746              tfr D,Y
 1575 CE0004            ldx #_MenuStackc+4
 1578 B764              tfr Y,D
 157A 6E80              stx 0,S
 157C E380              addd 0,S
 157E B746              tfr D,Y
 1580 E640              ldab 0,Y
 1582 87                clra
 1583 ACF03B            cpd 59,S
 1586 1826007A          lbne L289
 158A EDF02E            ldy 46,S
 158D 8D0000            cpy #0
 1590 18260070          lbne L289
 1594                   .dbline 692
 1594           ;                                       {
 1594                   .dbline 693
 1594           ;                                                Menu[i][Menuc[k].Pos[i+MenuStackc[StackPointer].FirstLine-1]+j-1] = '>';
 1594 F60000            ldab _StackPointer
 1597 87                clra
 1598 B746              tfr D,Y
 159A CC0006            ldd #6
 159D 13                emul
 159E B746              tfr D,Y
 15A0 CE0005            ldx #_MenuStackc+5
 15A3 B764              tfr Y,D
 15A5 6E80              stx 0,S
 15A7 E380              addd 0,S
 15A9 B746              tfr D,Y
 15AB E640              ldab 0,Y
 15AD 87                clra
 15AE B746              tfr D,Y
 15B0 ECF03B            ldd 59,S
 15B3 6D80              sty 0,S
 15B5 E380              addd 0,S
 15B7 B746              tfr D,Y
 15B9 03                dey
 15BA 6D8E              sty 14,S
 15BC EDF037            ldy 55,S
 15BF CC0137            ldd #311
 15C2 13                emul
 15C3 B746              tfr D,Y
 15C5 CE0100            ldx #_Menuc+256
 15C8 B764              tfr Y,D
 15CA 6E80              stx 0,S
 15CC E380              addd 0,S
 15CE B746              tfr D,Y
 15D0 EC8E              ldd 14,S
 15D2 6D80              sty 0,S
 15D4 E380              addd 0,S
 15D6 B746              tfr D,Y
 15D8 E640              ldab 0,Y
 15DA 87                clra
 15DB E3F039            addd 57,S
 15DE B746              tfr D,Y
 15E0 03                dey
 15E1 6D8C              sty 12,S
 15E3 EDF03B            ldy 59,S
 15E6 CC0015            ldd #21
 15E9 13                emul
 15EA B746              tfr D,Y
 15EC CE0000            ldx #_Menu
 15EF B764              tfr Y,D
 15F1 6E80              stx 0,S
 15F3 E380              addd 0,S
 15F5 B746              tfr D,Y
 15F7 EC8C              ldd 12,S
 15F9 6D80              sty 0,S
 15FB E380              addd 0,S
 15FD B746              tfr D,Y
 15FF CC003E            ldd #62
 1602 6B40              stab 0,Y
 1604                   .dbline 694
 1604           ;                                       }
 1604           L289:
 1604                   .dbline 696
 1604           ;                     
 1604           ;                               if ( var->len_str >= 0 )
 1604 ECF033            ldd 51,S
 1607 C30011            addd #17
 160A B746              tfr D,Y
 160C E640              ldab 0,Y
 160E C100              cmpb #0
 1610 2D07              blt L294
 1612                   .dbline 697
 1612           ;                               {    
 1612                   .dbline 698
 1612           ;                                    getstrval ( var );
 1612 ECF033            ldd 51,S
 1615 4A058F8F          xcall $_getstrval
 1619                   .dbline 699
 1619           ;                           }
 1619           L294:
 1619                   .dbline 701
 1619           ;                                       
 1619           ;                               if ( *(var->str_value+l) ) //if current char of string isn't a NULL
 1619 ECF033            ldd 51,S
 161C C30012            addd #18
 161F B746              tfr D,Y
 1621 ECF02E            ldd 46,S
 1624 6D80              sty 0,S
 1626 E380              addd 0,S
 1628 B746              tfr D,Y
 162A E640              ldab 0,Y
 162C C100              cmpb #0
 162E 1827009D          lbeq L282
 1632                   .dbline 702
 1632           ;                     {
 1632                   .dbline 703
 1632           ;                          Menu[i][Menuc[k].Pos[i+MenuStackc[StackPointer].FirstLine-1]+j] = *(var->str_value+l);
 1632 F60000            ldab _StackPointer
 1635 87                clra
 1636 B746              tfr D,Y
 1638 CC0006            ldd #6
 163B 13                emul
 163C B746              tfr D,Y
 163E CE0005            ldx #_MenuStackc+5
 1641 B764              tfr Y,D
 1643 6E80              stx 0,S
 1645 E380              addd 0,S
 1647 B746              tfr D,Y
 1649 E640              ldab 0,Y
 164B 87                clra
 164C B746              tfr D,Y
 164E ECF03B            ldd 59,S
 1651 6D80              sty 0,S
 1653 E380              addd 0,S
 1655 B746              tfr D,Y
 1657 03                dey
 1658 6D8A              sty 10,S
 165A EDF037            ldy 55,S
 165D CC0137            ldd #311
 1660 13                emul
 1661 B746              tfr D,Y
 1663 CE0100            ldx #_Menuc+256
 1666 B764              tfr Y,D
 1668 6E80              stx 0,S
 166A E380              addd 0,S
 166C B746              tfr D,Y
 166E EC8A              ldd 10,S
 1670 6D80              sty 0,S
 1672 E380              addd 0,S
 1674 B746              tfr D,Y
 1676 E640              ldab 0,Y
 1678 87                clra
 1679 E3F039            addd 57,S
 167C 6C88              std 8,S
 167E EDF03B            ldy 59,S
 1681 CC0015            ldd #21
 1684 13                emul
 1685 B746              tfr D,Y
 1687 CE0000            ldx #_Menu
 168A B764              tfr Y,D
 168C 6E80              stx 0,S
 168E E380              addd 0,S
 1690 B746              tfr D,Y
 1692 EC88              ldd 8,S
 1694 6D80              sty 0,S
 1696 E380              addd 0,S
 1698 B746              tfr D,Y
 169A 6D86              sty 6,S
 169C ECF033            ldd 51,S
 169F C30012            addd #18
 16A2 B745              tfr D,X
 16A4 ECF02E            ldd 46,S
 16A7 6E80              stx 0,S
 16A9 E380              addd 0,S
 16AB B746              tfr D,Y
 16AD E640              ldab 0,Y
 16AF B716              tfr B,Y
 16B1 EE86              ldx 6,S
 16B3 B761              tfr Y,B
 16B5 6B00              stab 0,X
 16B7                   .dbline 704
 16B7           ;                     }
 16B7                   .dbline 706
 16B7           ;                     else
 16B7           ;                     {
 16B7                   .dbline 707
 16B7           ;                         break;
 16B7           L297:
 16B7                   .dbline 709
 16B7           ;                     }
 16B7           ;                  }
 16B7           L281:
 16B7                   .dbline 685
 16B7 EDF039            ldy 57,S
 16BA 02                iny
 16BB 6DF039            sty 57,S
 16BE EDF02E            ldy 46,S
 16C1 02                iny
 16C2 6DF02E            sty 46,S
 16C5           L283:
 16C5                   .dbline 685
 16C5 EDF039            ldy 57,S
 16C8 8D0014            cpy #20
 16CB 182FFDE1          lble L280
 16CF           L282:
 16CF                   .dbline 710
 16CF           ;                                if (var->next_var)
 16CF ECF033            ldd 51,S
 16D2 C30020            addd #32
 16D5 B746              tfr D,Y
 16D7 ED40              ldy 0,Y
 16D9 8D0000            cpy #0
 16DC 1827008A          lbeq L300
 16E0                   .dbline 711
 16E0           ;                                {
 16E0                   .dbline 712
 16E0           ;                                        var = var->next_var;
 16E0 EDF033            ldy 51,S
 16E3 19E820            leay 32,Y
 16E6 1AF033            leax 51,S
 16E9 18024000          movw 0,y,0,x
 16ED                   .dbline 713
 16ED           ;                                        Menu[i][Menuc[k].Pos[i+MenuStackc[StackPointer].FirstLine-1]+j] = ' ';
 16ED F60000            ldab _StackPointer
 16F0 87                clra
 16F1 B746              tfr D,Y
 16F3 CC0006            ldd #6
 16F6 13                emul
 16F7 B746              tfr D,Y
 16F9 CE0005            ldx #_MenuStackc+5
 16FC B764              tfr Y,D
 16FE 6E80              stx 0,S
 1700 E380              addd 0,S
 1702 B746              tfr D,Y
 1704 E640              ldab 0,Y
 1706 87                clra
 1707 B746              tfr D,Y
 1709 ECF03B            ldd 59,S
 170C 6D80              sty 0,S
 170E E380              addd 0,S
 1710 B746              tfr D,Y
 1712 03                dey
 1713 6D84              sty 4,S
 1715 EDF037            ldy 55,S
 1718 CC0137            ldd #311
 171B 13                emul
 171C B746              tfr D,Y
 171E CE0100            ldx #_Menuc+256
 1721 B764              tfr Y,D
 1723 6E80              stx 0,S
 1725 E380              addd 0,S
 1727 B746              tfr D,Y
 1729 EC84              ldd 4,S
 172B 6D80              sty 0,S
 172D E380              addd 0,S
 172F B746              tfr D,Y
 1731 E640              ldab 0,Y
 1733 87                clra
 1734 E3F039            addd 57,S
 1737 6C82              std 2,S
 1739 EDF03B            ldy 59,S
 173C CC0015            ldd #21
 173F 13                emul
 1740 B746              tfr D,Y
 1742 CE0000            ldx #_Menu
 1745 B764              tfr Y,D
 1747 6E80              stx 0,S
 1749 E380              addd 0,S
 174B B746              tfr D,Y
 174D EC82              ldd 2,S
 174F 6D80              sty 0,S
 1751 E380              addd 0,S
 1753 B746              tfr D,Y
 1755 CC0020            ldd #32
 1758 6B40              stab 0,Y
 175A                   .dbline 714
 175A           ;                                        j++;
 175A EDF039            ldy 57,S
 175D 02                iny
 175E 6DF039            sty 57,S
 1761                   .dbline 715
 1761           ;                                        var_cntr++;
 1761 EDF031            ldy 49,S
 1764 02                iny
 1765 6DF031            sty 49,S
 1768                   .dbline 716
 1768           ;                                }
 1768 2003              bra L301
 176A           L300:
 176A                   .dbline 718
 176A           ;                                else
 176A           ;                                {
 176A                   .dbline 719
 176A           ;                                    next_flag = 0;
 176A 69F030            clr 48,S
 176D                   .dbline 720
 176D           ;                                }
 176D           L301:
 176D                   .dbline 721
 176D           ;                        }while(next_flag);
 176D           L278:
 176D                   .dbline 721
 176D E6F030            ldab 48,S
 1770 C100              cmpb #0
 1772 1826FD2E          lbne L277
 1776                   .dbline 722
 1776           ;         }            
 1776           L271:
 1776                   .dbline 723
 1776           ;       }
 1776           L268:
 1776                   .dbline 673
 1776 EDF03B            ldy 59,S
 1779 02                iny
 177A 6DF03B            sty 59,S
 177D                   .dbline 673
 177D 8D0008            cpy #8
 1780 182FFC6D          lble L267
 1784                   .dbline -2
 1784           L204:
 1784                   .dbline 0 ; func end
 1784 1BF03F            leas 63,S
 1787 0A                rtc
 1788                   .dbsym l l 46 I
 1788                   .dbsym l next_flag 48 c
 1788                   .dbsym l var_cntr 49 I
 1788                   .dbsym l var 51 pS[menu_var]
 1788                   .dbsym l l 53 I
 1788                   .dbsym l k 55 I
 1788                   .dbsym l j 57 I
 1788                   .dbsym l i 59 I
 1788                   .dbsym l Index 61 pc
 1788                   .dbend
 1788                   .dbfunc e InsertCursor _InsertCursor fV
 1788           $_InsertCursor::
 1788 1B9E              leas -2,S
 178A                   .dbline -1
 178A                   .dbline 727
 178A           ; }
 178A           ; 
 178A           ; void InsertCursor ( void )
 178A           ; {
 178A                   .dbline 729
 178A           ;       //Display Cursor Pointer
 178A           ;     Menu[MenuStackc[StackPointer].CursorPos][0] = '>';
 178A F60000            ldab _StackPointer
 178D 87                clra
 178E B746              tfr D,Y
 1790 CC0006            ldd #6
 1793 13                emul
 1794 B746              tfr D,Y
 1796 CE0004            ldx #_MenuStackc+4
 1799 B764              tfr Y,D
 179B 6E80              stx 0,S
 179D E380              addd 0,S
 179F B746              tfr D,Y
 17A1 E640              ldab 0,Y
 17A3 87                clra
 17A4 B746              tfr D,Y
 17A6 CC0015            ldd #21
 17A9 13                emul
 17AA B746              tfr D,Y
 17AC CE0000            ldx #_Menu
 17AF B764              tfr Y,D
 17B1 6E80              stx 0,S
 17B3 E380              addd 0,S
 17B5 B746              tfr D,Y
 17B7 CC003E            ldd #62
 17BA 6B40              stab 0,Y
 17BC                   .dbline -2
 17BC           L304:
 17BC                   .dbline 0 ; func end
 17BC 1B82              leas 2,S
 17BE 0A                rtc
 17BF                   .dbend
 17BF                   .dbfunc e DisplayTitler _DisplayTitler fV
 17BF           ;              l -> 3,SP
 17BF           ;              i -> 5,SP
 17BF           ;              j -> 7,SP
 17BF           ;              k -> 9,SP
 17BF           $_DisplayTitler::
 17BF 1B95              leas -11,S
 17C1                   .dbline -1
 17C1                   .dbline 736
 17C1           ; }     
 17C1           ; 
 17C1           ; #define Disp_Wait_Time1  0.001
 17C1           ; #define Disp_Wait_Time2  0.005
 17C1           ; 
 17C1           ; void DisplayTitler ( void )
 17C1           ; {
 17C1                   .dbline 739
 17C1           ;       int i,j,k,l;
 17C1           ;       
 17C1           ;     PositionDisplay ();
 17C1 4A1A1B1B          xcall $_PositionDisplay
 17C5                   .dbline 741
 17C5           ;       
 17C5           ;       gTxMsg.ID = WTX_ID;
 17C5 180303100000      movw #784,_gTxMsg
 17CB                   .dbline 742
 17CB           ;       gTxMsg.LEN = 8;
 17CB 180B080002        movb #8,_gTxMsg+2
 17D0                   .dbline 743
 17D0           ;       gTxMsg.BUF[0] = 0;
 17D0 790004            clr _gTxMsg+4
 17D3                   .dbline 744
 17D3           ;       gTxMsg.BUF[1] = 0x02;
 17D3 180B020005        movb #2,_gTxMsg+4+1
 17D8                   .dbline 745
 17D8           ;       gTxMsg.BUF[2] = 'M';
 17D8 180B4D0006        movb #77,_gTxMsg+4+2
 17DD                   .dbline 746
 17DD           ;       gTxMsg.BUF[3] = 'e';
 17DD 180B650007        movb #101,_gTxMsg+4+3
 17E2                   .dbline 747
 17E2           ;       gTxMsg.BUF[4] = 'n';
 17E2 180B6E0008        movb #110,_gTxMsg+4+4
 17E7                   .dbline 748
 17E7           ;       gTxMsg.BUF[5] = 'u';
 17E7 180B750009        movb #117,_gTxMsg+4+5
 17EC                   .dbline 749
 17EC           ;       gTxMsg.BUF[6] = ':';
 17EC 180B3A000A        movb #58,_gTxMsg+4+6
 17F1                   .dbline 750
 17F1           ;       gTxMsg.BUF[7] = 0;
 17F1 79000B            clr _gTxMsg+4+7
 17F4                   .dbline 752
 17F4           ;       
 17F4           ;       if (!MCOHW_PushMessage(&gTxMsg))
 17F4 CC0000            ldd #_gTxMsg
 17F7 4A000000          xcall $_MCOHW_PushMessage
 17FB 87                clra
 17FC C100              cmpb #0
 17FE 2607              bne L323
 1800                   .dbline 753
 1800           ;       {
 1800                   .dbline 755
 1800           ;         // failed to transmit
 1800           ;               MCOUSER_FatalError(0x8801);
 1800 CC8801            ldd #34817
 1803 4A000000          xcall $_MCOUSER_FatalError
 1807                   .dbline 756
 1807           ;     }
 1807           L323:
 1807                   .dbline 757
 1807           ;       Timer1 = RTI_One_Sec * Disp_Wait_Time1;
 1807 180300000000      movw #0,_Timer1
 180D           L325:
 180D                   .dbline 758
 180D           ;       while ( Timer1 );
 180D           L326:
 180D                   .dbline 758
 180D FD0000            ldy _Timer1
 1810 8D0000            cpy #0
 1813 26F8              bne L325
 1815                   .dbline 760
 1815           ;       
 1815           ;       for ( i=0;i<=8;i++ )        //9 lines
 1815 1800850000        movw #0,5,S
 181A           L328:
 181A                   .dbline 761
 181A           ;       {
 181A                   .dbline 762
 181A           ;           gTxMsg.ID = WTX_ID;
 181A 180303100000      movw #784,_gTxMsg
 1820                   .dbline 763
 1820           ;               gTxMsg.LEN = 7;
 1820 180B070002        movb #7,_gTxMsg+2
 1825                   .dbline 764
 1825           ;               gTxMsg.BUF[0] = 0;
 1825 790004            clr _gTxMsg+4
 1828                   .dbline 765
 1828           ;               gTxMsg.BUF[6] = 0;
 1828 79000A            clr _gTxMsg+4+6
 182B                   .dbline 766
 182B           ;           for ( j=0;j<=15;j+=5 )
 182B 1800870000        movw #0,7,S
 1830           L336:
 1830                   .dbline 767
 1830           ;               {
 1830                   .dbline 768
 1830           ;           COP_Trig();
 1830 4A000000          xcall $_COP_Trig
 1834                   .dbline 769
 1834           ;                       for ( k=0;k<=4;k++ )
 1834 1800890000        movw #0,9,S
 1839           L340:
 1839                   .dbline 770
 1839           ;                       {
 1839                   .dbline 771
 1839           ;                       gTxMsg.BUF[k+1] = Menu[i][j+k];
 1839 CC0015            ldd #21
 183C ED85              ldy 5,S
 183E 13                emul
 183F B746              tfr D,Y
 1841 CE0000            ldx #_Menu
 1844 B764              tfr Y,D
 1846 6E80              stx 0,S
 1848 E380              addd 0,S
 184A B746              tfr D,Y
 184C EC87              ldd 7,S
 184E E389              addd 9,S
 1850 6D80              sty 0,S
 1852 E380              addd 0,S
 1854 B746              tfr D,Y
 1856 E640              ldab 0,Y
 1858 6B82              stab 2,S
 185A EC89              ldd 9,S
 185C CE0005            ldx #_gTxMsg+4+1
 185F 6E80              stx 0,S
 1861 E380              addd 0,S
 1863 B746              tfr D,Y
 1865 E682              ldab 2,S
 1867 6B40              stab 0,Y
 1869                   .dbline 772
 1869           ;                       }
 1869           L341:
 1869                   .dbline 769
 1869 ED89              ldy 9,S
 186B 02                iny
 186C 6D89              sty 9,S
 186E                   .dbline 769
 186E 8D0004            cpy #4
 1871 2FC6              ble L340
 1873                   .dbline 773
 1873           ;               if (!MCOHW_PushMessage(&gTxMsg))
 1873 CC0000            ldd #_gTxMsg
 1876 4A000000          xcall $_MCOHW_PushMessage
 187A 87                clra
 187B C100              cmpb #0
 187D 2607              bne L346
 187F                   .dbline 774
 187F           ;                       {
 187F                   .dbline 776
 187F           ;                 // failed to transmit
 187F           ;                               MCOUSER_FatalError(0x8801);
 187F CC8801            ldd #34817
 1882 4A000000          xcall $_MCOUSER_FatalError
 1886                   .dbline 777
 1886           ;               }
 1886           L346:
 1886                   .dbline 778
 1886           ;                       Timer1 = RTI_One_Sec * Disp_Wait_Time2;
 1886 180300040000      movw #4,_Timer1
 188C           L348:
 188C                   .dbline 779
 188C           ;                       while ( Timer1 );
 188C           L349:
 188C                   .dbline 779
 188C FD0000            ldy _Timer1
 188F 8D0000            cpy #0
 1892 26F8              bne L348
 1894                   .dbline 780
 1894           ;                       l = MCO_ProcessStack();
 1894 4A000000          xcall $_MCO_ProcessStack
 1898 87                clra
 1899 6C83              std 3,S
 189B                   .dbline 781
 189B           ;               }
 189B           L337:
 189B                   .dbline 766
 189B EC87              ldd 7,S
 189D C30005            addd #5
 18A0 6C87              std 7,S
 18A2                   .dbline 766
 18A2 8C000F            cpd #15
 18A5 182FFF87          lble L336
 18A9                   .dbline 782
 18A9           ;               MCO_ProcessStack();
 18A9 4A000000          xcall $_MCO_ProcessStack
 18AD                   .dbline 783
 18AD           ;       }
 18AD           L329:
 18AD                   .dbline 760
 18AD ED85              ldy 5,S
 18AF 02                iny
 18B0 6D85              sty 5,S
 18B2                   .dbline 760
 18B2 8D0008            cpy #8
 18B5 182FFF61          lble L328
 18B9                   .dbline 786
 18B9           ; 
 18B9           ; 
 18B9           ;       gTxMsg.ID = WTX_ID;
 18B9 180303100000      movw #784,_gTxMsg
 18BF                   .dbline 787
 18BF           ;       gTxMsg.LEN = 3;
 18BF 180B030002        movb #3,_gTxMsg+2
 18C4                   .dbline 788
 18C4           ;       gTxMsg.BUF[0] = 0;
 18C4 790004            clr _gTxMsg+4
 18C7                   .dbline 789
 18C7           ;       gTxMsg.BUF[1] = 0x03;
 18C7 180B030005        movb #3,_gTxMsg+4+1
 18CC                   .dbline 790
 18CC           ;       gTxMsg.BUF[2] = 0;
 18CC 790006            clr _gTxMsg+4+2
 18CF                   .dbline 792
 18CF           ; 
 18CF           ;       if (!MCOHW_PushMessage(&gTxMsg))
 18CF CC0000            ldd #_gTxMsg
 18D2 4A000000          xcall $_MCOHW_PushMessage
 18D6 87                clra
 18D7 C100              cmpb #0
 18D9 2607              bne L357
 18DB                   .dbline 793
 18DB           ;       {
 18DB                   .dbline 795
 18DB           ;         // failed to transmit
 18DB           ;               MCOUSER_FatalError(0x8801);
 18DB CC8801            ldd #34817
 18DE 4A000000          xcall $_MCOUSER_FatalError
 18E2                   .dbline 796
 18E2           ;     }
 18E2           L357:
 18E2                   .dbline 797
 18E2           ;       Timer1 = RTI_One_Sec * Disp_Wait_Time1;
 18E2 180300000000      movw #0,_Timer1
 18E8           L359:
 18E8                   .dbline 798
 18E8           ;       while ( Timer1 );
 18E8           L360:
 18E8                   .dbline 798
 18E8 FD0000            ldy _Timer1
 18EB 8D0000            cpy #0
 18EE 26F8              bne L359
 18F0                   .dbline -2
 18F0           L306:
 18F0                   .dbline 0 ; func end
 18F0 1B8B              leas 11,S
 18F2 0A                rtc
 18F3                   .dbsym l l 3 I
 18F3                   .dbsym l i 5 I
 18F3                   .dbsym l j 7 I
 18F3                   .dbsym l k 9 I
 18F3                   .dbend
                        .area bss
 0000                   .dbfile C:\Dev\REV1~1.01\MenuFunctions.c
 0000           L363:
 0000                   .blkb 2
 0002           L364:
 0002                   .blkb 2
                        .area extcode(paged)
 18F3                   .dbfile C:\Dev\REV1~1.01\MenuFunctions.c
 18F3                   .dbfunc e Display _Display fV
 18F3                   .dbsym s j L364 I
 18F3                   .dbsym s i L363 I
 18F3           ;           buff -> 4,SP
 18F3           $_Display::
 18F3 3B                pshd
 18F4 1B9C              leas -4,S
 18F6                   .dbline -1
 18F6                   .dbline 803
 18F6           ; 
 18F6           ; }
 18F6           ; 
 18F6           ; void Display(char buff[27])
 18F6           ; {
 18F6                   .dbline 806
 18F6           ;     static int i,j;
 18F6           ;     
 18F6           ;     gTxMsg.ID = WTX_ID;
 18F6 180303100000      movw #784,_gTxMsg
 18FC                   .dbline 807
 18FC           ;     gTxMsg.LEN = 8;
 18FC 180B080002        movb #8,_gTxMsg+2
 1901                   .dbline 808
 1901           ;     gTxMsg.BUF[0] = NODE_ID; //not sent
 1901 180B210004        movb #33,_gTxMsg+4
 1906                   .dbline 809
 1906           ;     gTxMsg.BUF[1] = 0x02; //starting w/ Rev 2.0, <STX> indicates beginning of command
 1906 180B020005        movb #2,_gTxMsg+4+1
 190B                   .dbline 811
 190B           ;     
 190B           ;     for (i=0; i<=5; i++)
 190B 180300000000      movw #0,L363
 1911           L369:
 1911                   .dbline 812
 1911           ;     {
 1911                   .dbline 813
 1911           ;         gTxMsg.BUF[i+2] = buff[i];
 1911 FC0000            ldd L363
 1914 CD0006            ldy #_gTxMsg+4+2
 1917 6D80              sty 0,S
 1919 E380              addd 0,S
 191B B746              tfr D,Y
 191D FC0000            ldd L363
 1920 E384              addd 4,S
 1922 B745              tfr D,X
 1924 E600              ldab 0,X
 1926 6B40              stab 0,Y
 1928                   .dbline 814
 1928           ;     }
 1928           L370:
 1928                   .dbline 811
 1928 FD0000            ldy L363
 192B 02                iny
 192C 7D0000            sty L363
 192F                   .dbline 811
 192F FD0000            ldy L363
 1932 8D0005            cpy #5
 1935 2FDA              ble L369
 1937                   .dbline 816
 1937           ;     
 1937           ;     if (!MCOHW_PushMessage(&gTxMsg))
 1937 CC0000            ldd #_gTxMsg
 193A 4A000000          xcall $_MCOHW_PushMessage
 193E 87                clra
 193F C100              cmpb #0
 1941 2607              bne L375
 1943                   .dbline 817
 1943           ;         MCOUSER_FatalError(0x8801);
 1943 CC8801            ldd #34817
 1946 4A000000          xcall $_MCOUSER_FatalError
 194A           L375:
 194A                   .dbline 819
 194A           ;     
 194A           ;     Timer1 = RTI_One_Sec * Disp_Wait_Time1;
 194A 180300000000      movw #0,_Timer1
 1950           L377:
 1950                   .dbline 820
 1950           ;     while ( Timer1 );
 1950           L378:
 1950                   .dbline 820
 1950 FD0000            ldy _Timer1
 1953 8D0000            cpy #0
 1956 26F8              bne L377
 1958                   .dbline 822
 1958           ;     
 1958           ;     gTxMsg.BUF[0] = NODE_ID; 
 1958 180B210004        movb #33,_gTxMsg+4
 195D                   .dbline 824
 195D           ;     
 195D           ;     for (i=6; i<strlen(buff); i+=7)
 195D 180300060000      movw #6,L363
 1963 2069              bra L384
 1965           L381:
 1965                   .dbline 825
 1965           ;     {
 1965                   .dbline 826
 1965           ;         if (i >= 27)
 1965 FD0000            ldy L363
 1968 8D001B            cpy #27
 196B 2D04              blt L385
 196D                   .dbline 827
 196D           ;             break;
 196D 1820006E          lbra L383
 1971           L385:
 1971                   .dbline 829
 1971           ;         
 1971           ;         for (j=0; j<=6; j++)
 1971 180300000002      movw #0,L364
 1977           L387:
 1977                   .dbline 830
 1977           ;         {
 1977                   .dbline 831
 1977           ;             gTxMsg.BUF[j+1] = buff[i+j]; //6-12; 13-19; 14-20
 1977 FC0002            ldd L364
 197A CD0005            ldy #_gTxMsg+4+1
 197D 6D80              sty 0,S
 197F E380              addd 0,S
 1981 B746              tfr D,Y
 1983 FC0000            ldd L363
 1986 F30002            addd L364
 1989 E384              addd 4,S
 198B B745              tfr D,X
 198D E600              ldab 0,X
 198F 6B40              stab 0,Y
 1991                   .dbline 832
 1991           ;         }
 1991           L388:
 1991                   .dbline 829
 1991 FD0002            ldy L364
 1994 02                iny
 1995 7D0002            sty L364
 1998                   .dbline 829
 1998 FD0002            ldy L364
 199B 8D0006            cpy #6
 199E 2FD7              ble L387
 19A0                   .dbline 834
 19A0           ;         
 19A0           ;         if (!MCOHW_PushMessage(&gTxMsg))
 19A0 CC0000            ldd #_gTxMsg
 19A3 4A000000          xcall $_MCOHW_PushMessage
 19A7 87                clra
 19A8 C100              cmpb #0
 19AA 2607              bne L393
 19AC                   .dbline 835
 19AC           ;             MCOUSER_FatalError(0x8801);
 19AC CC8801            ldd #34817
 19AF 4A000000          xcall $_MCOUSER_FatalError
 19B3           L393:
 19B3                   .dbline 837
 19B3           ;         
 19B3           ;         Timer1 = RTI_One_Sec * Disp_Wait_Time2;
 19B3 180300040000      movw #4,_Timer1
 19B9           L395:
 19B9                   .dbline 838
 19B9           ;         while ( Timer1 );
 19B9           L396:
 19B9                   .dbline 838
 19B9 FD0000            ldy _Timer1
 19BC 8D0000            cpy #0
 19BF 26F8              bne L395
 19C1                   .dbline 840
 19C1           ;         
 19C1           ;         MCO_ProcessStack();
 19C1 4A000000          xcall $_MCO_ProcessStack
 19C5                   .dbline 841
 19C5           ;     }
 19C5           L382:
 19C5                   .dbline 824
 19C5 FC0000            ldd L363
 19C8 C30007            addd #7
 19CB 7C0000            std L363
 19CE           L384:
 19CE                   .dbline 824
 19CE EC84              ldd 4,S
 19D0 4A000000          xcall $_strlen
 19D4 6C82              std 2,S
 19D6 FD0000            ldy L363
 19D9 AD82              cpy 2,S
 19DB 1825FF86          lblo L381
 19DF           L383:
 19DF                   .dbline 843
 19DF           ;     
 19DF           ;     gTxMsg.ID = WTX_ID;
 19DF 180303100000      movw #784,_gTxMsg
 19E5                   .dbline 844
 19E5           ;     gTxMsg.LEN = 3;
 19E5 180B030002        movb #3,_gTxMsg+2
 19EA                   .dbline 845
 19EA           ;     gTxMsg.BUF[0] = NODE_ID;
 19EA 180B210004        movb #33,_gTxMsg+4
 19EF                   .dbline 846
 19EF           ;     gTxMsg.BUF[1] = 0x03;
 19EF 180B030005        movb #3,_gTxMsg+4+1
 19F4                   .dbline 847
 19F4           ;     gTxMsg.BUF[2] = 0;
 19F4 790006            clr _gTxMsg+4+2
 19F7                   .dbline 849
 19F7           ;     
 19F7           ;     if (!MCOHW_PushMessage(&gTxMsg))
 19F7 CC0000            ldd #_gTxMsg
 19FA 4A000000          xcall $_MCOHW_PushMessage
 19FE 87                clra
 19FF C100              cmpb #0
 1A01 2607              bne L404
 1A03                   .dbline 850
 1A03           ;         MCOUSER_FatalError(0x8801);
 1A03 CC8801            ldd #34817
 1A06 4A000000          xcall $_MCOUSER_FatalError
 1A0A           L404:
 1A0A                   .dbline 852
 1A0A           ;     
 1A0A           ;     Timer1 = RTI_One_Sec * Disp_Wait_Time1;
 1A0A 180300000000      movw #0,_Timer1
 1A10           L406:
 1A10                   .dbline 853
 1A10           ;     while ( Timer1 );
 1A10           L407:
 1A10                   .dbline 853
 1A10 FD0000            ldy _Timer1
 1A13 8D0000            cpy #0
 1A16 26F8              bne L406
 1A18                   .dbline -2
 1A18           L362:
 1A18                   .dbline 0 ; func end
 1A18 1B86              leas 6,S
 1A1A 0A                rtc
 1A1B                   .dbsym l buff 4 pc
 1A1B                   .dbend
 1A1B                   .dbfunc e PositionDisplay _PositionDisplay fV
 1A1B           $_PositionDisplay::
 1A1B                   .dbline -1
 1A1B                   .dbline 858
 1A1B           ;     
 1A1B           ; }
 1A1B           ; 
 1A1B           ; void PositionDisplay ( void )
 1A1B           ; {
 1A1B                   .dbline 859
 1A1B           ;       gTxMsg.ID = WTX_ID;
 1A1B 180303100000      movw #784,_gTxMsg
 1A21                   .dbline 860
 1A21           ;       gTxMsg.LEN = 8;
 1A21 180B080002        movb #8,_gTxMsg+2
 1A26                   .dbline 861
 1A26           ;       gTxMsg.BUF[0] = 0;
 1A26 790004            clr _gTxMsg+4
 1A29                   .dbline 862
 1A29           ;       gTxMsg.BUF[1] = 0x02;
 1A29 180B020005        movb #2,_gTxMsg+4+1
 1A2E                   .dbline 863
 1A2E           ;       gTxMsg.BUF[2] = 'H';
 1A2E 180B480006        movb #72,_gTxMsg+4+2
 1A33                   .dbline 864
 1A33           ;       gTxMsg.BUF[3] = 'o';
 1A33 180B6F0007        movb #111,_gTxMsg+4+3
 1A38                   .dbline 865
 1A38           ;       gTxMsg.BUF[4] = 'm';
 1A38 180B6D0008        movb #109,_gTxMsg+4+4
 1A3D                   .dbline 866
 1A3D           ;       gTxMsg.BUF[5] = 'e';
 1A3D 180B650009        movb #101,_gTxMsg+4+5
 1A42                   .dbline 867
 1A42           ;       gTxMsg.BUF[6] = ':';
 1A42 180B3A000A        movb #58,_gTxMsg+4+6
 1A47                   .dbline 868
 1A47           ;       gTxMsg.BUF[7] = 0x03;
 1A47 180B03000B        movb #3,_gTxMsg+4+7
 1A4C                   .dbline 870
 1A4C           ;       
 1A4C           ;       if (!MCOHW_PushMessage(&gTxMsg))
 1A4C CC0000            ldd #_gTxMsg
 1A4F 4A000000          xcall $_MCOHW_PushMessage
 1A53 87                clra
 1A54 C100              cmpb #0
 1A56 2607              bne L426
 1A58                   .dbline 871
 1A58           ;       {
 1A58                   .dbline 873
 1A58           ;         // failed to transmit
 1A58           ;               MCOUSER_FatalError(0x8801);
 1A58 CC8801            ldd #34817
 1A5B 4A000000          xcall $_MCOUSER_FatalError
 1A5F                   .dbline 874
 1A5F           ;     }
 1A5F           L426:
 1A5F                   .dbline 875
 1A5F           ;       Timer1 = RTI_One_Sec * Disp_Wait_Time1;
 1A5F 180300000000      movw #0,_Timer1
 1A65           L428:
 1A65                   .dbline 876
 1A65           ;       while ( Timer1 );
 1A65           L429:
 1A65                   .dbline 876
 1A65 FD0000            ldy _Timer1
 1A68 8D0000            cpy #0
 1A6B 26F8              bne L428
 1A6D                   .dbline -2
 1A6D           L409:
 1A6D                   .dbline 0 ; func end
 1A6D 0A                rtc
 1A6E                   .dbend
 1A6E                   .dbfunc e ClearTitler _ClearTitler fV
 1A6E                   .dbstruct 0 12 .2
 1A6E                   .dbfield 0 ID i
 1A6E                   .dbfield 2 LEN c
 1A6E                   .dbfield 3 dummy32bit c
 1A6E                   .dbfield 4 BUF A[8:8]c
 1A6E                   .dbend
 1A6E           ;              i -> 0,SP
 1A6E           ;         pTxMsg -> 2,SP
 1A6E           ;         gTxMsg -> 4,SP
 1A6E           $_ClearTitler::
 1A6E 1B90              leas -16,S
 1A70                   .dbline -1
 1A70                   .dbline 880
 1A70           ; }
 1A70           ; 
 1A70           ; void ClearTitler ( void )
 1A70           ; {
 1A70                   .dbline 883
 1A70           ;     int i;
 1A70           ;       CAN_MSG gTxMsg;
 1A70           ;       CAN_MSG *pTxMsg = &gTxMsg;
 1A70 1984              leay 4,S
 1A72 6D82              sty 2,S
 1A74                   .dbline 885
 1A74           ; 
 1A74           ;       gTxMsg.ID = WTX_ID;
 1A74 1800840310        movw #784,4,S
 1A79                   .dbline 886
 1A79           ;       gTxMsg.LEN = 8;
 1A79 18088608          movb #8,6,S
 1A7D                   .dbline 887
 1A7D           ;       gTxMsg.BUF[0] = 0;
 1A7D 6988              clr 8,S
 1A7F                   .dbline 888
 1A7F           ;       gTxMsg.BUF[1] = 0x02;
 1A7F 18088902          movb #2,9,S
 1A83                   .dbline 889
 1A83           ;       gTxMsg.BUF[2] = 'C';
 1A83 18088A43          movb #67,10,S
 1A87                   .dbline 890
 1A87           ;       gTxMsg.BUF[3] = 'l';
 1A87 18088B6C          movb #108,11,S
 1A8B                   .dbline 891
 1A8B           ;       gTxMsg.BUF[4] = 'r';
 1A8B 18088C72          movb #114,12,S
 1A8F                   .dbline 892
 1A8F           ;       gTxMsg.BUF[5] = ':';
 1A8F 18088D3A          movb #58,13,S
 1A93                   .dbline 893
 1A93           ;       gTxMsg.BUF[6] = 0x03;
 1A93 18088E03          movb #3,14,S
 1A97                   .dbline 894
 1A97           ;       gTxMsg.BUF[7] = 0;       //place-holder character, RF will not transmit null
 1A97 698F              clr 15,S
 1A99                   .dbline 897
 1A99           ; 
 1A99           ;       
 1A99           ;       if (!MCOHW_PushMessage(&gTxMsg))
 1A99 1984              leay 4,S
 1A9B B764              tfr Y,D
 1A9D 4A000000          xcall $_MCOHW_PushMessage
 1AA1 87                clra
 1AA2 C100              cmpb #0
 1AA4 2607              bne L448
 1AA6                   .dbline 898
 1AA6           ;       {
 1AA6                   .dbline 900
 1AA6           ;         // failed to transmit
 1AA6           ;               MCOUSER_FatalError(0x8801);
 1AA6 CC8801            ldd #34817
 1AA9 4A000000          xcall $_MCOUSER_FatalError
 1AAD                   .dbline 901
 1AAD           ;     }
 1AAD           L448:
 1AAD                   .dbline 902
 1AAD           ;       Timer1 = RTI_One_Sec * Disp_Wait_Time1;
 1AAD 180300000000      movw #0,_Timer1
 1AB3           L450:
 1AB3                   .dbline 903
 1AB3           ;       while ( Timer1 );
 1AB3           L451:
 1AB3                   .dbline 903
 1AB3 FD0000            ldy _Timer1
 1AB6 8D0000            cpy #0
 1AB9 26F8              bne L450
 1ABB                   .dbline -2
 1ABB           L431:
 1ABB                   .dbline 0 ; func end
 1ABB 1BF010            leas 16,S
 1ABE 0A                rtc
 1ABF                   .dbsym l i 0 I
 1ABF                   .dbsym l pTxMsg 2 pS[.2]
 1ABF                   .dbsym l gTxMsg 4 S[.2]
 1ABF                   .dbend
 1ABF                   .dbfunc e menu_function _menu_function fI
 1ABF           ; CamAddressXmitd -> 10,SP
 1ABF           ;              i -> 11,SP
 1ABF           $_menu_function::
 1ABF 1B93              leas -13,S
 1AC1                   .dbline -1
 1AC1                   .dbline 909
 1AC1           ; 
 1AC1           ; }
 1AC1           ; 
 1AC1           ; 
 1AC1           ; int menu_function (void)
 1AC1           ; {
 1AC1                   .dbline 914
 1AC1           ;     int i;
 1AC1           ;       
 1AC1           ;     char CamAddressXmitd;
 1AC1           ; 
 1AC1           ;     if (State == FinishState)
 1AC1 F60000            ldab _State
 1AC4 C163              cmpb #99
 1AC6 2605              bne L454
 1AC8                   .dbline 915
 1AC8           ;         InProcess = 0;
 1AC8 790004            clr _InProcess
 1ACB 2005              bra L455
 1ACD           L454:
 1ACD                   .dbline 917
 1ACD           ;     else
 1ACD           ;         InProcess = 1;
 1ACD 180B010004        movb #1,_InProcess
 1AD2           L455:
 1AD2                   .dbline 919
 1AD2           ; 
 1AD2           ;     if ( StoreFlag && State == FinishState)
 1AD2 F60001            ldab _StoreFlag
 1AD5 C100              cmpb #0
 1AD7 272C              beq L456
 1AD9 F60000            ldab _State
 1ADC C163              cmpb #99
 1ADE 2625              bne L456
 1AE0                   .dbline 920
 1AE0           ;     {
 1AE0                   .dbline 921
 1AE0           ;         StoreFlag = 0;
 1AE0 790001            clr _StoreFlag
 1AE3                   .dbline 923
 1AE3           ;         //if detects CamTag is different, send msg to controller to update camera list
 1AE3           ;         if (strncmp(&CamTag.str_value[0], &EE_CamTag[0], STR_VALUE_LEN - 1) != 0)
 1AE3 CD000B            ldy #11
 1AE6 6D82              sty 2,S
 1AE8 CD0009            ldy #_EE_CamTag
 1AEB 6D80              sty 0,S
 1AED CC0012            ldd #_CamTag+18
 1AF0 4A000000          xcall $_strncmp
 1AF4 8C0000            cpd #0
 1AF7 2704              beq L458
 1AF9                   .dbline 924
 1AF9           ;         {
 1AF9                   .dbline 925
 1AF9           ;             Update_Cam_List();        
 1AF9 4A220606          xcall $_Update_Cam_List
 1AFD                   .dbline 926
 1AFD           ;         }
 1AFD           L458:
 1AFD                   .dbline 927
 1AFD           ;         Save_Serial_Num(); //This has to be called before 'Save_Variables', otherwise EEPROM may not be available to read right away
 1AFD 4A205454          xcall $_Save_Serial_Num
 1B01                   .dbline 928
 1B01           ;         Save_Variables();
 1B01 4A209090          xcall $_Save_Variables
 1B05                   .dbline 929
 1B05           ;     }
 1B05           L456:
 1B05                   .dbline 931
 1B05           ;               
 1B05           ;     if ( TC0_RCVD_Data != ( gProcImg[OUT_digi_2]<<8 | gProcImg[OUT_digi_1] ) )
 1B05 F60019            ldab _gProcImg+25
 1B08 B714              tfr B,D
 1B0A B710              tfr B,A
 1B0C F60018            ldab _gProcImg+24
 1B0F BC0000            cpd _TC0_RCVD_Data
 1B12 270D              beq L461
 1B14                   .dbline 932
 1B14           ;     {
 1B14                   .dbline 933
 1B14           ;         TC0_RCVD_Data = gProcImg[OUT_digi_2]<<8 | gProcImg[OUT_digi_1];
 1B14 F60019            ldab _gProcImg+25
 1B17 B714              tfr B,D
 1B19 B710              tfr B,A
 1B1B F60018            ldab _gProcImg+24
 1B1E 7C0000            std _TC0_RCVD_Data
 1B21                   .dbline 934
 1B21           ;     }
 1B21           L461:
 1B21                   .dbline 936
 1B21           ; 
 1B21           ;     if ( (gProcImg[OUT_digi_6] & 0x08) &&              //command to activate menu
 1B21 1F001D0802        brclr _gProcImg+29,#8,X0
 1B26 2004              bra X1
 1B28 182001BC  X0: lbra L467
 1B2C           X1:
 1B2C FC0000            ldd _cam_add
 1B2F 8400              anda #0
 1B31 C4FF              andb #-1
 1B33 B746              tfr D,Y
 1B35 F6001E            ldab _gProcImg+30
 1B38 87                clra
 1B39 B745              tfr D,X
 1B3B 6D84              sty 4,S
 1B3D AE84              cpx 4,S
 1B3F 182601A5          lbne L467
 1B43 FC0000            ldd _cam_add
 1B46 84FF              anda #-1
 1B48 C400              andb #0
 1B4A B746              tfr D,Y
 1B4C C7                clrb
 1B4D B6001F            ldaa _gProcImg+31
 1B50 B745              tfr D,X
 1B52 6D84              sty 4,S
 1B54 AE84              cpx 4,S
 1B56 1826018E          lbne L467
 1B5A F60000            ldab _Gen_Flags
 1B5D C501              bitb #1
 1B5F 18260185          lbne L467
 1B63                   .dbline 940
 1B63           ;             (gProcImg[OUT_digi_7] == (cam_add & 0x00FF)) &&         //lsb - old address
 1B63           ;                 (gProcImg[OUT_digi_8]<< 8 ==  (cam_add & 0xFF00)) &&
 1B63           ;                  !(Gen_Flags & Gen_Flags_Menu_Active) )
 1B63           ;     {
 1B63                   .dbline 941
 1B63           ;           gProcImg[OUT_digi_6] = 0x00;
 1B63 79001D            clr _gProcImg+29
 1B66                   .dbline 942
 1B66           ;         gProcImg[OUT_digi_7] = 0x00;
 1B66 79001E            clr _gProcImg+30
 1B69                   .dbline 943
 1B69           ;         gProcImg[OUT_digi_8] = 0x00;
 1B69 79001F            clr _gProcImg+31
 1B6C                   .dbline 944
 1B6C           ;         gProcImg[OUT_digi_4] = (cam_add & 0x00FF);
 1B6C FC0000            ldd _cam_add
 1B6F 8400              anda #0
 1B71 C4FF              andb #-1
 1B73 7B001B            stab _gProcImg+27
 1B76                   .dbline 945
 1B76           ;         gProcImg[OUT_digi_5] = (cam_add & 0xFF00)>>8;
 1B76 FC0000            ldd _cam_add
 1B79 84FF              anda #-1
 1B7B C400              andb #0
 1B7D B701              tfr A,B
 1B7F 87                clra
 1B80 7B001C            stab _gProcImg+28
 1B83                   .dbline 946
 1B83           ;         PORTA |= CAM_ON;       //turn camera on
 1B83 1C000004          bset 0,#4
 1B87                   .dbline 947
 1B87           ;               if (MicOnOff.value == 2)
 1B87 1801AE0002        movw _MicOnOff+2,2,-S
 1B8C 1801AE0000        movw _MicOnOff,2,-S
 1B91 1800AE0000        movw #0,2,-S
 1B96 1800AE4000        movw #16384,2,-S
 1B9B 160000            jsr cmpf4
 1B9E 2607              bne L477
 1BA0                   .dbline 948
 1BA0           ;                   mic_setEnabled(true);
 1BA0 CC0001            ldd #1
 1BA3 4A000000          xcall $_mic_setEnabled
 1BA7           L477:
 1BA7                   .dbline 951
 1BA7           ; 
 1BA7           ;         //turn off other cameras
 1BA7           ;         gTxMsg.ID = 0x421;
 1BA7 180304210000      movw #1057,_gTxMsg
 1BAD                   .dbline 952
 1BAD           ;         gTxMsg.LEN = 2; 
 1BAD 180B020002        movb #2,_gTxMsg+2
 1BB2                   .dbline 953
 1BB2           ;         gTxMsg.BUF[0] = cam_add;
 1BB2 F60001            ldab _cam_add+1
 1BB5 7B0004            stab _gTxMsg+4
 1BB8                   .dbline 954
 1BB8           ;         gTxMsg.BUF[1] = cam_add >> 8;  
 1BB8 FC0000            ldd _cam_add
 1BBB B701              tfr A,B
 1BBD 87                clra
 1BBE 7B0005            stab _gTxMsg+4+1
 1BC1                   .dbline 955
 1BC1           ;               if (!MCOHW_PushMessage(&gTxMsg))
 1BC1 CC0000            ldd #_gTxMsg
 1BC4 4A000000          xcall $_MCOHW_PushMessage
 1BC8 87                clra
 1BC9 C100              cmpb #0
 1BCB 2607              bne L483
 1BCD                   .dbline 956
 1BCD           ;         {
 1BCD                   .dbline 958
 1BCD           ;             // failed to transmit
 1BCD           ;             MCOUSER_FatalError(0x8801);
 1BCD CC8801            ldd #34817
 1BD0 4A000000          xcall $_MCOUSER_FatalError
 1BD4                   .dbline 959
 1BD4           ;         } 
 1BD4           L483:
 1BD4                   .dbline 961
 1BD4           ;                       
 1BD4           ;         MenuTimer = MenuTime * 2;
 1BD4 180301E80000      movw #488,_MenuTimer
 1BDA                   .dbline 963
 1BDA           ;       
 1BDA           ;         gProcImg[OUT_digi_0] &= ~0x01;
 1BDA 1D001701          bclr _gProcImg+23,#1
 1BDE                   .dbline 965
 1BDE           ;               
 1BDE           ;         Timer1 = RTI_One_Sec * .10;
 1BDE 180300610000      movw #97,_Timer1
 1BE4           L486:
 1BE4                   .dbline 966
 1BE4           ;         while ( Timer1 );
 1BE4           L487:
 1BE4                   .dbline 966
 1BE4 FD0000            ldy _Timer1
 1BE7 8D0000            cpy #0
 1BEA 26F8              bne L486
 1BEC                   .dbline 967
 1BEC           ;         gProcImg[IN_digi_0] |= 0x01;
 1BEC 1C000001          bset _gProcImg,#1
 1BF0                   .dbline 968
 1BF0           ;         MCO_ProcessStack();
 1BF0 4A000000          xcall $_MCO_ProcessStack
 1BF4                   .dbline 969
 1BF4           ;         Timer1 = RTI_One_Sec * .10;
 1BF4 180300610000      movw #97,_Timer1
 1BFA           L489:
 1BFA                   .dbline 970
 1BFA           ;         while ( Timer1 );
 1BFA           L490:
 1BFA                   .dbline 970
 1BFA FD0000            ldy _Timer1
 1BFD 8D0000            cpy #0
 1C00 26F8              bne L489
 1C02                   .dbline 972
 1C02           ;                
 1C02           ;         StackPointer = 0;
 1C02 790000            clr _StackPointer
 1C05                   .dbline 973
 1C05           ;         MenuStackc[StackPointer].Index[0] = 0;
 1C05 F60000            ldab _StackPointer
 1C08 87                clra
 1C09 B746              tfr D,Y
 1C0B CC0006            ldd #6
 1C0E 13                emul
 1C0F B746              tfr D,Y
 1C11 CE0000            ldx #_MenuStackc
 1C14 B764              tfr Y,D
 1C16 6E84              stx 4,S
 1C18 E384              addd 4,S
 1C1A B746              tfr D,Y
 1C1C CC0000            ldd #0
 1C1F 6B40              stab 0,Y
 1C21                   .dbline 974
 1C21           ;         MenuStackc[StackPointer].Index[1] = 0;
 1C21 F60000            ldab _StackPointer
 1C24 87                clra
 1C25 B746              tfr D,Y
 1C27 CC0006            ldd #6
 1C2A 13                emul
 1C2B B746              tfr D,Y
 1C2D CE0001            ldx #_MenuStackc+1
 1C30 B764              tfr Y,D
 1C32 6E84              stx 4,S
 1C34 E384              addd 4,S
 1C36 B746              tfr D,Y
 1C38 CC0000            ldd #0
 1C3B 6B40              stab 0,Y
 1C3D                   .dbline 975
 1C3D           ;         MenuStackc[StackPointer].Index[2] = 0;
 1C3D F60000            ldab _StackPointer
 1C40 87                clra
 1C41 B746              tfr D,Y
 1C43 CC0006            ldd #6
 1C46 13                emul
 1C47 B746              tfr D,Y
 1C49 CE0002            ldx #_MenuStackc+2
 1C4C B764              tfr Y,D
 1C4E 6E84              stx 4,S
 1C50 E384              addd 4,S
 1C52 B746              tfr D,Y
 1C54 CC0000            ldd #0
 1C57 6B40              stab 0,Y
 1C59                   .dbline 976
 1C59           ;         MenuStackc[StackPointer].Index[3] = 0;
 1C59 F60000            ldab _StackPointer
 1C5C 87                clra
 1C5D B746              tfr D,Y
 1C5F CC0006            ldd #6
 1C62 13                emul
 1C63 B746              tfr D,Y
 1C65 CE0003            ldx #_MenuStackc+3
 1C68 B764              tfr Y,D
 1C6A 6E84              stx 4,S
 1C6C E384              addd 4,S
 1C6E B746              tfr D,Y
 1C70 CC0000            ldd #0
 1C73 6B40              stab 0,Y
 1C75                   .dbline 977
 1C75           ;         MenuStackc[StackPointer].CursorPos = 1;
 1C75 F60000            ldab _StackPointer
 1C78 87                clra
 1C79 B746              tfr D,Y
 1C7B CC0006            ldd #6
 1C7E 13                emul
 1C7F B746              tfr D,Y
 1C81 CE0004            ldx #_MenuStackc+4
 1C84 B764              tfr Y,D
 1C86 6E84              stx 4,S
 1C88 E384              addd 4,S
 1C8A B746              tfr D,Y
 1C8C CC0001            ldd #1
 1C8F 6B40              stab 0,Y
 1C91                   .dbline 978
 1C91           ;         MenuStackc[StackPointer].FirstLine = 0;
 1C91 F60000            ldab _StackPointer
 1C94 87                clra
 1C95 B746              tfr D,Y
 1C97 CC0006            ldd #6
 1C9A 13                emul
 1C9B B746              tfr D,Y
 1C9D CE0005            ldx #_MenuStackc+5
 1CA0 B764              tfr Y,D
 1CA2 6E84              stx 4,S
 1CA4 E384              addd 4,S
 1CA6 B746              tfr D,Y
 1CA8 CC0000            ldd #0
 1CAB 6B40              stab 0,Y
 1CAD                   .dbline 979
 1CAD           ;         Gen_Flags |= Gen_Flags_Menu_Active;
 1CAD 1C000001          bset _Gen_Flags,#1
 1CB1                   .dbline 981
 1CB1           ;         
 1CB1           ;         LoadMenu ( MenuStackc[StackPointer].Index );
 1CB1 F60000            ldab _StackPointer
 1CB4 87                clra
 1CB5 B746              tfr D,Y
 1CB7 CC0006            ldd #6
 1CBA 13                emul
 1CBB B746              tfr D,Y
 1CBD CE0000            ldx #_MenuStackc
 1CC0 B764              tfr Y,D
 1CC2 6E84              stx 4,S
 1CC4 E384              addd 4,S
 1CC6 4A0F8C8C          xcall $_LoadMenu
 1CCA                   .dbline 982
 1CCA           ;         InsertCursor ();
 1CCA 4A178888          xcall $_InsertCursor
 1CCE                   .dbline 983
 1CCE           ;               UpdateMenu = 1;
 1CCE 180B010000        movb #1,_UpdateMenu
 1CD3                   .dbline 984
 1CD3           ;               AcceptKeys = 0;
 1CD3 790005            clr _AcceptKeys
 1CD6                   .dbline 985
 1CD6           ;         CursorDownFlag = 0;
 1CD6 790008            clr _CursorDownFlag
 1CD9                   .dbline 986
 1CD9           ;         CursorUpFlag = 0;
 1CD9 790007            clr _CursorUpFlag
 1CDC                   .dbline 987
 1CDC           ;         SelectFlag = -1;
 1CDC 180BFF0006        movb #255,_SelectFlag
 1CE1                   .dbline 988
 1CE1           ;               Send_Menu_Status (0x01);
 1CE1 CC0001            ldd #1
 1CE4 4A21DFDF          xcall $_Send_Menu_Status
 1CE8                   .dbline 989
 1CE8           ;     }
 1CE8           L467:
 1CE8                   .dbline 991
 1CE8           ; 
 1CE8           ;       if (AcceptKeys)
 1CE8 F60005            ldab _AcceptKeys
 1CEB C100              cmpb #0
 1CED 18270090          lbeq L497
 1CF1                   .dbline 992
 1CF1           ;       {
 1CF1                   .dbline 993
 1CF1           ;       if ( ( TC0_RCVD_Data & TeleData_Down ) && CursorDownFlag == 0 )
 1CF1 FC0000            ldd _TC0_RCVD_Data
 1CF4 8400              anda #0
 1CF6 C401              andb #1
 1CF8 8C0000            cpd #0
 1CFB 270E              beq L499
 1CFD F60008            ldab _CursorDownFlag
 1D00 C100              cmpb #0
 1D02 2607              bne L499
 1D04                   .dbline 994
 1D04           ;               CursorDownFlag = 1;
 1D04 180B010008        movb #1,_CursorDownFlag
 1D09 2016              bra L500
 1D0B           L499:
 1D0B                   .dbline 995
 1D0B           ;       else if ( CursorDownFlag == -1 && !( TC0_RCVD_Data & TeleData_Down ) )
 1D0B F60008            ldab _CursorDownFlag
 1D0E C1FF              cmpb #65535
 1D10 260F              bne L501
 1D12 FC0000            ldd _TC0_RCVD_Data
 1D15 8400              anda #0
 1D17 C401              andb #1
 1D19 8C0000            cpd #0
 1D1C 2603              bne L501
 1D1E                   .dbline 996
 1D1E           ;               CursorDownFlag = 0;
 1D1E 790008            clr _CursorDownFlag
 1D21           L501:
 1D21           L500:
 1D21                   .dbline 998
 1D21           ;     
 1D21           ;       if ( ( TC0_RCVD_Data &  TeleData_Up ) && CursorUpFlag == 0 )
 1D21 FC0000            ldd _TC0_RCVD_Data
 1D24 8400              anda #0
 1D26 C402              andb #2
 1D28 8C0000            cpd #0
 1D2B 270E              beq L503
 1D2D F60007            ldab _CursorUpFlag
 1D30 C100              cmpb #0
 1D32 2607              bne L503
 1D34                   .dbline 999
 1D34           ;               CursorUpFlag = 1;
 1D34 180B010007        movb #1,_CursorUpFlag
 1D39 2016              bra L504
 1D3B           L503:
 1D3B                   .dbline 1000
 1D3B           ;       else if ( CursorUpFlag == -1 && !( TC0_RCVD_Data & TeleData_Up ) )
 1D3B F60007            ldab _CursorUpFlag
 1D3E C1FF              cmpb #65535
 1D40 260F              bne L505
 1D42 FC0000            ldd _TC0_RCVD_Data
 1D45 8400              anda #0
 1D47 C402              andb #2
 1D49 8C0000            cpd #0
 1D4C 2603              bne L505
 1D4E                   .dbline 1001
 1D4E           ;               CursorUpFlag = 0;
 1D4E 790007            clr _CursorUpFlag
 1D51           L505:
 1D51           L504:
 1D51                   .dbline 1003
 1D51           ;     
 1D51           ;       if ( ( TC0_RCVD_Data & TeleData_Select ) && SelectFlag == 0 )
 1D51 FC0000            ldd _TC0_RCVD_Data
 1D54 8400              anda #0
 1D56 C404              andb #4
 1D58 8C0000            cpd #0
 1D5B 270E              beq L507
 1D5D F60006            ldab _SelectFlag
 1D60 C100              cmpb #0
 1D62 2607              bne L507
 1D64                   .dbline 1004
 1D64           ;               SelectFlag = 1;
 1D64 180B010006        movb #1,_SelectFlag
 1D69 2016              bra L508
 1D6B           L507:
 1D6B                   .dbline 1005
 1D6B           ;       else if ( SelectFlag == -1 && !( TC0_RCVD_Data & TeleData_Select ) )
 1D6B F60006            ldab _SelectFlag
 1D6E C1FF              cmpb #65535
 1D70 260F              bne L509
 1D72 FC0000            ldd _TC0_RCVD_Data
 1D75 8400              anda #0
 1D77 C404              andb #4
 1D79 8C0000            cpd #0
 1D7C 2603              bne L509
 1D7E                   .dbline 1006
 1D7E           ;               SelectFlag = 0;
 1D7E 790006            clr _SelectFlag
 1D81           L509:
 1D81           L508:
 1D81                   .dbline 1007
 1D81           ;       }
 1D81           L497:
 1D81                   .dbline 1009
 1D81           ;       
 1D81           ;       if ( !MenuTimer )
 1D81 FD0000            ldy _MenuTimer
 1D84 8D0000            cpy #0
 1D87 182600DE          lbne L511
 1D8B                   .dbline 1010
 1D8B           ;       {
 1D8B                   .dbline 1011
 1D8B           ;               MenuTimer = (InProcess ? MenuTime*2.5 : MenuTime);
 1D8B F60004            ldab _InProcess
 1D8E C100              cmpb #0
 1D90 270C              beq L514
 1D92 1800864418        movw #17432,6,S
 1D97 1800889680        movw #38528,8,S
 1D9C 200A              bra L515
 1D9E           L514:
 1D9E 1800864374        movw #17268,6,S
 1DA3 1800882400        movw #9216,8,S
 1DA8           L515:
 1DA8 EC88              ldd 8,S
 1DAA 3B                pshd
 1DAB EC88              ldd 8,S
 1DAD 3B                pshd
 1DAE 160000            jsr fp2int
 1DB1 7C0000            std _MenuTimer
 1DB4                   .dbline 1012
 1DB4           ;               AcceptKeys = 1;
 1DB4 180B010005        movb #1,_AcceptKeys
 1DB9                   .dbline 1014
 1DB9           ;               
 1DB9           ;               if ( Gen_Flags & Gen_Flags_Menu_Active )
 1DB9 1F00000102        brclr _Gen_Flags,#1,X2
 1DBE 2004              bra X3
 1DC0 18200068  X2: lbra L516
 1DC4           X3:
 1DC4                   .dbline 1015
 1DC4           ;               {
 1DC4                   .dbline 1016
 1DC4           ;                       if ( CursorDownFlag )
 1DC4 F60008            ldab _CursorDownFlag
 1DC7 C100              cmpb #0
 1DC9 2709              beq L518
 1DCB                   .dbline 1017
 1DCB           ;                       {
 1DCB                   .dbline 1018
 1DCB           ;                               CursorDownFlag = -1;
 1DCB 180BFF0008        movb #255,_CursorDownFlag
 1DD0                   .dbline 1019
 1DD0           ;                               CursorDown ();                          
 1DD0 4A035656          xcall $_CursorDown
 1DD4                   .dbline 1020
 1DD4           ;                       }
 1DD4           L518:
 1DD4                   .dbline 1021
 1DD4           ;                       if ( CursorUpFlag )
 1DD4 F60007            ldab _CursorUpFlag
 1DD7 C100              cmpb #0
 1DD9 2709              beq L520
 1DDB                   .dbline 1022
 1DDB           ;                       {
 1DDB                   .dbline 1023
 1DDB           ;                               CursorUpFlag = -1;
 1DDB 180BFF0007        movb #255,_CursorUpFlag
 1DE0                   .dbline 1024
 1DE0           ;                               CursorUp ();                    
 1DE0 4A02E9E9          xcall $_CursorUp
 1DE4                   .dbline 1025
 1DE4           ;                       }                        
 1DE4           L520:
 1DE4                   .dbline 1026
 1DE4           ;                       if ( SelectFlag == 1)
 1DE4 F60006            ldab _SelectFlag
 1DE7 C101              cmpb #1
 1DE9 260F              bne L522
 1DEB                   .dbline 1027
 1DEB           ;                       {
 1DEB                   .dbline 1028
 1DEB           ;                               MenuTimer = MenuTime * 2;                          //briefly disable select after menu is selected                 
 1DEB 180301E80000      movw #488,_MenuTimer
 1DF1                   .dbline 1029
 1DF1           ;                               Select();       
 1DF1 4A0B7D7D          xcall $_Select
 1DF5                   .dbline 1030
 1DF5           ;                               SelectFlag = -1;                
 1DF5 180BFF0006        movb #255,_SelectFlag
 1DFA                   .dbline 1031
 1DFA           ;                       }
 1DFA           L522:
 1DFA                   .dbline 1032
 1DFA           ;                       if ( UpdateMenu )
 1DFA F60000            ldab _UpdateMenu
 1DFD C100              cmpb #0
 1DFF 272B              beq L524
 1E01                   .dbline 1033
 1E01           ;                       {
 1E01                   .dbline 1034
 1E01           ;                               LoadMenu ( MenuStackc[StackPointer].Index );
 1E01 F60000            ldab _StackPointer
 1E04 87                clra
 1E05 B746              tfr D,Y
 1E07 CC0006            ldd #6
 1E0A 13                emul
 1E0B B746              tfr D,Y
 1E0D CE0000            ldx #_MenuStackc
 1E10 B764              tfr Y,D
 1E12 6E84              stx 4,S
 1E14 E384              addd 4,S
 1E16 4A0F8C8C          xcall $_LoadMenu
 1E1A                   .dbline 1035
 1E1A           ;                               if ( !Variable_flag )
 1E1A F60000            ldab _Variable_flag
 1E1D C100              cmpb #0
 1E1F 2604              bne L526
 1E21                   .dbline 1036
 1E21           ;                                       InsertCursor ();
 1E21 4A178888          xcall $_InsertCursor
 1E25           L526:
 1E25                   .dbline 1037
 1E25           ;                               DisplayTitler ();
 1E25 4A17BFBF          xcall $_DisplayTitler
 1E29                   .dbline 1038
 1E29           ;                               UpdateMenu = 0;
 1E29 790000            clr _UpdateMenu
 1E2C                   .dbline 1039
 1E2C           ;                       }
 1E2C           L524:
 1E2C                   .dbline 1040
 1E2C           ;               }
 1E2C           L516:
 1E2C                   .dbline 1042
 1E2C           ;       
 1E2C           ;         if ( UpdateMenu )
 1E2C F60000            ldab _UpdateMenu
 1E2F C100              cmpb #0
 1E31 2736              beq L528
 1E33                   .dbline 1043
 1E33           ;         {
 1E33                   .dbline 1044
 1E33           ;             if ( Gen_Flags & Gen_Flags_Menu_Active )
 1E33 1F0000012A        brclr _Gen_Flags,#1,L530
 1E38                   .dbline 1045
 1E38           ;             {
 1E38                   .dbline 1046
 1E38           ;                 LoadMenu ( MenuStackc[StackPointer].Index );
 1E38 F60000            ldab _StackPointer
 1E3B 87                clra
 1E3C B746              tfr D,Y
 1E3E CC0006            ldd #6
 1E41 13                emul
 1E42 B746              tfr D,Y
 1E44 CE0000            ldx #_MenuStackc
 1E47 B764              tfr Y,D
 1E49 6E84              stx 4,S
 1E4B E384              addd 4,S
 1E4D 4A0F8C8C          xcall $_LoadMenu
 1E51                   .dbline 1047
 1E51           ;                 if ( !Variable_flag )
 1E51 F60000            ldab _Variable_flag
 1E54 C100              cmpb #0
 1E56 2604              bne L532
 1E58                   .dbline 1048
 1E58           ;                     InsertCursor ();
 1E58 4A178888          xcall $_InsertCursor
 1E5C           L532:
 1E5C                   .dbline 1049
 1E5C           ;                 DisplayTitler ();
 1E5C 4A17BFBF          xcall $_DisplayTitler
 1E60                   .dbline 1050
 1E60           ;             }
 1E60 2004              bra L531
 1E62           L530:
 1E62                   .dbline 1052
 1E62           ;             else
 1E62           ;             {
 1E62                   .dbline 1053
 1E62           ;                 ClearTitler ();
 1E62 4A1A6E6E          xcall $_ClearTitler
 1E66                   .dbline 1054
 1E66           ;             }
 1E66           L531:
 1E66                   .dbline 1055
 1E66           ;             UpdateMenu = 0;
 1E66 790000            clr _UpdateMenu
 1E69                   .dbline 1056
 1E69           ;         }
 1E69           L528:
 1E69                   .dbline 1057
 1E69           ;       }
 1E69           L511:
 1E69                   .dbline 1059
 1E69           ; 
 1E69           ;     if ( Gen_Flags & Gen_Flags_Menu_Active )
 1E69 1F00000105        brclr _Gen_Flags,#1,L534
 1E6E                   .dbline 1060
 1E6E           ;           return 1;
 1E6E CC0001            ldd #1
 1E71 2003              bra L453
 1E73           L534:
 1E73                   .dbline 1062
 1E73           ;       else
 1E73           ;           return 0;
 1E73 CC0000            ldd #0
 1E76                   .dbline -2
 1E76           L453:
 1E76                   .dbline 0 ; func end
 1E76 1B8D              leas 13,S
 1E78 0A                rtc
 1E79                   .dbsym l CamAddressXmitd 10 c
 1E79                   .dbsym l i 11 I
 1E79                   .dbend
 1E79                   .dbfunc e SetDefaultValues _SetDefaultValues fV
 1E79           ;     defaultPtr -> 0,SP
 1E79           $_SetDefaultValues::
 1E79 3B                pshd
 1E7A                   .dbline -1
 1E7A                   .dbline 1066
 1E7A           ; } 
 1E7A           ; 
 1E7A           ; void SetDefaultValues(int defaultPtr)  //used when different defaults are needed (eg. for Machine size)
 1E7A           ; {
 1E7A                   .dbline -2
 1E7A           L536:
 1E7A                   .dbline 0 ; func end
 1E7A 1B82              leas 2,S
 1E7C 0A                rtc
 1E7D                   .dbsym l defaultPtr 0 I
 1E7D                   .dbend
 1E7D                   .dbfunc e Load_Variables _Load_Variables fV
 1E7D           ;      EE_offset -> 4,SP
 1E7D           ;        tempstr -> 6,SP
 1E7D           ;            var -> 136,SP
 1E7D           ;           cptr -> 138,SP
 1E7D           ;          token -> 140,SP
 1E7D           $_Load_Variables::
 1E7D 1BF172            leas -142,S
 1E80                   .dbline -1
 1E80                   .dbline 1075
 1E80           ;       /*UpdateVarByValue(&MachineSize, defaultPtr + 1);
 1E80           ;       UpdateVarByValue(&Encoder_Gear, EG_defaults[defaultPtr]);
 1E80           ;       UpdateVarByValue(&Large_Gear, LG_defaults[defaultPtr]);
 1E80           ;       UpdateVarByValue(&GearRatio, GR_defaults[defaultPtr]);*/
 1E80           ; }
 1E80           ; 
 1E80           ; 
 1E80           ; void Load_Variables ( void )
 1E80           ; {
 1E80                   .dbline 1076
 1E80           ;     int EE_offset=0;
 1E80 1800840000        movw #0,4,S
 1E85                   .dbline 1081
 1E85           ;       char tempstr[130];
 1E85           ;     char *cptr,*token;
 1E85           ;       struct menu_var *var;
 1E85           ; 
 1E85           ;       if (*(char *)EE_Begin == 0xff) 
 1E85 F60800            ldab 0x800
 1E88 C1FF              cmpb #255
 1E8A 2608              bne L538
 1E8C                   .dbline 1082
 1E8C           ;       {
 1E8C                   .dbline 1083
 1E8C           ;           Save_Variables();
 1E8C 4A209090          xcall $_Save_Variables
 1E90                   .dbline 1084
 1E90           ;               return;
 1E90 18200152          lbra L537
 1E94           L538:
 1E94                   .dbline 1087
 1E94           ;       }       
 1E94           ;               
 1E94           ;     if (strlen((char *)EE_Begin) > 128)
 1E94 CC0800            ldd #2048
 1E97 4A000000          xcall $_strlen
 1E9B 8C0080            cpd #128
 1E9E 231C              bls L540
 1EA0                   .dbline 1088
 1EA0           ;       {
 1EA0                   .dbline 1089
 1EA0           ;           tempstr[0] = 0xFF;
 1EA0 180886FF          movb #255,6,S
 1EA4                   .dbline 1090
 1EA4           ;               EEWrite ( 1, tempstr,(int *)(EE_Begin));      //Put a 0xff in the beginning of EEPROM to force defaults
 1EA4 CD0800            ldy #2048
 1EA7 6D82              sty 2,S
 1EA9 1986              leay 6,S
 1EAB 6D80              sty 0,S
 1EAD CC0001            ldd #1
 1EB0 4A000000          xcall $_EEWrite
 1EB4                   .dbline 1091
 1EB4           ;               ResetProc ();
 1EB4 4A000000          xcall $_ResetProc
 1EB8                   .dbline 1092
 1EB8           ;               return;
 1EB8 1820012A          lbra L537
 1EBC           L540:
 1EBC                   .dbline 1095
 1EBC           ;       }
 1EBC           ;       
 1EBC           ;       strncpy(tempstr, (char *)EE_Begin, sizeof(tempstr));
 1EBC CD0082            ldy #130
 1EBF 6D82              sty 2,S
 1EC1 CD0800            ldy #2048
 1EC4 6D80              sty 0,S
 1EC6 1986              leay 6,S
 1EC8 B764              tfr Y,D
 1ECA 4A000000          xcall $_strncpy
 1ECE                   .dbline 1096
 1ECE           ;     token = strtok(tempstr, ",");
 1ECE CD01E9            ldy #L78
 1ED1 6D80              sty 0,S
 1ED3 1986              leay 6,S
 1ED5 B764              tfr Y,D
 1ED7 4A000000          xcall $_strtok
 1EDB 6CF08C            std 140,S
 1EDE                   .dbline 1098
 1EDE           ; 
 1EDE           ;       for(cptr = (char *)&NullVar.str_value; cptr <= (char *)&NullVar2.str_value; cptr = cptr + sizeof(NullVar))
 1EDE CD0012            ldy #_NullVar+18
 1EE1 6DF08A            sty 138,S
 1EE4 182000BC          lbra L545
 1EE8           L542:
 1EE8                   .dbline 1099
 1EE8           ;       {
 1EE8                   .dbline 1100
 1EE8           ;               if (strlen(token) > STR_VALUE_LEN)
 1EE8 ECF08C            ldd 140,S
 1EEB 4A000000          xcall $_strlen
 1EEF 8C000C            cpd #12
 1EF2 231C              bls L548
 1EF4                   .dbline 1101
 1EF4           ;       {
 1EF4                   .dbline 1102
 1EF4           ;               tempstr[0] = 0xff;
 1EF4 180886FF          movb #255,6,S
 1EF8                   .dbline 1103
 1EF8           ;                       EEWrite ( 1, tempstr,(int *)(EE_Begin));     //Put a 0xff in the beginning of EEPROM to force defaults
 1EF8 CD0800            ldy #2048
 1EFB 6D82              sty 2,S
 1EFD 1986              leay 6,S
 1EFF 6D80              sty 0,S
 1F01 CC0001            ldd #1
 1F04 4A000000          xcall $_EEWrite
 1F08                   .dbline 1104
 1F08           ;               ResetProc ();
 1F08 4A000000          xcall $_ResetProc
 1F0C                   .dbline 1105
 1F0C           ;                       return;
 1F0C 182000D6          lbra L537
 1F10           L548:
 1F10                   .dbline 1108
 1F10           ;       }
 1F10           ;               
 1F10           ;               strncpy(cptr,token,STR_VALUE_LEN);
 1F10 CD000C            ldy #12
 1F13 6D82              sty 2,S
 1F15 EDF08C            ldy 140,S
 1F18 6D80              sty 0,S
 1F1A ECF08A            ldd 138,S
 1F1D 4A000000          xcall $_strncpy
 1F21                   .dbline 1109
 1F21           ;               token = strtok(NULL, ",");
 1F21 CD01E9            ldy #L78
 1F24 6D80              sty 0,S
 1F26 CC0000            ldd #0
 1F29 4A000000          xcall $_strtok
 1F2D 6CF08C            std 140,S
 1F30                   .dbline 1110
 1F30           ;               if ( token == NULL )
 1F30 8C0000            cpd #0
 1F33 18260064          lbne L550
 1F37                   .dbline 1111
 1F37           ;               {
 1F37                   .dbline 1112
 1F37           ;                   EE_offset = EE_offset + 128;
 1F37 EC84              ldd 4,S
 1F39 C30080            addd #128
 1F3C 6C84              std 4,S
 1F3E                   .dbline 1113
 1F3E           ;                       if (!*(char *)(EE_Begin + EE_offset))
 1F3E C30800            addd #2048
 1F41 B746              tfr D,Y
 1F43 E640              ldab 0,Y
 1F45 C100              cmpb #0
 1F47 2604              bne L552
 1F49                   .dbline 1114
 1F49           ;                           break; //Last variable loaded
 1F49 18200061          lbra L544
 1F4D           L552:
 1F4D                   .dbline 1115
 1F4D           ;             if (strlen((char *)(EE_Begin + EE_offset)) > 128)
 1F4D EC84              ldd 4,S
 1F4F C30800            addd #2048
 1F52 4A000000          xcall $_strlen
 1F56 8C0080            cpd #128
 1F59 231C              bls L554
 1F5B                   .dbline 1116
 1F5B           ;               {
 1F5B                   .dbline 1117
 1F5B           ;                   tempstr[0] = 0xff;
 1F5B 180886FF          movb #255,6,S
 1F5F                   .dbline 1118
 1F5F           ;                       EEWrite ( 1, tempstr,(int *)(EE_Begin));   //Put a 0xff in the beginning of EEPROM to force defaults
 1F5F CD0800            ldy #2048
 1F62 6D82              sty 2,S
 1F64 1986              leay 6,S
 1F66 6D80              sty 0,S
 1F68 CC0001            ldd #1
 1F6B 4A000000          xcall $_EEWrite
 1F6F                   .dbline 1119
 1F6F           ;                       ResetProc ();
 1F6F 4A000000          xcall $_ResetProc
 1F73                   .dbline 1120
 1F73           ;                               return;
 1F73 1820006F          lbra L537
 1F77           L554:
 1F77                   .dbline 1122
 1F77           ;               }
 1F77           ;                       strncpy(tempstr,(char *)(EE_Begin + EE_offset),sizeof(tempstr));
 1F77 CD0082            ldy #130
 1F7A 6D82              sty 2,S
 1F7C EC84              ldd 4,S
 1F7E C30800            addd #2048
 1F81 6C80              std 0,S
 1F83 1986              leay 6,S
 1F85 B764              tfr Y,D
 1F87 4A000000          xcall $_strncpy
 1F8B                   .dbline 1123
 1F8B           ;                       token = strtok(tempstr, ",");
 1F8B CD01E9            ldy #L78
 1F8E 6D80              sty 0,S
 1F90 1986              leay 6,S
 1F92 B764              tfr Y,D
 1F94 4A000000          xcall $_strtok
 1F98 6CF08C            std 140,S
 1F9B                   .dbline 1124
 1F9B           ;               }
 1F9B           L550:
 1F9B                   .dbline 1125
 1F9B           ;       }
 1F9B           L543:
 1F9B                   .dbline 1098
 1F9B ECF08A            ldd 138,S
 1F9E C30022            addd #34
 1FA1 6CF08A            std 138,S
 1FA4           L545:
 1FA4                   .dbline 1098
 1FA4 CD0012            ldy #_NullVar2+18
 1FA7 ADF08A            cpy 138,S
 1FAA 1824FF3A          lbhs L542
 1FAE           L544:
 1FAE                   .dbline 1127
 1FAE           ;               
 1FAE           ;       for(var=&NullVar; var<=&NullVar2; var=var+1)    
 1FAE CD0000            ldy #_NullVar
 1FB1 6DF088            sty 136,S
 1FB4 2017              bra L559
 1FB6           L556:
 1FB6                   .dbline 1128
 1FB6           ;       {
 1FB6                   .dbline 1129
 1FB6           ;           getvalue(var,0);
 1FB6 CD0000            ldy #0
 1FB9 6D80              sty 0,S
 1FBB ECF088            ldd 136,S
 1FBE 4A03C3C3          xcall $_getvalue
 1FC2 1B84              leas 4,S
 1FC4                   .dbline 1130
 1FC4           ;       }
 1FC4           L557:
 1FC4                   .dbline 1127
 1FC4 ECF088            ldd 136,S
 1FC7 C30022            addd #34
 1FCA 6CF088            std 136,S
 1FCD           L559:
 1FCD                   .dbline 1127
 1FCD CD0000            ldy #_NullVar2
 1FD0 ADF088            cpy 136,S
 1FD3 24E1              bhs L556
 1FD5                   .dbline 1131
 1FD5           ;       strncpy(&EE_CamTag[0], &CamTag.str_value[0], STR_VALUE_LEN - 1); 
 1FD5 CD000B            ldy #11
 1FD8 6D82              sty 2,S
 1FDA CD0012            ldy #_CamTag+18
 1FDD 6D80              sty 0,S
 1FDF CC0009            ldd #_EE_CamTag
 1FE2 4A000000          xcall $_strncpy
 1FE6                   .dbline -2
 1FE6           L537:
 1FE6                   .dbline 0 ; func end
 1FE6 1BF08E            leas 142,S
 1FE9 0A                rtc
 1FEA                   .dbsym l EE_offset 4 I
 1FEA                   .dbsym l tempstr 6 A[130:130]c
 1FEA                   .dbsym l var 136 pS[menu_var]
 1FEA                   .dbsym l cptr 138 pc
 1FEA                   .dbsym l token 140 pc
 1FEA                   .dbend
 1FEA                   .dbfunc e Load_Serial_Num _Load_Serial_Num fV
 1FEA           ;        tempstr -> 2,SP
 1FEA           ; VarEEPROMPntr2 -> 132,SP
 1FEA           $_Load_Serial_Num::
 1FEA 1BF17A            leas -134,S
 1FED                   .dbline -1
 1FED                   .dbline 1137
 1FED           ;       
 1FED           ; }
 1FED           ; 
 1FED           ; //retreive Serial Number from EEProm
 1FED           ; void Load_Serial_Num ( void )
 1FED           ; {
 1FED                   .dbline 1141
 1FED           ;     char tempstr[130];
 1FED           ;     char *VarEEPROMPntr2;
 1FED           ;       
 1FED           ;     VarEEPROMPntr2 = (char *)0xB10;
 1FED 19F084            leay 132,S
 1FF0 1800400B10        movw #2832,0,y
 1FF5                   .dbline 1143
 1FF5           ;     
 1FF5           ;     if ( *VarEEPROMPntr2 >= '0' && *VarEEPROMPntr2 <= '9' )
 1FF5 E6F30084          ldab [132,S]
 1FF9 87                clra
 1FFA 6C80              std 0,S
 1FFC 8C0030            cpd #48
 1FFF 2D4F              blt L562
 2001 ED80              ldy 0,S
 2003 8D0039            cpy #57
 2006 2E48              bgt L562
 2008                   .dbline 1144
 2008           ;       {
 2008                   .dbline 1145
 2008           ;       SerialNum.str_value[0] = *VarEEPROMPntr2;
 2008 EDF084            ldy 132,S
 200B 180D400012        movb 0,Y,_SerialNum+18
 2010                   .dbline 1146
 2010           ;         SerialNum.str_value[1] = *(VarEEPROMPntr2 + 1);   
 2010 EDF084            ldy 132,S
 2013 02                iny
 2014 180D400013        movb 0,Y,_SerialNum+18+1
 2019                   .dbline 1147
 2019           ;         SerialNum.str_value[2] = *(VarEEPROMPntr2 + 2);   
 2019 ECF084            ldd 132,S
 201C C30002            addd #2
 201F B746              tfr D,Y
 2021 180D400014        movb 0,Y,_SerialNum+18+2
 2026                   .dbline 1148
 2026           ;         SerialNum.str_value[3] = *(VarEEPROMPntr2 + 3);   
 2026 ECF084            ldd 132,S
 2029 C30003            addd #3
 202C B746              tfr D,Y
 202E 180D400015        movb 0,Y,_SerialNum+18+3
 2033                   .dbline 1149
 2033           ;         SerialNum.str_value[4] = *(VarEEPROMPntr2 + 4);   
 2033 ECF084            ldd 132,S
 2036 C30004            addd #4
 2039 B746              tfr D,Y
 203B 180D400016        movb 0,Y,_SerialNum+18+4
 2040                   .dbline 1150
 2040           ;         SerialNum.str_value[5] = *(VarEEPROMPntr2 + 5);     
 2040 ECF084            ldd 132,S
 2043 C30005            addd #5
 2046 B746              tfr D,Y
 2048 180D400017        movb 0,Y,_SerialNum+18+5
 204D                   .dbline 1151
 204D           ;         SerialNum.str_value[6] = 0;
 204D 790018            clr _SerialNum+18+6
 2050                   .dbline 1152
 2050           ;       }   
 2050           L562:
 2050                   .dbline -2
 2050           L561:
 2050                   .dbline 0 ; func end
 2050 1BF086            leas 134,S
 2053 0A                rtc
 2054                   .dbsym l tempstr 2 A[130:130]c
 2054                   .dbsym l VarEEPROMPntr2 132 pc
 2054                   .dbend
 2054                   .dbfunc e Save_Serial_Num _Save_Serial_Num fV
 2054           ;      EEpromPtr -> 6,SP
 2054           $_Save_Serial_Num::
 2054 1B98              leas -8,S
 2056                   .dbline -1
 2056                   .dbline 1156
 2056           ; }
 2056           ; 
 2056           ; void Save_Serial_Num ( void )
 2056           ; {
 2056                   .dbline 1161
 2056           ;     char *EEpromPtr;
 2056           ;     
 2056           ;       //This will prevent the serial number from being saved if there is already a number in EEPROM (first digit in EEPROM is numeric)
 2056           ;       //It will allow '------" to be saved (first digit in Serial Num Var is non numeric)
 2056           ;       if (*(char *)0xB10 >= '0' && *(char *)0xB10 <= '9' && SerialNum.str_value[0] >= '0' && SerialNum.str_value[0] <= '9')
 2056 F60B10            ldab 0xb10
 2059 87                clra
 205A 6C84              std 4,S
 205C 8C0030            cpd #48
 205F 2D17              blt L578
 2061 ED84              ldy 4,S
 2063 8D0039            cpy #57
 2066 2E10              bgt L578
 2068 F60012            ldab _SerialNum+18
 206B C130              cmpb #48
 206D 2509              blo L578
 206F F60012            ldab _SerialNum+18
 2072 C139              cmpb #57
 2074 2202              bhi L578
 2076                   .dbline 1162
 2076           ;       {
 2076                   .dbline 1163
 2076           ;           return;
 2076 2015              bra L577
 2078           L578:
 2078                   .dbline 1166
 2078           ;       }       
 2078           ;       
 2078           ;     EEpromPtr = &SerialNum.str_value[0];
 2078 CD0012            ldy #_SerialNum+18
 207B 6D86              sty 6,S
 207D                   .dbline 1168
 207D           ; 
 207D           ;       EEWrite ( 7, EEpromPtr, (int *)0xB10 );
 207D CD0B10            ldy #2832
 2080 6D82              sty 2,S
 2082 ED86              ldy 6,S
 2084 6D80              sty 0,S
 2086 CC0007            ldd #7
 2089 4A000000          xcall $_EEWrite
 208D                   .dbline -2
 208D           L577:
 208D                   .dbline 0 ; func end
 208D 1B88              leas 8,S
 208F 0A                rtc
 2090                   .dbsym l EEpromPtr 6 pc
 2090                   .dbend
 2090                   .dbfunc e Save_Variables _Save_Variables fV
 2090           ;       Null_Ptr -> 12,SP
 2090           ;      Null_Char -> 14,SP
 2090           ;      EE_offset -> 15,SP
 2090           ;        tempstr -> 17,SP
 2090           ;         offset -> 147,SP
 2090           ;           cptr -> 149,SP
 2090           $_Save_Variables::
 2090 1BF169            leas -151,S
 2093                   .dbline -1
 2093                   .dbline 1173
 2093           ; }
 2093           ; 
 2093           ; 
 2093           ; void Save_Variables ( void )
 2093           ; {
 2093                   .dbline 1174
 2093           ;       int offset = 0, EE_offset = 0;
 2093 19F093            leay 147,S
 2096 1800400000        movw #0,0,y
 209B                   .dbline 1174
 209B 18008F0000        movw #0,15,S
 20A0                   .dbline 1177
 20A0           ;       char *cptr;
 20A0           ;     char tempstr[130];
 20A0           ;       char Null_Char = NULL;
 20A0 698E              clr 14,S
 20A2                   .dbline 1178
 20A2           ;       char *Null_Ptr = &Null_Char;
 20A2 198E              leay 14,S
 20A4 6D8C              sty 12,S
 20A6                   .dbline 1180
 20A6           ; 
 20A6           ;       for(cptr = (char *)&NullVar.str_value;  cptr <= (char *)&NullVar2.str_value;  cptr = cptr + sizeof(NullVar))
 20A6 CD0012            ldy #_NullVar+18
 20A9 6DF095            sty 149,S
 20AC 182000A3          lbra L587
 20B0           L584:
 20B0                   .dbline 1181
 20B0           ;       {
 20B0                   .dbline 1182
 20B0           ;           if ((offset + strlen(cptr) + 1) < 128)
 20B0 ECF095            ldd 149,S
 20B3 4A000000          xcall $_strlen
 20B7 B745              tfr D,X
 20B9 6E8A              stx 10,S
 20BB ECF093            ldd 147,S
 20BE E38A              addd 10,S
 20C0 B746              tfr D,Y
 20C2 02                iny
 20C3 8D0080            cpy #128
 20C6 241C              bhs L590
 20C8                   .dbline 1183
 20C8           ;                   sprintf(tempstr + offset, "%s,", cptr);   //puts a comma
 20C8 EDF095            ldy 149,S
 20CB 6D84              sty 4,S
 20CD CD01CC            ldy #L592
 20D0 6D82              sty 2,S
 20D2 ECF093            ldd 147,S
 20D5 19F011            leay 17,S
 20D8 6D86              sty 6,S
 20DA E386              addd 6,S
 20DC 6C80              std 0,S
 20DE 4A000000          xcall $_sprintf
 20E2 2011              bra L591
 20E4           L590:
 20E4                   .dbline 1185
 20E4           ;               else
 20E4           ;                   *(tempstr + offset - 1) = NULL;   //puts a null in place of the last comma
 20E4 ECF093            ldd 147,S
 20E7 19F010            leay 16,S
 20EA 6D86              sty 6,S
 20EC E386              addd 6,S
 20EE B746              tfr D,Y
 20F0 CC0000            ldd #0
 20F3 6B40              stab 0,Y
 20F5           L591:
 20F5                   .dbline 1187
 20F5           ;                       
 20F5           ;               offset = offset + strlen(cptr) + 1;
 20F5 ECF095            ldd 149,S
 20F8 4A000000          xcall $_strlen
 20FC B745              tfr D,X
 20FE 6E88              stx 8,S
 2100 ECF093            ldd 147,S
 2103 E388              addd 8,S
 2105 B746              tfr D,Y
 2107 02                iny
 2108 6DF093            sty 147,S
 210B                   .dbline 1189
 210B           ;               
 210B           ;               if (offset > 127)   //current variable will go over the buffer limit
 210B 8D007F            cpy #127
 210E 2F3A              ble L594
 2110                   .dbline 1190
 2110           ;               {
 2110                   .dbline 1191
 2110           ;                       EEWrite(128, tempstr, (int *)(EE_Begin + EE_offset));
 2110 EC8F              ldd 15,S
 2112 C30800            addd #2048
 2115 6C82              std 2,S
 2117 19F011            leay 17,S
 211A 6D80              sty 0,S
 211C CC0080            ldd #128
 211F 4A000000          xcall $_EEWrite
 2123                   .dbline 1192
 2123           ;                       EE_offset = EE_offset + 128;
 2123 EC8F              ldd 15,S
 2125 C30080            addd #128
 2128 6C8F              std 15,S
 212A                   .dbline 1193
 212A           ;                       sprintf(tempstr, "%s,", cptr);    //starts back over by putting the current variable at beginning of tempstr
 212A EDF095            ldy 149,S
 212D 6D84              sty 4,S
 212F CD01CC            ldy #L592
 2132 6D82              sty 2,S
 2134 19F011            leay 17,S
 2137 6D80              sty 0,S
 2139 4A000000          xcall $_sprintf
 213D                   .dbline 1194
 213D           ;                       offset = strlen(cptr) + 1;
 213D ECF095            ldd 149,S
 2140 4A000000          xcall $_strlen
 2144 B746              tfr D,Y
 2146 02                iny
 2147 6DF093            sty 147,S
 214A                   .dbline 1195
 214A           ;               }
 214A           L594:
 214A                   .dbline 1197
 214A           ;               
 214A           ;       }
 214A           L585:
 214A                   .dbline 1180
 214A ECF095            ldd 149,S
 214D C30022            addd #34
 2150 6CF095            std 149,S
 2153           L587:
 2153                   .dbline 1180
 2153 CD0012            ldy #_NullVar2+18
 2156 ADF095            cpy 149,S
 2159 1824FF53          lbhs L584
 215D                   .dbline 1199
 215D           ;       
 215D           ;       *(tempstr + offset - 1) = NULL;       //end the last string with a null
 215D ECF093            ldd 147,S
 2160 19F010            leay 16,S
 2163 6D86              sty 6,S
 2165 E386              addd 6,S
 2167 B746              tfr D,Y
 2169 CC0000            ldd #0
 216C 6B40              stab 0,Y
 216E                   .dbline 1200
 216E           ;       EEWrite (128, tempstr, (int *)(EE_Begin + EE_offset));
 216E EC8F              ldd 15,S
 2170 C30800            addd #2048
 2173 6C82              std 2,S
 2175 19F011            leay 17,S
 2178 6D80              sty 0,S
 217A CC0080            ldd #128
 217D 4A000000          xcall $_EEWrite
 2181                   .dbline 1201
 2181           ;       EEWrite (1, Null_Ptr, (int *)(EE_Begin + EE_offset + 128));    //Put a Null in the first location of the next 128 byte block
 2181 EC8F              ldd 15,S
 2183 C30880            addd #2176
 2186 6C82              std 2,S
 2188 ED8C              ldy 12,S
 218A 6D80              sty 0,S
 218C CC0001            ldd #1
 218F 4A000000          xcall $_EEWrite
 2193                   .dbline 1202
 2193           ;     strncpy(&EE_CamTag[0], &CamTag.str_value[0], STR_VALUE_LEN - 1); 
 2193 CD000B            ldy #11
 2196 6D82              sty 2,S
 2198 CD0012            ldy #_CamTag+18
 219B 6D80              sty 0,S
 219D CC0009            ldd #_EE_CamTag
 21A0 4A000000          xcall $_strncpy
 21A4                   .dbline -2
 21A4           L583:
 21A4                   .dbline 0 ; func end
 21A4 1BF097            leas 151,S
 21A7 0A                rtc
 21A8                   .dbsym l Null_Ptr 12 pc
 21A8                   .dbsym l Null_Char 14 c
 21A8                   .dbsym l EE_offset 15 I
 21A8                   .dbsym l tempstr 17 A[130:130]c
 21A8                   .dbsym l offset 147 I
 21A8                   .dbsym l cptr 149 pc
 21A8                   .dbend
                        .area text
 01A2                   .dbfile C:\Dev\REV1~1.01\MenuFunctions.c
 01A2                   .dbfunc e RestoreDefaults _RestoreDefaults fI
 01A2           _RestoreDefaults::
 01A2                   .dbline -1
 01A2                   .dbline 1207
 01A2           ; }                                                                                        
 01A2           ; 
 01A2           ; 
 01A2           ; int RestoreDefaults ( void )
 01A2           ; {
 01A2                   .dbline 1208
 01A2           ;     ClearTitler();
 01A2 4A1A6E6E          xcall $_ClearTitler
 01A6                   .dbline 1209
 01A6           ;       NullVar.str_value[0] = 0xFF;
 01A6 180BFF0012        movb #255,_NullVar+18
 01AB                   .dbline 1210
 01AB           ;     Save_Variables();
 01AB 4A209090          xcall $_Save_Variables
 01AF                   .dbline 1211
 01AF           ;     ResetProc ();
 01AF 4A000000          xcall $_ResetProc
 01B3                   .dbline 1212
 01B3           ;       return 0;
 01B3 CC0000            ldd #0
 01B6                   .dbline -2
 01B6           L598:
 01B6                   .dbline 0 ; func end
 01B6 3D                rts
 01B7                   .dbend
                        .area extcode(paged)
 21A8                   .dbfile C:\Dev\REV1~1.01\MenuFunctions.c
 21A8                   .dbfunc e UpdateVarByValue _UpdateVarByValue fV
 21A8           ;            val -> 5,SP
 21A8           ;            var -> 0,SP
 21A8           $_UpdateVarByValue::
 21A8 3B                pshd
 21A9                   .dbline -1
 21A9                   .dbline 1216
 21A9           ; }
 21A9           ; 
 21A9           ; void UpdateVarByValue (struct menu_var *var, float val)
 21A9           ; {
 21A9                   .dbline 1217
 21A9           ;     var->value = val;
 21A9 ED80              ldy 0,S
 21AB EC87              ldd 7,S
 21AD 3B                pshd
 21AE EC87              ldd 7,S
 21B0 3B                pshd
 21B1 30                pulx
 21B2 6E40              stx 0,Y
 21B4 30                pulx
 21B5 6E42              stx 2,Y
 21B7                   .dbline 1218
 21B7           ;       getstrval(var);
 21B7 EC80              ldd 0,S
 21B9 4A058F8F          xcall $_getstrval
 21BD                   .dbline -2
 21BD           L600:
 21BD                   .dbline 0 ; func end
 21BD 1B82              leas 2,S
 21BF 0A                rtc
 21C0                   .dbsym l val 5 D
 21C0                   .dbsym l var 0 pS[menu_var]
 21C0                   .dbend
 21C0                   .dbfunc e UpdateVarByString _UpdateVarByString fV
 21C0           ;        str_val -> 7,SP
 21C0           ;            var -> 2,SP
 21C0           $_UpdateVarByString::
 21C0 3B                pshd
 21C1 1B9E              leas -2,S
 21C3                   .dbline -1
 21C3                   .dbline 1222
 21C3           ; }
 21C3           ; 
 21C3           ; void UpdateVarByString (struct menu_var *var, char str_val[20])
 21C3           ; {
 21C3                   .dbline 1223
 21C3           ;     strcpy(var->str_value, str_val);
 21C3 ED87              ldy 7,S
 21C5 6D80              sty 0,S
 21C7 EC82              ldd 2,S
 21C9 C30012            addd #18
 21CC 160000            jsr _strcpy
 21CF                   .dbline 1224
 21CF           ;     getvalue(var, 0);
 21CF CD0000            ldy #0
 21D2 6D80              sty 0,S
 21D4 EC82              ldd 2,S
 21D6 4A03C3C3          xcall $_getvalue
 21DA 1B84              leas 4,S
 21DC                   .dbline -2
 21DC           L601:
 21DC                   .dbline 0 ; func end
 21DC 1B84              leas 4,S
 21DE 0A                rtc
 21DF                   .dbsym l str_val 7 pc
 21DF                   .dbsym l var 2 pS[menu_var]
 21DF                   .dbend
 21DF                   .dbfunc e Send_Menu_Status _Send_Menu_Status fV
 21DF           ;           stat -> 1,SP
 21DF           $_Send_Menu_Status::
 21DF 3B                pshd
 21E0                   .dbline -1
 21E0                   .dbline 1228
 21E0           ; }
 21E0           ; 
 21E0           ; void Send_Menu_Status (char stat)
 21E0           ; {
 21E0                   .dbline 1229
 21E0           ;     gTxMsg.ID = 0x200;
 21E0 180302000000      movw #512,_gTxMsg
 21E6                   .dbline 1230
 21E6           ;     gTxMsg.LEN = 1;
 21E6 180B010002        movb #1,_gTxMsg+2
 21EB                   .dbline 1231
 21EB           ;     gTxMsg.BUF[0] = stat;
 21EB 180D810004        movb 1,S,_gTxMsg+4
 21F0                   .dbline 1233
 21F0           ; 
 21F0           ;     if (!MCOHW_PushMessage(&gTxMsg))
 21F0 CC0000            ldd #_gTxMsg
 21F3 4A000000          xcall $_MCOHW_PushMessage
 21F7 87                clra
 21F8 C100              cmpb #0
 21FA 2607              bne L605
 21FC                   .dbline 1234
 21FC           ;     {
 21FC                   .dbline 1236
 21FC           ;         // failed to transmit
 21FC           ;         MCOUSER_FatalError(0x8801);
 21FC CC8801            ldd #34817
 21FF 4A000000          xcall $_MCOUSER_FatalError
 2203                   .dbline 1237
 2203           ;     }
 2203           L605:
 2203                   .dbline -2
 2203           L602:
 2203                   .dbline 0 ; func end
 2203 1B82              leas 2,S
 2205 0A                rtc
 2206                   .dbsym l stat 1 c
 2206                   .dbend
 2206                   .dbfunc e Update_Cam_List _Update_Cam_List fV
 2206           $_Update_Cam_List::
 2206                   .dbline -1
 2206                   .dbline 1241
 2206           ; }
 2206           ; 
 2206           ; void Update_Cam_List(void)
 2206           ; {
 2206                   .dbline 1242
 2206           ;     gTxMsg.ID = 0x2A1;
 2206 180302A10000      movw #673,_gTxMsg
 220C                   .dbline 1243
 220C           ;     gTxMsg.LEN = 3;
 220C 180B030002        movb #3,_gTxMsg+2
 2211                   .dbline 1244
 2211           ;     gTxMsg.BUF[0] = 0;
 2211 790004            clr _gTxMsg+4
 2214                   .dbline 1245
 2214           ;     gTxMsg.BUF[1] = 0;
 2214 790005            clr _gTxMsg+4+1
 2217                   .dbline 1246
 2217           ;     gTxMsg.BUF[2] = 0xFF;
 2217 180BFF0006        movb #255,_gTxMsg+4+2
 221C                   .dbline 1247
 221C           ;     if (!MCOHW_PushMessage(&gTxMsg))
 221C CC0000            ldd #_gTxMsg
 221F 4A000000          xcall $_MCOHW_PushMessage
 2223 87                clra
 2224 C100              cmpb #0
 2226 2607              bne L614
 2228                   .dbline 1248
 2228           ;     {
 2228                   .dbline 1250
 2228           ;         // failed to transmit
 2228           ;         MCOUSER_FatalError(0x8801);
 2228 CC8801            ldd #34817
 222B 4A000000          xcall $_MCOUSER_FatalError
 222F                   .dbline 1251
 222F           ;     }
 222F           L614:
 222F                   .dbline -2
 222F           L607:
 222F                   .dbline 0 ; func end
 222F 0A                rtc
 2230                   .dbend
 2230                   .dbfunc e DisplayMultiline _DisplayMultiline fV
 2230           ;         length -> 4,SP
 2230           ;        tempstr -> 6,SP
 2230           ;              i -> 27,SP
 2230           ;        endflag -> 37,SP
 2230           ;         string -> 34,SP
 2230           ;           line -> 29,SP
 2230           $_DisplayMultiline::
 2230 3B                pshd
 2231 1BF1E3            leas -29,S
 2234                   .dbline -1
 2234                   .dbline 1263
 2234           ; }
 2234           ; 
 2234           ; //this function assumes you will always start with line 0 (top line) 
 2234           ; //accepts max 21 characters
 2234           ; //set end flag once done with multiline
 2234           ; //usage example:
 2234           ; //DisplayMultiline(0, "First line", 0);
 2234           ; //DisplayMultiline(1, "second line", 0);
 2234           ; //DisplayMultiline(2, "third line", 0);
 2234           ; //DisplayMultiline(5, "last line", 1);
 2234           ; void DisplayMultiline (int line, char string[21], bool endflag) 
 2234           ; {
 2234                   .dbline 1268
 2234           ;        unsigned int length;
 2234           ;        char tempstr[21];
 2234           ;        int i;
 2234           ;        
 2234           ;        strcpy(tempstr, string);
 2234 EDF022            ldy 34,S
 2237 6D80              sty 0,S
 2239 1986              leay 6,S
 223B B764              tfr Y,D
 223D 160000            jsr _strcpy
 2240                   .dbline 1270
 2240           ;        
 2240           ;        if (line == 0)
 2240 EDF01D            ldy 29,S
 2243 8D0000            cpy #0
 2246 2604              bne L617
 2248                   .dbline 1271
 2248           ;               clearMenu();
 2248 4A22A7A7          xcall $_clearMenu
 224C           L617:
 224C                   .dbline 1273
 224C           ;               
 224C           ;        length = strlen(string);       
 224C ECF022            ldd 34,S
 224F 4A000000          xcall $_strlen
 2253 6C84              std 4,S
 2255                   .dbline 1275
 2255           ; 
 2255           ;        if (length < 20){
 2255 8C0014            cpd #20
 2258 2425              bhs L619
 225A                   .dbline 1275
 225A                   .dbline 1276
 225A           ;           for(i = length; i < 20; i++){
 225A 1AF01B            leax 27,S
 225D 18028400          movw 4,S,0,x
 2261 2014              bra L624
 2263           L621:
 2263                   .dbline 1276
 2263                   .dbline 1277
 2263           ;                       strcat(tempstr, " ");
 2263 CD01E1            ldy #L101
 2266 6D80              sty 0,S
 2268 1986              leay 6,S
 226A B764              tfr Y,D
 226C 4A000000          xcall $_strcat
 2270                   .dbline 1278
 2270           ;               }  
 2270           L622:
 2270                   .dbline 1276
 2270 EDF01B            ldy 27,S
 2273 02                iny
 2274 6DF01B            sty 27,S
 2277           L624:
 2277                   .dbline 1276
 2277 EDF01B            ldy 27,S
 227A 8D0014            cpy #20
 227D 2DE4              blt L621
 227F                   .dbline 1279
 227F           ;        }
 227F           L619:
 227F                   .dbline 1281
 227F           ;        
 227F           ;        strcpy(&Menu[line][0], tempstr);
 227F CC0015            ldd #21
 2282 1986              leay 6,S
 2284 6D80              sty 0,S
 2286 EDF01D            ldy 29,S
 2289 13                emul
 228A B746              tfr D,Y
 228C CE0000            ldx #_Menu
 228F B764              tfr Y,D
 2291 6E82              stx 2,S
 2293 E382              addd 2,S
 2295 160000            jsr _strcpy
 2298                   .dbline 1283
 2298           ;        
 2298           ;        if (endflag)
 2298 E6F025            ldab 37,S
 229B C100              cmpb #0
 229D 2704              beq L625
 229F                   .dbline 1284
 229F           ;               DisplayTitler();
 229F 4A17BFBF          xcall $_DisplayTitler
 22A3           L625:
 22A3                   .dbline -2
 22A3           L616:
 22A3                   .dbline 0 ; func end
 22A3 1BF01F            leas 31,S
 22A6 0A                rtc
 22A7                   .dbsym l length 4 i
 22A7                   .dbsym l tempstr 6 A[21:21]c
 22A7                   .dbsym l i 27 I
 22A7                   .dbsym l endflag 37 c
 22A7                   .dbsym l string 34 pc
 22A7                   .dbsym l line 29 I
 22A7                   .dbend
 22A7                   .dbfunc e clearMenu _clearMenu fV
 22A7           ;              i -> 6,SP
 22A7           $_clearMenu::
 22A7 1B98              leas -8,S
 22A9                   .dbline -1
 22A9                   .dbline 1288
 22A9           ; }
 22A9           ; 
 22A9           ; void clearMenu (void)
 22A9           ; {
 22A9                   .dbline 1290
 22A9           ;        int i;
 22A9           ;        for (i=0; i<12; i++)
 22A9 1800860000        movw #0,6,S
 22AE           L628:
 22AE                   .dbline 1291
 22AE           ;        {
 22AE                   .dbline 1292
 22AE           ;                sprintf (&Menu[i][0],"                    ");  //20 spaces
 22AE CC0015            ldd #21
 22B1 CD01B7            ldy #L632
 22B4 6D82              sty 2,S
 22B6 ED86              ldy 6,S
 22B8 13                emul
 22B9 B746              tfr D,Y
 22BB CE0000            ldx #_Menu
 22BE B764              tfr Y,D
 22C0 6E84              stx 4,S
 22C2 E384              addd 4,S
 22C4 6C80              std 0,S
 22C6 4A000000          xcall $_sprintf
 22CA                   .dbline 1293
 22CA           ;        }
 22CA           L629:
 22CA                   .dbline 1290
 22CA ED86              ldy 6,S
 22CC 02                iny
 22CD 6D86              sty 6,S
 22CF                   .dbline 1290
 22CF 8D000C            cpy #12
 22D2 2DDA              blt L628
 22D4                   .dbline -2
 22D4           L627:
 22D4                   .dbline 0 ; func end
 22D4 1B88              leas 8,S
 22D6 0A                rtc
 22D7                   .dbsym l i 6 I
 22D7                   .dbend
                        .area bss
 0004                   .dbfile C:\Dev\REV1~1.01\MenuFunctions.c
 0004           _InProcess::
 0004                   .blkb 1
 0005                   .dbsym e InProcess _InProcess c
 0005           _AcceptKeys::
 0005                   .blkb 1
 0006                   .dbsym e AcceptKeys _AcceptKeys c
 0006           _SelectFlag::
 0006                   .blkb 1
 0007                   .dbsym e SelectFlag _SelectFlag c
 0007           _CursorUpFlag::
 0007                   .blkb 1
 0008                   .dbsym e CursorUpFlag _CursorUpFlag c
 0008           _CursorDownFlag::
 0008                   .blkb 1
 0009                   .dbsym e CursorDownFlag _CursorDownFlag c
 0009           _EE_CamTag::
 0009                   .blkb 12
 0015                   .dbsym e EE_CamTag _EE_CamTag A[12:12]c
                        .area text
 01B7                   .dbfile C:\Dev\REV1~1.01\MenuFunctions.c
 01B7           L632:
 01B7 20202020202020202020202020202020  .byte 32,32,32,32,32,32,32,32,32,32,32,32,32,32,32,32
 01C7 2020202000        .byte 32,32,32,32,0
 01CC           L592:
 01CC 25732C00          .byte 37,'s,44,0
 01D0           L113:
 01D0 252A73252E2A6600  .byte 37,42,'s,37,46,42,'f,0
 01D8           L112:
 01D8 252A7325232E2A6600        .byte 37,42,'s,37,35,46,42,'f,0
 01E1           L101:
 01E1 2000              .byte 32,0
 01E3           L100:
 01E3 252A73257300      .byte 37,42,'s,37,'s,0
 01E9           L78:
 01E9 2C00              .byte 44,0
