                        .module Subroutines.c
                        .area text
 0000                   .dbfile ..\REV1~1.01\Subroutines.c
                        .area data
 0000                   .dbfile ..\REV1~1.01\Subroutines.c
 0000           _State::
 0000                   .blkb 1
                        .area idata
 0000 63                .byte 99
                        .area data
 0001                   .dbfile ..\REV1~1.01\Subroutines.c
 0001                   .dbfile C:\Dev\REV1~1.01\Subroutines.c
 0001                   .dbsym e State _State c
 0001           _ran_num::
 0001                   .blkb 2
                        .area idata
 0001 0000              .word 0
                        .area data
 0003                   .dbfile C:\Dev\REV1~1.01\Subroutines.c
 0003                   .dbsym e ran_num _ran_num i
 0003           _DiagMenuActive::
 0003                   .blkb 1
                        .area idata
 0003 00                .byte 0
                        .area data
 0004                   .dbfile C:\Dev\REV1~1.01\Subroutines.c
 0004                   .dbsym e DiagMenuActive _DiagMenuActive c
 0004           _micChanged::
 0004                   .blkb 1
                        .area idata
 0004 00                .byte 0
                        .area data
 0005                   .dbfile C:\Dev\REV1~1.01\Subroutines.c
 0005                   .dbsym e micChanged _micChanged c
                        .area text
 0000                   .dbfile C:\Dev\REV1~1.01\Subroutines.c
 0000           _enum_NULL_str::
 0000 00                .byte 0
 0001                   .dbsym e enum_NULL_str _enum_NULL_str A[1:1]c
 0001           _enum_off_on_str::
 0001 4F46462C204F4E00  .byte 'O,'F,'F,44,32,'O,'N,0
 0009                   .dbsym e enum_off_on_str _enum_off_on_str A[8:8]c
 0009           _enum_polarity_str::
 0009 504F532C4E454700  .byte 'P,'O,'S,44,'N,'E,'G,0
 0011                   .dbsym e enum_polarity_str _enum_polarity_str A[8:8]c
 0011           _enum_angle_dir_str::
 0011 2043572C43435700  .byte 32,'C,'W,44,'C,'C,'W,0
 0019                   .dbsym e enum_angle_dir_str _enum_angle_dir_str A[8:8]c
 0019           _enum_size_str::
 0019 20382C31322C323400        .byte 32,56,44,49,50,44,50,52,0
 0022                   .dbsym e enum_size_str _enum_size_str A[9:9]c
 0022           _enum_encoder_str::
 0022 32352C33322C35302C36342C3130302C  .byte 50,53,44,51,50,44,53,48,44,54,52,44,49,48,48,44
 0032 3132382C3235362C35313200  .byte 49,50,56,44,50,53,54,44,53,49,50,0
 003E                   .dbsym e enum_encoder_str _enum_encoder_str A[28:28]c
 003E           _enum_alpha_str::
 003E 202C412C422C432C442C452C462C472C  .byte 32,44,'A,44,'B,44,'C,44,'D,44,'E,44,'F,44,'G,44
 004E 482C492C4A2C4B2C4C2C4D2C4E2C4F2C  .byte 'H,44,'I,44,'J,44,'K,44,'L,44,'M,44,'N,44,'O,44
 005E 502C512C522C532C542C552C562C572C  .byte 'P,44,'Q,44,'R,44,'S,44,'T,44,'U,44,'V,44,'W,44
 006E 582C592C5A2C302C312C322C332C342C  .byte 'X,44,'Y,44,'Z,44,48,44,49,44,50,44,51,44,52,44
 007E 352C362C372C382C392C2E2C3C2C3E2C  .byte 53,44,54,44,55,44,56,44,57,44,46,44,60,44,62,44
 008E 3B2C3A2C402C282C292C2D2C2D00      .byte 59,44,58,44,64,44,40,44,41,44,45,44,45,0
 009C                   .dbsym e enum_alpha_str _enum_alpha_str A[94:94]c
 009C           _enum_number_str::
 009C 302C312C322C332C342C352C362C372C  .byte 48,44,49,44,50,44,51,44,52,44,53,44,54,44,55,44
 00AC 382C392C2D00      .byte 56,44,57,44,45,0
 00B2                   .dbsym e enum_number_str _enum_number_str A[22:22]c
                        .area data
 0005                   .dbfile C:\Dev\REV1~1.01\Subroutines.c
 0005           _SerialNum::
 0005                   .blkb 4
                        .area idata
 0005 3F800000          .word 0x3f80,0x0
                        .area data
 0009                   .dbfile C:\Dev\REV1~1.01\Subroutines.c
 0009                   .blkb 4
                        .area idata
 0009 3F800000          .word 0x3f80,0x0
                        .area data
 000D                   .dbfile C:\Dev\REV1~1.01\Subroutines.c
 000D                   .blkb 4
                        .area idata
 000D 3F800000          .word 0x3f80,0x0
                        .area data
 0011                   .dbfile C:\Dev\REV1~1.01\Subroutines.c
 0011                   .blkb 4
                        .area idata
 0011 41200000          .word 0x4120,0x0
                        .area data
 0015                   .dbfile C:\Dev\REV1~1.01\Subroutines.c
 0015                   .blkb 1
                        .area idata
 0015 00                .byte 0
                        .area data
 0016                   .dbfile C:\Dev\REV1~1.01\Subroutines.c
 0016                   .blkb 1
                        .area idata
 0016 F9                .byte 249
                        .area data
 0017                   .dbfile C:\Dev\REV1~1.01\Subroutines.c
 0017                   .blkb 8
                        .area idata
 0017 2D2D2D2D2D2D2D00  .byte 45,45,45,45,45,45,45,0
                        .area data
 001F                   .dbfile C:\Dev\REV1~1.01\Subroutines.c
 001F                   .blkb 4
                        .area idata
 001F 00000000          .byte 0,0,0,0
                        .area data
 0023                   .dbfile C:\Dev\REV1~1.01\Subroutines.c
 0023                   .blkw 1
                        .area idata
 0023 009C              .word _enum_number_str
                        .area data
 0025                   .dbfile C:\Dev\REV1~1.01\Subroutines.c
 0025                   .blkb 2
                        .area idata
 0025 0000              .byte 0,0
                        .area data
 0027                   .dbfile C:\Dev\REV1~1.01\Subroutines.c
 0027                   .dbstruct 0 34 menu_var
 0027                   .dbfield 0 value D
 0027                   .dbfield 4 inc D
 0027                   .dbfield 8 min D
 0027                   .dbfield 12 max D
 0027                   .dbfield 16 dec_pos c
 0027                   .dbfield 17 len_str C
 0027                   .dbfield 18 str_value A[12:12]c
 0027                   .dbfield 30 str_enum pc
 0027                   .dbfield 32 next_var pS[menu_var]
 0027                   .dbend
 0027                   .dbsym e SerialNum _SerialNum S[menu_var]
 0027           _Rev::
 0027                   .blkb 4
                        .area idata
 0027 3F800000          .word 0x3f80,0x0
                        .area data
 002B                   .dbfile C:\Dev\REV1~1.01\Subroutines.c
 002B                   .blkb 4
                        .area idata
 002B 3F800000          .word 0x3f80,0x0
                        .area data
 002F                   .dbfile C:\Dev\REV1~1.01\Subroutines.c
 002F                   .blkb 4
                        .area idata
 002F 3F800000          .word 0x3f80,0x0
                        .area data
 0033                   .dbfile C:\Dev\REV1~1.01\Subroutines.c
 0033                   .blkb 4
                        .area idata
 0033 42380000          .word 0x4238,0x0
                        .area data
 0037                   .dbfile C:\Dev\REV1~1.01\Subroutines.c
 0037                   .blkb 1
                        .area idata
 0037 00                .byte 0
                        .area data
 0038                   .dbfile C:\Dev\REV1~1.01\Subroutines.c
 0038                   .blkb 1
                        .area idata
 0038 FC                .byte 252
                        .area data
 0039                   .dbfile C:\Dev\REV1~1.01\Subroutines.c
 0039                   .blkb 5
                        .area idata
 0039 312E303200        .byte 49,46,48,50,0
                        .area data
 003E                   .dbfile C:\Dev\REV1~1.01\Subroutines.c
 003E                   .blkb 7
                        .area idata
 003E 00000000000000    .byte 0,0,0,0,0,0,0
                        .area data
 0045                   .dbfile C:\Dev\REV1~1.01\Subroutines.c
 0045                   .blkw 1
                        .area idata
 0045 003E              .word _enum_alpha_str
                        .area data
 0047                   .dbfile C:\Dev\REV1~1.01\Subroutines.c
 0047                   .blkb 2
                        .area idata
 0047 0000              .byte 0,0
                        .area data
 0049                   .dbfile C:\Dev\REV1~1.01\Subroutines.c
 0049                   .dbsym e Rev _Rev S[menu_var]
 0049           _NullVar::
 0049                   .blkb 4
                        .area idata
 0049 00000000          .word 0x0,0x0
                        .area data
 004D                   .dbfile C:\Dev\REV1~1.01\Subroutines.c
 004D                   .blkb 4
                        .area idata
 004D 00000000          .word 0x0,0x0
                        .area data
 0051                   .dbfile C:\Dev\REV1~1.01\Subroutines.c
 0051                   .blkb 4
                        .area idata
 0051 00000000          .word 0x0,0x0
                        .area data
 0055                   .dbfile C:\Dev\REV1~1.01\Subroutines.c
 0055                   .blkb 4
                        .area idata
 0055 00000000          .word 0x0,0x0
                        .area data
 0059                   .dbfile C:\Dev\REV1~1.01\Subroutines.c
 0059                   .blkb 1
                        .area idata
 0059 00                .byte 0
                        .area data
 005A                   .dbfile C:\Dev\REV1~1.01\Subroutines.c
 005A                   .blkb 1
                        .area idata
 005A 00                .byte 0
                        .area data
 005B                   .dbfile C:\Dev\REV1~1.01\Subroutines.c
 005B                   .blkb 2
                        .area idata
 005B 2000              .byte 32,0
                        .area data
 005D                   .dbfile C:\Dev\REV1~1.01\Subroutines.c
 005D                   .blkb 10
                        .area idata
 005D 00000000000000000000      .byte 0,0,0,0,0,0,0,0,0,0
                        .area data
 0067                   .dbfile C:\Dev\REV1~1.01\Subroutines.c
 0067                   .blkw 1
                        .area idata
 0067 0000              .word _enum_NULL_str
                        .area data
 0069                   .dbfile C:\Dev\REV1~1.01\Subroutines.c
 0069                   .blkb 2
                        .area idata
 0069 0000              .byte 0,0
                        .area data
 006B                   .dbfile C:\Dev\REV1~1.01\Subroutines.c
 006B                   .dbsym e NullVar _NullVar S[menu_var]
 006B           _CamTag::
 006B                   .blkb 4
                        .area idata
 006B 3F800000          .word 0x3f80,0x0
                        .area data
 006F                   .dbfile C:\Dev\REV1~1.01\Subroutines.c
 006F                   .blkb 4
                        .area idata
 006F 3F800000          .word 0x3f80,0x0
                        .area data
 0073                   .dbfile C:\Dev\REV1~1.01\Subroutines.c
 0073                   .blkb 4
                        .area idata
 0073 3F800000          .word 0x3f80,0x0
                        .area data
 0077                   .dbfile C:\Dev\REV1~1.01\Subroutines.c
 0077                   .blkb 4
                        .area idata
 0077 42380000          .word 0x4238,0x0
                        .area data
 007B                   .dbfile C:\Dev\REV1~1.01\Subroutines.c
 007B                   .blkb 1
                        .area idata
 007B 00                .byte 0
                        .area data
 007C                   .dbfile C:\Dev\REV1~1.01\Subroutines.c
 007C                   .blkb 1
                        .area idata
 007C F5                .byte 245
                        .area data
 007D                   .dbfile C:\Dev\REV1~1.01\Subroutines.c
 007D                   .blkb 12
                        .area idata
 007D 484420494E53502043414D00  .byte 'H,'D,32,'I,'N,'S,'P,32,'C,'A,'M,0
                        .area data
 0089                   .dbfile C:\Dev\REV1~1.01\Subroutines.c
 0089                   .blkw 1
                        .area idata
 0089 003E              .word _enum_alpha_str
                        .area data
 008B                   .dbfile C:\Dev\REV1~1.01\Subroutines.c
 008B                   .blkb 2
                        .area idata
 008B 0000              .byte 0,0
                        .area data
 008D                   .dbfile C:\Dev\REV1~1.01\Subroutines.c
 008D                   .dbsym e CamTag _CamTag S[menu_var]
 008D           _disp_add::
 008D                   .blkb 4
                        .area idata
 008D 3F800000          .word 0x3f80,0x0
                        .area data
 0091                   .dbfile C:\Dev\REV1~1.01\Subroutines.c
 0091                   .blkb 4
                        .area idata
 0091 3F800000          .word 0x3f80,0x0
                        .area data
 0095                   .dbfile C:\Dev\REV1~1.01\Subroutines.c
 0095                   .blkb 4
                        .area idata
 0095 3F800000          .word 0x3f80,0x0
                        .area data
 0099                   .dbfile C:\Dev\REV1~1.01\Subroutines.c
 0099                   .blkb 4
                        .area idata
 0099 42380000          .word 0x4238,0x0
                        .area data
 009D                   .dbfile C:\Dev\REV1~1.01\Subroutines.c
 009D                   .blkb 1
                        .area idata
 009D 00                .byte 0
                        .area data
 009E                   .dbfile C:\Dev\REV1~1.01\Subroutines.c
 009E                   .blkb 1
                        .area idata
 009E FC                .byte 252
                        .area data
 009F                   .dbfile C:\Dev\REV1~1.01\Subroutines.c
 009F                   .blkb 5
                        .area idata
 009F 3132333400        .byte 49,50,51,52,0
                        .area data
 00A4                   .dbfile C:\Dev\REV1~1.01\Subroutines.c
 00A4                   .blkb 7
                        .area idata
 00A4 00000000000000    .byte 0,0,0,0,0,0,0
                        .area data
 00AB                   .dbfile C:\Dev\REV1~1.01\Subroutines.c
 00AB                   .blkw 1
                        .area idata
 00AB 003E              .word _enum_alpha_str
                        .area data
 00AD                   .dbfile C:\Dev\REV1~1.01\Subroutines.c
 00AD                   .blkb 2
                        .area idata
 00AD 0000              .byte 0,0
                        .area data
 00AF                   .dbfile C:\Dev\REV1~1.01\Subroutines.c
 00AF                   .dbsym e disp_add _disp_add S[menu_var]
 00AF           _MicOnOff::
 00AF                   .blkb 4
                        .area idata
 00AF 40000000          .word 0x4000,0x0
                        .area data
 00B3                   .dbfile C:\Dev\REV1~1.01\Subroutines.c
 00B3                   .blkb 4
                        .area idata
 00B3 3F800000          .word 0x3f80,0x0
                        .area data
 00B7                   .dbfile C:\Dev\REV1~1.01\Subroutines.c
 00B7                   .blkb 4
                        .area idata
 00B7 3F800000          .word 0x3f80,0x0
                        .area data
 00BB                   .dbfile C:\Dev\REV1~1.01\Subroutines.c
 00BB                   .blkb 4
                        .area idata
 00BB 40000000          .word 0x4000,0x0
                        .area data
 00BF                   .dbfile C:\Dev\REV1~1.01\Subroutines.c
 00BF                   .blkb 1
                        .area idata
 00BF 00                .byte 0
                        .area data
 00C0                   .dbfile C:\Dev\REV1~1.01\Subroutines.c
 00C0                   .blkb 1
                        .area idata
 00C0 04                .byte 4
                        .area data
 00C1                   .dbfile C:\Dev\REV1~1.01\Subroutines.c
 00C1                   .blkb 5
                        .area idata
 00C1 20204F4E00        .byte 32,32,'O,'N,0
                        .area data
 00C6                   .dbfile C:\Dev\REV1~1.01\Subroutines.c
 00C6                   .blkb 7
                        .area idata
 00C6 00000000000000    .byte 0,0,0,0,0,0,0
                        .area data
 00CD                   .dbfile C:\Dev\REV1~1.01\Subroutines.c
 00CD                   .blkw 1
                        .area idata
 00CD 0001              .word _enum_off_on_str
                        .area data
 00CF                   .dbfile C:\Dev\REV1~1.01\Subroutines.c
 00CF                   .blkb 2
                        .area idata
 00CF 0000              .byte 0,0
                        .area data
 00D1                   .dbfile C:\Dev\REV1~1.01\Subroutines.c
 00D1                   .dbsym e MicOnOff _MicOnOff S[menu_var]
 00D1           _LEDLevel::
 00D1                   .blkb 4
                        .area idata
 00D1 41100000          .word 0x4110,0x0
                        .area data
 00D5                   .dbfile C:\Dev\REV1~1.01\Subroutines.c
 00D5                   .blkb 4
                        .area idata
 00D5 3F800000          .word 0x3f80,0x0
                        .area data
 00D9                   .dbfile C:\Dev\REV1~1.01\Subroutines.c
 00D9                   .blkb 4
                        .area idata
 00D9 3F800000          .word 0x3f80,0x0
                        .area data
 00DD                   .dbfile C:\Dev\REV1~1.01\Subroutines.c
 00DD                   .blkb 4
                        .area idata
 00DD 41100000          .word 0x4110,0x0
                        .area data
 00E1                   .dbfile C:\Dev\REV1~1.01\Subroutines.c
 00E1                   .blkb 1
                        .area idata
 00E1 00                .byte 0
                        .area data
 00E2                   .dbfile C:\Dev\REV1~1.01\Subroutines.c
 00E2                   .blkb 1
                        .area idata
 00E2 04                .byte 4
                        .area data
 00E3                   .dbfile C:\Dev\REV1~1.01\Subroutines.c
 00E3                   .blkb 5
                        .area idata
 00E3 2020203800        .byte 32,32,32,56,0
                        .area data
 00E8                   .dbfile C:\Dev\REV1~1.01\Subroutines.c
 00E8                   .blkb 7
                        .area idata
 00E8 00000000000000    .byte 0,0,0,0,0,0,0
                        .area data
 00EF                   .dbfile C:\Dev\REV1~1.01\Subroutines.c
 00EF                   .blkw 1
                        .area idata
 00EF 009C              .word _enum_number_str
                        .area data
 00F1                   .dbfile C:\Dev\REV1~1.01\Subroutines.c
 00F1                   .blkb 2
                        .area idata
 00F1 0000              .byte 0,0
                        .area data
 00F3                   .dbfile C:\Dev\REV1~1.01\Subroutines.c
 00F3                   .dbsym e LEDLevel _LEDLevel S[menu_var]
 00F3           _LightAlwaysOnOnOff::
 00F3                   .blkb 4
                        .area idata
 00F3 40000000          .word 0x4000,0x0
                        .area data
 00F7                   .dbfile C:\Dev\REV1~1.01\Subroutines.c
 00F7                   .blkb 4
                        .area idata
 00F7 3F800000          .word 0x3f80,0x0
                        .area data
 00FB                   .dbfile C:\Dev\REV1~1.01\Subroutines.c
 00FB                   .blkb 4
                        .area idata
 00FB 3F800000          .word 0x3f80,0x0
                        .area data
 00FF                   .dbfile C:\Dev\REV1~1.01\Subroutines.c
 00FF                   .blkb 4
                        .area idata
 00FF 40000000          .word 0x4000,0x0
                        .area data
 0103                   .dbfile C:\Dev\REV1~1.01\Subroutines.c
 0103                   .blkb 1
                        .area idata
 0103 00                .byte 0
                        .area data
 0104                   .dbfile C:\Dev\REV1~1.01\Subroutines.c
 0104                   .blkb 1
                        .area idata
 0104 04                .byte 4
                        .area data
 0105                   .dbfile C:\Dev\REV1~1.01\Subroutines.c
 0105                   .blkb 5
                        .area idata
 0105 20204F4E00        .byte 32,32,'O,'N,0
                        .area data
 010A                   .dbfile C:\Dev\REV1~1.01\Subroutines.c
 010A                   .blkb 7
                        .area idata
 010A 00000000000000    .byte 0,0,0,0,0,0,0
                        .area data
 0111                   .dbfile C:\Dev\REV1~1.01\Subroutines.c
 0111                   .blkw 1
                        .area idata
 0111 0001              .word _enum_off_on_str
                        .area data
 0113                   .dbfile C:\Dev\REV1~1.01\Subroutines.c
 0113                   .blkb 2
                        .area idata
 0113 0000              .byte 0,0
                        .area data
 0115                   .dbfile C:\Dev\REV1~1.01\Subroutines.c
 0115                   .dbsym e LightAlwaysOnOnOff _LightAlwaysOnOnOff S[menu_var]
 0115           _VideoRelayDiag::
 0115                   .blkb 4
                        .area idata
 0115 40000000          .word 0x4000,0x0
                        .area data
 0119                   .dbfile C:\Dev\REV1~1.01\Subroutines.c
 0119                   .blkb 4
                        .area idata
 0119 3F800000          .word 0x3f80,0x0
                        .area data
 011D                   .dbfile C:\Dev\REV1~1.01\Subroutines.c
 011D                   .blkb 4
                        .area idata
 011D 3F800000          .word 0x3f80,0x0
                        .area data
 0121                   .dbfile C:\Dev\REV1~1.01\Subroutines.c
 0121                   .blkb 4
                        .area idata
 0121 40000000          .word 0x4000,0x0
                        .area data
 0125                   .dbfile C:\Dev\REV1~1.01\Subroutines.c
 0125                   .blkb 1
                        .area idata
 0125 00                .byte 0
                        .area data
 0126                   .dbfile C:\Dev\REV1~1.01\Subroutines.c
 0126                   .blkb 1
                        .area idata
 0126 04                .byte 4
                        .area data
 0127                   .dbfile C:\Dev\REV1~1.01\Subroutines.c
 0127                   .blkb 5
                        .area idata
 0127 20204F4E00        .byte 32,32,'O,'N,0
                        .area data
 012C                   .dbfile C:\Dev\REV1~1.01\Subroutines.c
 012C                   .blkb 7
                        .area idata
 012C 00000000000000    .byte 0,0,0,0,0,0,0
                        .area data
 0133                   .dbfile C:\Dev\REV1~1.01\Subroutines.c
 0133                   .blkw 1
                        .area idata
 0133 0001              .word _enum_off_on_str
                        .area data
 0135                   .dbfile C:\Dev\REV1~1.01\Subroutines.c
 0135                   .blkb 2
                        .area idata
 0135 0000              .byte 0,0
                        .area data
 0137                   .dbfile C:\Dev\REV1~1.01\Subroutines.c
 0137                   .dbsym e VideoRelayDiag _VideoRelayDiag S[menu_var]
 0137           _NullVar2::
 0137                   .blkb 4
                        .area idata
 0137 00000000          .word 0x0,0x0
                        .area data
 013B                   .dbfile C:\Dev\REV1~1.01\Subroutines.c
 013B                   .blkb 4
                        .area idata
 013B 00000000          .word 0x0,0x0
                        .area data
 013F                   .dbfile C:\Dev\REV1~1.01\Subroutines.c
 013F                   .blkb 4
                        .area idata
 013F 00000000          .word 0x0,0x0
                        .area data
 0143                   .dbfile C:\Dev\REV1~1.01\Subroutines.c
 0143                   .blkb 4
                        .area idata
 0143 00000000          .word 0x0,0x0
                        .area data
 0147                   .dbfile C:\Dev\REV1~1.01\Subroutines.c
 0147                   .blkb 1
                        .area idata
 0147 00                .byte 0
                        .area data
 0148                   .dbfile C:\Dev\REV1~1.01\Subroutines.c
 0148                   .blkb 1
                        .area idata
 0148 00                .byte 0
                        .area data
 0149                   .dbfile C:\Dev\REV1~1.01\Subroutines.c
 0149                   .blkb 2
                        .area idata
 0149 2000              .byte 32,0
                        .area data
 014B                   .dbfile C:\Dev\REV1~1.01\Subroutines.c
 014B                   .blkb 10
                        .area idata
 014B 00000000000000000000      .byte 0,0,0,0,0,0,0,0,0,0
                        .area data
 0155                   .dbfile C:\Dev\REV1~1.01\Subroutines.c
 0155                   .blkw 1
                        .area idata
 0155 0000              .word _enum_NULL_str
                        .area data
 0157                   .dbfile C:\Dev\REV1~1.01\Subroutines.c
 0157                   .blkb 2
                        .area idata
 0157 0000              .byte 0,0
                        .area data
 0159                   .dbfile C:\Dev\REV1~1.01\Subroutines.c
 0159                   .dbsym e NullVar2 _NullVar2 S[menu_var]
                        .area text
 00B2                   .dbfile C:\Dev\REV1~1.01\Subroutines.c
 00B2           _Menuc::
 00B2 0000              .byte 0,0
 00B4 0000              .byte 0,0
 00B6 20202020202048442043414D45524120  .byte 32,32,32,32,32,32,'H,'D,32,'C,'A,'M,'E,'R,'A,32
 00C6 2020202000        .byte 32,32,32,32,0
 00CB 2053455454494E475320202020202020  .byte 32,'S,'E,'T,'T,'I,'N,'G,'S,32,32,32,32,32,32,32
 00DB 2020202000        .byte 32,32,32,32,0
 00E0 20444941474E4F535449435320202020  .byte 32,'D,'I,'A,'G,'N,'O,'S,'T,'I,'C,'S,32,32,32,32
 00F0 2020202000        .byte 32,32,32,32,0
 00F5 20535441545553202020202020202020  .byte 32,'S,'T,'A,'T,'U,'S,32,32,32,32,32,32,32,32,32
 0105 2020202000        .byte 32,32,32,32,0
 010A 2044454641554C545320202020202020  .byte 32,'D,'E,'F,'A,'U,'L,'T,'S,32,32,32,32,32,32,32
 011A 2020202000        .byte 32,32,32,32,0
 011F 20455849542020202020202020202020  .byte 32,'E,'X,'I,'T,32,32,32,32,32,32,32,32,32,32,32
 012F 2020202000        .byte 32,32,32,32,0
 0134 20202020202020202020202020202020  .byte 32,32,32,32,32,32,32,32,32,32,32,32,32,32,32,32
 0144 2020202000        .byte 32,32,32,32,0
 0149 20202020202020202020202020202020  .byte 32,32,32,32,32,32,32,32,32,32,32,32,32,32,32,32
 0159 2020202000        .byte 32,32,32,32,0
 015E 20202020202020202020202020202020  .byte 32,32,32,32,32,32,32,32,32,32,32,32,32,32,32,32
 016E 2020202000        .byte 32,32,32,32,0
 0173 20202020202020202020202020202020  .byte 32,32,32,32,32,32,32,32,32,32,32,32,32,32,32,32
 0183 2020202000        .byte 32,32,32,32,0
 0188 20202020202020202020202020202020  .byte 32,32,32,32,32,32,32,32,32,32,32,32,32,32,32,32
 0198 2020202000        .byte 32,32,32,32,0
 019D 20202020202020202020202020202020  .byte 32,32,32,32,32,32,32,32,32,32,32,32,32,32,32,32
 01AD 2020202000        .byte 32,32,32,32,0
 01B2 0000              .byte 0,0
 01B4 0000              .byte 0,0
 01B6 0000              .byte 0,0
 01B8 0000              .byte 0,0
 01BA 0000              .byte 0,0
 01BC 00                .byte 0
 01BD 0049              .word _NullVar
 01BF 0049              .word _NullVar
 01C1 0049              .word _NullVar
 01C3 0049              .word _NullVar
 01C5 0049              .word _NullVar
 01C7 0049              .word _NullVar
 01C9 0049              .word _NullVar
 01CB 0049              .word _NullVar
 01CD 0049              .word _NullVar
 01CF 0049              .word _NullVar
 01D1 0049              .word _NullVar
 01D3 0000              .word _NullFunction
 01D5 0000              .word _NullFunction
 01D7 0000              .word _NullFunction
 01D9 0000              .word _NullFunction
 01DB 0000              .word _ExitMenu
 01DD 0000              .word _NullFunction
 01DF 0000              .word _NullFunction
 01E1 0000              .word _NullFunction
 01E3 0000              .word _NullFunction
 01E5 0000              .word _NullFunction
 01E7 0000              .word _NullFunction
 01E9 0000              .byte 0,0
 01EB 0001              .byte 0,1
 01ED 20202043414D4552412053455454494E  .byte 32,32,32,'C,'A,'M,'E,'R,'A,32,'S,'E,'T,'T,'I,'N
 01FD 4753202000        .byte 'G,'S,32,32,0
 0202 20544147202020202020202020202020  .byte 32,'T,'A,'G,32,32,32,32,32,32,32,32,32,32,32,32
 0212 2020202000        .byte 32,32,32,32,0
 0217 204D4943524F50484F4E452020202020  .byte 32,'M,'I,'C,'R,'O,'P,'H,'O,'N,'E,32,32,32,32,32
 0227 2020202000        .byte 32,32,32,32,0
 022C 204C4544204C49474854532020202020  .byte 32,'L,'E,'D,32,'L,'I,'G,'H,'T,'S,32,32,32,32,32
 023C 2020202000        .byte 32,32,32,32,0
 0241 204C454420414C57415953204F4E2020  .byte 32,'L,'E,'D,32,'A,'L,'W,'A,'Y,'S,32,'O,'N,32,32
 0251 2020202000        .byte 32,32,32,32,0
 0256 20455849542020202020202020202020  .byte 32,'E,'X,'I,'T,32,32,32,32,32,32,32,32,32,32,32
 0266 2020202000        .byte 32,32,32,32,0
 026B 20202020202020202020202020202020  .byte 32,32,32,32,32,32,32,32,32,32,32,32,32,32,32,32
 027B 2020202000        .byte 32,32,32,32,0
 0280 20202020202020202020202020202020  .byte 32,32,32,32,32,32,32,32,32,32,32,32,32,32,32,32
 0290 2020202000        .byte 32,32,32,32,0
 0295 20202020202020202020202020202020  .byte 32,32,32,32,32,32,32,32,32,32,32,32,32,32,32,32
 02A5 2020202000        .byte 32,32,32,32,0
 02AA 20202020202020202020202020202020  .byte 32,32,32,32,32,32,32,32,32,32,32,32,32,32,32,32
 02BA 2020202000        .byte 32,32,32,32,0
 02BF 20202020202020202020202020202020  .byte 32,32,32,32,32,32,32,32,32,32,32,32,32,32,32,32
 02CF 2020202000        .byte 32,32,32,32,0
 02D4 20202020202020202020202020202020  .byte 32,32,32,32,32,32,32,32,32,32,32,32,32,32,32,32
 02E4 2020202000        .byte 32,32,32,32,0
 02E9 0910              .byte 9,16
 02EB 1010              .byte 16,16
 02ED 0000              .byte 0,0
 02EF 0000              .byte 0,0
 02F1 0000              .byte 0,0
 02F3 00                .byte 0
 02F4 006B              .word _CamTag
 02F6 00AF              .word _MicOnOff
 02F8 00D1              .word _LEDLevel
 02FA 00F3              .word _LightAlwaysOnOnOff
 02FC 0049              .word _NullVar
 02FE 0049              .word _NullVar
 0300 0049              .word _NullVar
 0302 0049              .word _NullVar
 0304 0049              .word _NullVar
 0306 0049              .word _NullVar
 0308 0049              .word _NullVar
 030A 0000              .word _StdVarFunction
 030C 0000              .word _StdVarFunction
 030E 0000              .word _StdVarFunction
 0310 0000              .word _StdVarFunction
 0312 0000              .word _ExitMenu
 0314 0000              .word _NullFunction
 0316 0000              .word _NullFunction
 0318 0000              .word _NullFunction
 031A 0000              .word _NullFunction
 031C 0000              .word _NullFunction
 031E 0000              .word _NullFunction
 0320 0000              .byte 0,0
 0322 0002              .byte 0,2
 0324 2043414D45524120444941474E4F5354  .byte 32,'C,'A,'M,'E,'R,'A,32,'D,'I,'A,'G,'N,'O,'S,'T
 0334 4943532000        .byte 'I,'C,'S,32,0
 0339 20564944454F2052454C415920202020  .byte 32,'V,'I,'D,'E,'O,32,'R,'E,'L,'A,'Y,32,32,32,32
 0349 2020202000        .byte 32,32,32,32,0
 034E 20455849542020202020202020202020  .byte 32,'E,'X,'I,'T,32,32,32,32,32,32,32,32,32,32,32
 035E 2020202000        .byte 32,32,32,32,0
 0363 20202020202020202020202020202020  .byte 32,32,32,32,32,32,32,32,32,32,32,32,32,32,32,32
 0373 2020202000        .byte 32,32,32,32,0
 0378 20202020202020202020202020202020  .byte 32,32,32,32,32,32,32,32,32,32,32,32,32,32,32,32
 0388 2020202000        .byte 32,32,32,32,0
 038D 20202020202020202020202020202020  .byte 32,32,32,32,32,32,32,32,32,32,32,32,32,32,32,32
 039D 2020202000        .byte 32,32,32,32,0
 03A2 20202020202020202020202020202020  .byte 32,32,32,32,32,32,32,32,32,32,32,32,32,32,32,32
 03B2 2020202000        .byte 32,32,32,32,0
 03B7 20202020202020202020202020202020  .byte 32,32,32,32,32,32,32,32,32,32,32,32,32,32,32,32
 03C7 2020202000        .byte 32,32,32,32,0
 03CC 20202020202020202020202020202020  .byte 32,32,32,32,32,32,32,32,32,32,32,32,32,32,32,32
 03DC 2020202000        .byte 32,32,32,32,0
 03E1 20202020202020202020202020202020  .byte 32,32,32,32,32,32,32,32,32,32,32,32,32,32,32,32
 03F1 2020202000        .byte 32,32,32,32,0
 03F6 20202020202020202020202020202020  .byte 32,32,32,32,32,32,32,32,32,32,32,32,32,32,32,32
 0406 2020202000        .byte 32,32,32,32,0
 040B 20202020202020202020202020202020  .byte 32,32,32,32,32,32,32,32,32,32,32,32,32,32,32,32
 041B 2020202000        .byte 32,32,32,32,0
 0420 1000              .byte 16,0
 0422 0000              .byte 0,0
 0424 0000              .byte 0,0
 0426 0000              .byte 0,0
 0428 0000              .byte 0,0
 042A 00                .byte 0
 042B 0115              .word _VideoRelayDiag
 042D 0049              .word _NullVar
 042F 0049              .word _NullVar
 0431 0049              .word _NullVar
 0433 0049              .word _NullVar
 0435 0049              .word _NullVar
 0437 0049              .word _NullVar
 0439 0049              .word _NullVar
 043B 0049              .word _NullVar
 043D 0049              .word _NullVar
 043F 0049              .word _NullVar
 0441 0000              .word _StdVarFunction
 0443 0000              .word _ExitMenu
 0445 0000              .word _NullFunction
 0447 0000              .word _NullFunction
 0449 0000              .word _NullFunction
 044B 0000              .word _NullFunction
 044D 0000              .word _NullFunction
 044F 0000              .word _NullFunction
 0451 0000              .word _NullFunction
 0453 0000              .word _NullFunction
 0455 0000              .word _NullFunction
 0457 0000              .byte 0,0
 0459 0003              .byte 0,3
 045B 2020202020535441545553204D454E55  .byte 32,32,32,32,32,'S,'T,'A,'T,'U,'S,32,'M,'E,'N,'U
 046B 2020202000        .byte 32,32,32,32,0
 0470 20534F46545741524520524556202020  .byte 32,'S,'O,'F,'T,'W,'A,'R,'E,32,'R,'E,'V,32,32,32
 0480 2020202000        .byte 32,32,32,32,0
 0485 2043414D455241204944202020202020  .byte 32,'C,'A,'M,'E,'R,'A,32,'I,'D,32,32,32,32,32,32
 0495 2020202000        .byte 32,32,32,32,0
 049A 2053455249414C204E554D2020202020  .byte 32,'S,'E,'R,'I,'A,'L,32,'N,'U,'M,32,32,32,32,32
 04AA 2020202000        .byte 32,32,32,32,0
 04AF 20455849542020202020202020202020  .byte 32,'E,'X,'I,'T,32,32,32,32,32,32,32,32,32,32,32
 04BF 2020202000        .byte 32,32,32,32,0
 04C4 20202020202020202020202020202020  .byte 32,32,32,32,32,32,32,32,32,32,32,32,32,32,32,32
 04D4 2020202000        .byte 32,32,32,32,0
 04D9 20202020202020202020202020202020  .byte 32,32,32,32,32,32,32,32,32,32,32,32,32,32,32,32
 04E9 2020202000        .byte 32,32,32,32,0
 04EE 20202020202020202020202020202020  .byte 32,32,32,32,32,32,32,32,32,32,32,32,32,32,32,32
 04FE 2020202000        .byte 32,32,32,32,0
 0503 20202020202020202020202020202020  .byte 32,32,32,32,32,32,32,32,32,32,32,32,32,32,32,32
 0513 2020202000        .byte 32,32,32,32,0
 0518 20202020202020202020202020202020  .byte 32,32,32,32,32,32,32,32,32,32,32,32,32,32,32,32
 0528 2020202000        .byte 32,32,32,32,0
 052D 20202020202020202020202020202020  .byte 32,32,32,32,32,32,32,32,32,32,32,32,32,32,32,32
 053D 2020202000        .byte 32,32,32,32,0
 0542 20202020202020202020202020202020  .byte 32,32,32,32,32,32,32,32,32,32,32,32,32,32,32,32
 0552 2020202000        .byte 32,32,32,32,0
 0557 1010              .byte 16,16
 0559 0C00              .byte 12,0
 055B 0000              .byte 0,0
 055D 0000              .byte 0,0
 055F 0000              .byte 0,0
 0561 00                .byte 0
 0562 0027              .word _Rev
 0564 008D              .word _disp_add
 0566 0005              .word _SerialNum
 0568 0049              .word _NullVar
 056A 0049              .word _NullVar
 056C 0049              .word _NullVar
 056E 0049              .word _NullVar
 0570 0049              .word _NullVar
 0572 0049              .word _NullVar
 0574 0049              .word _NullVar
 0576 0049              .word _NullVar
 0578 0000              .word _NullFunction
 057A 0000              .word _NullFunction
 057C 0000              .word _SerVarFunction
 057E 0000              .word _ExitMenu
 0580 0000              .word _NullFunction
 0582 0000              .word _NullFunction
 0584 0000              .word _NullFunction
 0586 0000              .word _NullFunction
 0588 0000              .word _NullFunction
 058A 0000              .word _NullFunction
 058C 0000              .word _NullFunction
 058E 0000              .byte 0,0
 0590 0004              .byte 0,4
 0592 202020202044454641554C5453202020  .byte 32,32,32,32,32,'D,'E,'F,'A,'U,'L,'T,'S,32,32,32
 05A2 2020202000        .byte 32,32,32,32,0
 05A7 20455849542020202020202020202020  .byte 32,'E,'X,'I,'T,32,32,32,32,32,32,32,32,32,32,32
 05B7 2020202000        .byte 32,32,32,32,0
 05BC 20524553544F52452044454641554C54  .byte 32,'R,'E,'S,'T,'O,'R,'E,32,'D,'E,'F,'A,'U,'L,'T
 05CC 5320202000        .byte 'S,32,32,32,0
 05D1 20202020202020202020202020202020  .byte 32,32,32,32,32,32,32,32,32,32,32,32,32,32,32,32
 05E1 2020202000        .byte 32,32,32,32,0
 05E6 2020202020205741524E494E47202020  .byte 32,32,32,32,32,32,'W,'A,'R,'N,'I,'N,'G,32,32,32
 05F6 2020202000        .byte 32,32,32,32,0
 05FB 594F552057494C4C204C4F534520414C  .byte 'Y,'O,'U,32,'W,'I,'L,'L,32,'L,'O,'S,'E,32,'A,'L
 060B 4C20202000        .byte 'L,32,32,32,0
 0610 4F46205448452043555252454E542020  .byte 'O,'F,32,'T,'H,'E,32,'C,'U,'R,'R,'E,'N,'T,32,32
 0620 2020202000        .byte 32,32,32,32,0
 0625 53455454494E4753205748454E202020  .byte 'S,'E,'T,'T,'I,'N,'G,'S,32,'W,'H,'E,'N,32,32,32
 0635 2020202000        .byte 32,32,32,32,0
 063A 524553544F52494E472044454641554C  .byte 'R,'E,'S,'T,'O,'R,'I,'N,'G,32,'D,'E,'F,'A,'U,'L
 064A 5453202000        .byte 'T,'S,32,32,0
 064F 20202020202020202020202020202020  .byte 32,32,32,32,32,32,32,32,32,32,32,32,32,32,32,32
 065F 2020202000        .byte 32,32,32,32,0
 0664 20202020202020202020202020202020  .byte 32,32,32,32,32,32,32,32,32,32,32,32,32,32,32,32
 0674 2020202000        .byte 32,32,32,32,0
 0679 20202020202020202020202020202020  .byte 32,32,32,32,32,32,32,32,32,32,32,32,32,32,32,32
 0689 2020202000        .byte 32,32,32,32,0
 068E 0000              .byte 0,0
 0690 0000              .byte 0,0
 0692 0000              .byte 0,0
 0694 0000              .byte 0,0
 0696 0000              .byte 0,0
 0698 00                .byte 0
 0699 0049              .word _NullVar
 069B 0049              .word _NullVar
 069D 0049              .word _NullVar
 069F 0049              .word _NullVar
 06A1 0049              .word _NullVar
 06A3 0049              .word _NullVar
 06A5 0049              .word _NullVar
 06A7 0049              .word _NullVar
 06A9 0049              .word _NullVar
 06AB 0049              .word _NullVar
 06AD 0049              .word _NullVar
 06AF 0000              .word _ExitMenu
 06B1 0000              .word _RestoreDefaults
 06B3 0000              .word _NullFunction
 06B5 0000              .word _NullFunction
 06B7 0000              .word _NullFunction
 06B9 0000              .word _NullFunction
 06BB 0000              .word _NullFunction
 06BD 0000              .word _NullFunction
 06BF 0000              .word _NullFunction
 06C1 0000              .word _NullFunction
 06C3 0000              .word _NullFunction
 06C5 000000000000000000000000000000000000000000000000000000000000000000000000000000000000000000000000000000000000000000000000  .word 0,0,0,0,0,0,0,0,0,0,0,0,0,0,0,0,0,0,0,0,0,0,0,0,0,0,0,0,0,0
 0701 000000000000000000000000000000000000000000000000000000000000000000000000000000000000000000000000000000000000000000000000  .word 0,0,0,0,0,0,0,0,0,0,0,0,0,0,0,0,0,0,0,0,0,0,0,0,0,0,0,0,0,0
 073D 000000000000000000000000000000000000000000000000000000000000000000000000000000000000000000000000000000000000000000000000  .word 0,0,0,0,0,0,0,0,0,0,0,0,0,0,0,0,0,0,0,0,0,0,0,0,0,0,0,0,0,0
 0779 000000000000000000000000000000000000000000000000000000000000000000000000000000000000000000000000000000000000000000000000  .word 0,0,0,0,0,0,0,0,0,0,0,0,0,0,0,0,0,0,0,0,0,0,0,0,0,0,0,0,0,0
 07B5 000000000000000000000000000000000000000000000000000000000000000000000000000000000000000000000000000000000000000000000000  .word 0,0,0,0,0,0,0,0,0,0,0,0,0,0,0,0,0,0,0,0,0,0,0,0,0,0,0,0,0,0
 07F1 00000000000000000000      .word 0,0,0,0,0
 07FB 00                .byte 0
 07FC                   .dbstruct 0 311 MenuStruct
 07FC                   .dbfield 0 Index A[4:4]c
 07FC                   .dbfield 4 Entry A[252:12:21]c
 07FC                   .dbfield 256 Pos A[11:11]c
 07FC                   .dbfield 267 VarPntr A[22:11]pS[menu_var]
 07FC                   .dbfield 289 FunctPtr A[22:11]pfI
 07FC                   .dbend
 07FC                   .dbsym e Menuc _Menuc A[1866:6]S[MenuStruct]
                        .area data
 0159                   .dbfile C:\Dev\REV1~1.01\Subroutines.c
 0159           _MenuStackc::
 0159                   .blkb 2
                        .area idata
 0159 0000              .byte 0,0
                        .area data
 015B                   .dbfile C:\Dev\REV1~1.01\Subroutines.c
 015B                   .blkb 2
                        .area idata
 015B 0000              .byte 0,0
                        .area data
 015D                   .dbfile C:\Dev\REV1~1.01\Subroutines.c
 015D                   .blkb 1
                        .area idata
 015D 01                .byte 1
                        .area data
 015E                   .dbfile C:\Dev\REV1~1.01\Subroutines.c
 015E                   .blkb 1
                        .area idata
 015E 00                .byte 0
                        .area data
 015F                   .dbfile C:\Dev\REV1~1.01\Subroutines.c
 015F                   .blkb 24
                        .area idata
 015F 00000000000000000000      .word 0,0,0,0,0
 0169 00000000000000000000      .word 0,0,0,0,0
 0173 00000000          .byte 0,0,0,0
                        .area data
 0177                   .dbfile C:\Dev\REV1~1.01\Subroutines.c
 0177                   .dbstruct 0 6 MenuStack
 0177                   .dbfield 0 Index A[4:4]c
 0177                   .dbfield 4 CursorPos c
 0177                   .dbfield 5 FirstLine c
 0177                   .dbend
 0177                   .dbsym e MenuStackc _MenuStackc A[30:5]S[MenuStack]
 0177           _StackPointer::
 0177                   .blkb 1
                        .area idata
 0177 00                .byte 0
                        .area data
 0178                   .dbfile C:\Dev\REV1~1.01\Subroutines.c
 0178                   .dbsym e StackPointer _StackPointer c
 0178           _Variable_flag::
 0178                   .blkb 1
                        .area idata
 0178 00                .byte 0
                        .area data
 0179                   .dbfile C:\Dev\REV1~1.01\Subroutines.c
 0179                   .dbsym e Variable_flag _Variable_flag c
 0179           _String_Var_ptr::
 0179                   .blkb 1
                        .area idata
 0179 00                .byte 0
                        .area data
 017A                   .dbfile C:\Dev\REV1~1.01\Subroutines.c
 017A                   .dbsym e String_Var_ptr _String_Var_ptr c
 017A           _Multi_Var_ptr::
 017A                   .blkb 1
                        .area idata
 017A 00                .byte 0
                        .area data
 017B                   .dbfile C:\Dev\REV1~1.01\Subroutines.c
 017B                   .dbsym e Multi_Var_ptr _Multi_Var_ptr c
 017B           _F1pressed::
 017B                   .blkb 1
                        .area idata
 017B 00                .byte 0
                        .area data
 017C                   .dbfile C:\Dev\REV1~1.01\Subroutines.c
 017C                   .dbsym e F1pressed _F1pressed c
 017C           _F2pressed::
 017C                   .blkb 1
                        .area idata
 017C 00                .byte 0
                        .area data
 017D                   .dbfile C:\Dev\REV1~1.01\Subroutines.c
 017D                   .dbsym e F2pressed _F2pressed c
                        .area extcode(paged)
 0000                   .dbfile C:\Dev\REV1~1.01\Subroutines.c
 0000                   .dbfunc e doevents _doevents fV
 0000           ;        tempstr -> 81,SP
 0000           ;              i -> 99,SP
 0000           ;      Disp_Line -> 17,SP
 0000           $_doevents::
 0000 1BF19B            leas -101,S
 0003                   .dbline -1
 0003                   .dbline 361
 0003           ; #include <stdio.h>
 0003           ; #include <string.h>
 0003           ; #include <stdlib.h>
 0003           ; #include <math.h>
 0003           ; 
 0003           ; #include "nodecfg.h"
 0003           ; #include "Subroutines.h"
 0003           ; #include "mc9s12a128.h"
 0003           ; #include "Interrupts.h"
 0003           ; #include "mco.h"
 0003           ; #include "mcohw.h"
 0003           ; #include "EEProm.h"
 0003           ; #include "MenuFunctions.h"
 0003           ; #include "Camera.h"
 0003           ; #include "DAC101S101.h"
 0003           ; 
 0003           ; #include "Packets.h"
 0003           ; #include "CamMenu.h"
 0003           ; 
 0003           ; extern unsigned int Titler_Timer;
 0003           ; unsigned int i,j,k;
 0003           ; unsigned char Line_prev[4][20];
 0003           ; 
 0003           ; CAN_MSG gTxMsg;
 0003           ; char UpdateMenu;
 0003           ; char State = FinishState;
 0003           ; char CANBuf[15];
 0003           ; 
 0003           ; char Cam_Message[9];
 0003           ; char OSD_changed;
 0003           ; unsigned char Line[4][20];
 0003           ; 
 0003           ; unsigned int cam_add;
 0003           ; unsigned int ran_num = 0;  //used to create unique camera address  
 0003           ; 
 0003           ; extern char Gen_Flags;
 0003           ; extern unsigned int TC0_RCVD_Data;
 0003           ; extern unsigned int MenuTimer;
 0003           ; extern unsigned int BootUpTimer;
 0003           ; extern int Update_Menu_Timer;
 0003           ; extern unsigned int Timer1;
 0003           ; 
 0003           ; extern float testTime;
 0003           ; extern float storeTestTime;
 0003           ; extern unsigned int TestTimer;
 0003           ; 
 0003           ; //extern char SIN0Buf[SIN0BufLen];
 0003           ; extern int SIN0Bufptr;
 0003           ; //extern char SOUT0Buf[SOUT0BufLen];
 0003           ; extern int SOUT0Bufptr;
 0003           ; 
 0003           ; //extern char SIN1Buf[SIN1BufLen];
 0003           ; extern int SIN1Bufptr;
 0003           ; //extern char SOUT0Buf[SOUT0BufLen];
 0003           ; extern int SOUT1Bufptr;
 0003           ; 
 0003           ; bool DiagMenuActive = false;
 0003           ; 
 0003           ; bool micChanged = false;
 0003           ; char lastMicSetting[5];
 0003           ; 
 0003           ; char lastResSetting[5];
 0003           ; 
 0003           ; //struct menu_var{
 0003           ; //float value;            //actual value of the variable, or pointer to enum list if an enum type variable, In "String type" var this points to the char that String_Var_ptr points to
 0003           ; //float inc;              //increment/decrement value, may be int or float, must be 1 for enum type variable
 0003           ; //float min;              //minimum value of variable, may be int or float, must point to first enum in list for enum type variable
 0003           ; //float max;              //maximum value of variable, may be int or float, must point to last enum in list for enum type variable
 0003           ; //int dec_pos;            //decimal position, zero if variable is an int or an enum
 0003           ; //int len_str;                          //length of str_value, pads left with spaces, Make this negative for "String type" variables (serial num, camera tag, etc.)
 0003           ; //char str_value[20];     //string equivalent of value, or current enum pointed to by value, or current "String type" variable
 0003           ; //char *str_enum;         //pointer to comma separated enum list, must be NULL for non-enum variable types
 0003           ; //struct menu_var *next_var;
 0003           ; //};
 0003           ; 
 0003           ; 
 0003           ; //Enum strings have a maximum length of 100 chars including the Null
 0003           ; const char enum_NULL_str[]="";
 0003           ; const char enum_off_on_str[]="OFF, ON";
 0003           ; const char enum_polarity_str[]="POS,NEG";
 0003           ; const char enum_angle_dir_str[]=" CW,CCW";
 0003           ; const char enum_size_str[]=" 8,12,24";
 0003           ; const char enum_encoder_str[]="25,32,50,64,100,128,256,512";
 0003           ; const char enum_alpha_str[]=" ,A,B,C,D,E,F,G,H,I,J,K,L,M,N,O,P,Q,R,S,T,U,V,W,X,Y,Z,0,1,2,3,4,5,6,7,8,9,.,<,>,;,:,@,(,),-,-"; //last char is the cursor char, do not count for max
 0003           ; const char enum_number_str[]="0,1,2,3,4,5,6,7,8,9,-";  //last char is the cursor char, do not count for max
 0003           ; 
 0003           ; //default arrays                               
 0003           ; //const int EG_defaults[] = {18, 16, 24};            //encoder gear
 0003           ; //const int LG_defaults[] = {83, 74, 120};           //large gear
 0003           ; //const double GR_defaults[] = {4.61, 4.63, 5.00};   //gear ratio
 0003           ; 
 0003           ; 
 0003           ; //saved seperately at 0xB10
 0003           ; struct menu_var SerialNum = {
 0003           ;          1,1,1,10,0,-7,"-------",enum_number_str
 0003           ; };
 0003           ; 
 0003           ; //saved seperately at 0x0900
 0003           ; char cam_addx[2];      //unique camera address from ran_num
 0003           ; 
 0003           ; 
 0003           ; //The following Menu Variables are NOT saved in EEPROM
 0003           ; struct menu_var Rev = {
 0003           ;          1,1,1,46,0,-4,Revision,enum_alpha_str   //display only
 0003           ; }; 
 0003           ; 
 0003           ; 
 0003           ; 
 0003           ; //The following Menu Variables ARE saved in EEPROM
 0003           ; struct menu_var  NullVar = {
 0003           ;          0,0,0,0,0,0," ",enum_NULL_str
 0003           ; }; 
 0003           ; 
 0003           ; struct menu_var CamTag = {
 0003           ;          1,1,1,46,0,-11,"HD INSP CAM",enum_alpha_str   //display only
 0003           ; }; 
 0003           ; 
 0003           ; struct menu_var disp_add = {
 0003           ;          1,1,1,46,0,-4,"1234",enum_alpha_str
 0003           ; }; 
 0003           ; 
 0003           ; struct menu_var MicOnOff = {
 0003           ;          2,1,1,2,0,4,"  ON",enum_off_on_str
 0003           ; }; 
 0003           ; 
 0003           ; struct menu_var LEDLevel = {
 0003           ;     9,1,1,9,0,4,"   8",enum_number_str
 0003           ; };
 0003           ; 
 0003           ; struct menu_var LightAlwaysOnOnOff = {
 0003           ;          2,1,1,2,0,4,"  ON",enum_off_on_str
 0003           ; };
 0003           ; 
 0003           ; struct menu_var VideoRelayDiag = {
 0003           ;          2,1,1,2,0,4,"  ON",enum_off_on_str
 0003           ; };
 0003           ;                                          
 0003           ; struct menu_var  NullVar2 = {
 0003           ;          0,0,0,0,0,0," ",enum_NULL_str
 0003           ; };
 0003           ; 
 0003           ; 
 0003           ; 
 0003           ; struct MenuStruct const Menuc[MenuSize] = {     
 0003           ;                                         0,0,0,0,
 0003           ;                                         "      HD CAMERA     ",
 0003           ;                                         " SETTINGS           ",
 0003           ;                                         " DIAGNOSTICS        ",
 0003           ;                                         " STATUS             ",
 0003           ;                                         " DEFAULTS           ",
 0003           ;                                         " EXIT               ",
 0003           ;                                         "                    ",
 0003           ;                                         "                    ",
 0003           ;                                         "                    ",
 0003           ;                                         "                    ",
 0003           ;                                         "                    ",
 0003           ;                                         "                    ",
 0003           ;                                         0,0,0,0,0,0,0,0,0,0,0,
 0003           ;                                         &NullVar,
 0003           ;                                         &NullVar,
 0003           ;                                         &NullVar,
 0003           ;                                         &NullVar,
 0003           ;                                         &NullVar,
 0003           ;                                         &NullVar,
 0003           ;                                         &NullVar,
 0003           ;                                         &NullVar,
 0003           ;                                         &NullVar,
 0003           ;                                         &NullVar,
 0003           ;                                         &NullVar,
 0003           ;                                         &NullFunction,
 0003           ;                                         &NullFunction,
 0003           ;                                         &NullFunction,
 0003           ;                                         &NullFunction,
 0003           ;                                         &ExitMenu,
 0003           ;                                         &NullFunction,
 0003           ;                                                                               &NullFunction,
 0003           ;                                         &NullFunction,
 0003           ;                                         &NullFunction,
 0003           ;                                         &NullFunction,
 0003           ;                                         &NullFunction,
 0003           ;                                         
 0003           ;                                             0,0,0,1,
 0003           ;                                             "   CAMERA SETTINGS  ",
 0003           ;                                                                                       " TAG                ",
 0003           ;                                                                                       " MICROPHONE         ",
 0003           ;                                                                                       " LED LIGHTS         ",
 0003           ;                                                                                       " LED ALWAYS ON      ",
 0003           ;                                             " EXIT               ",   
 0003           ;                                                                                       "                    ",
 0003           ;                                                                                       "                    ",
 0003           ;                                                                                       "                    ",                                         
 0003           ;                                                                                       "                    ",
 0003           ;                                                                                       "                    ",
 0003           ;                                                                                       "                    ",
 0003           ;                                                                                       9,16,16,16,0,0,0,0,0,0,0,
 0003           ;                                             &CamTag,
 0003           ;                                             &MicOnOff,
 0003           ;                                                                                       &LEDLevel,
 0003           ;                                             &LightAlwaysOnOnOff,
 0003           ;                                             &NullVar,
 0003           ;                                             &NullVar,
 0003           ;                                             &NullVar,
 0003           ;                                             &NullVar,
 0003           ;                                             &NullVar,
 0003           ;                                             &NullVar,
 0003           ;                                             &NullVar,
 0003           ;                                             &StdVarFunction,
 0003           ;                                                                                       &StdVarFunction,
 0003           ;                                             &StdVarFunction,
 0003           ;                                             &StdVarFunction,
 0003           ;                                                                                       &ExitMenu,
 0003           ;                                                                                       &NullFunction,
 0003           ;                                             &NullFunction,
 0003           ;                                             &NullFunction,
 0003           ;                                                                                       &NullFunction,
 0003           ;                                             &NullFunction,
 0003           ;                                             &NullFunction,
 0003           ;                                                                                                                                                                                                                     
 0003           ;                                             0,0,0,2,
 0003           ;                                             " CAMERA DIAGNOSTICS ",
 0003           ;                                                                                       " VIDEO RELAY        ",
 0003           ;                                                                                       " EXIT               ",
 0003           ;                                             "                    ",
 0003           ;                                                                                       "                    ",
 0003           ;                                             "                    ",
 0003           ;                                             "                    ",
 0003           ;                                             "                    ",
 0003           ;                                             "                    ",
 0003           ;                                             "                    ",
 0003           ;                                             "                    ",
 0003           ;                                             "                    ",
 0003           ;                                             16,0,0,0,0,0,0,0,0,0,0,
 0003           ;                                             &VideoRelayDiag,
 0003           ;                                             &NullVar,
 0003           ;                                                                                       &NullVar,
 0003           ;                                             &NullVar,
 0003           ;                                             &NullVar,
 0003           ;                                             &NullVar,
 0003           ;                                             &NullVar,
 0003           ;                                             &NullVar,
 0003           ;                                             &NullVar,
 0003           ;                                             &NullVar,
 0003           ;                                             &NullVar,
 0003           ;                                             &StdVarFunction,
 0003           ;                                             &ExitMenu,
 0003           ;                                                                                       &NullFunction,
 0003           ;                                             &NullFunction,
 0003           ;                                             &NullFunction,
 0003           ;                                                                                       &NullFunction,
 0003           ;                                                                                       &NullFunction,
 0003           ;                                             &NullFunction,
 0003           ;                                             &NullFunction,
 0003           ;                                             &NullFunction,
 0003           ;                                             &NullFunction,
 0003           ;                                                                                          
 0003           ;                                             0,0,0,3,
 0003           ;                                             "     STATUS MENU    ",
 0003           ;                                             " SOFTWARE REV       ",
 0003           ;                                                                                       " CAMERA ID          ",
 0003           ;                                             " SERIAL NUM         ",
 0003           ;                                             " EXIT               ",
 0003           ;                                             "                    ",
 0003           ;                                             "                    ",
 0003           ;                                             "                    ",
 0003           ;                                             "                    ",
 0003           ;                                             "                    ",
 0003           ;                                             "                    ",
 0003           ;                                             "                    ",
 0003           ;                                             16,16,12,0,0,0,0,0,0,0,0,
 0003           ;                                             &Rev,
 0003           ;                                             &disp_add,
 0003           ;                                             &SerialNum,
 0003           ;                                             &NullVar,
 0003           ;                                             &NullVar,
 0003           ;                                             &NullVar,
 0003           ;                                             &NullVar,
 0003           ;                                             &NullVar,
 0003           ;                                             &NullVar,
 0003           ;                                             &NullVar,
 0003           ;                                             &NullVar,
 0003           ;                                             &NullFunction,
 0003           ;                                                                                       &NullFunction,
 0003           ;                                             &SerVarFunction,
 0003           ;                                             &ExitMenu,
 0003           ;                                             &NullFunction,
 0003           ;                                             &NullFunction,
 0003           ;                                             &NullFunction,
 0003           ;                                             &NullFunction,
 0003           ;                                             &NullFunction,
 0003           ;                                             &NullFunction,
 0003           ;                                             &NullFunction,
 0003           ;                                             
 0003           ;                                             0,0,0,4,
 0003           ;                                             "     DEFAULTS       ",
 0003           ;                                             " EXIT               ",
 0003           ;                                             " RESTORE DEFAULTS   ",
 0003           ;                                             "                    ",
 0003           ;                                             "      WARNING       ",
 0003           ;                                             "YOU WILL LOSE ALL   ",
 0003           ;                                             "OF THE CURRENT      ",
 0003           ;                                             "SETTINGS WHEN       ",
 0003           ;                                             "RESTORING DEFAULTS  ",
 0003           ;                                             "                    ",
 0003           ;                                             "                    ",
 0003           ;                                             "                    ",
 0003           ;                                             0,0,0,0,0,0,0,0,0,0,0,
 0003           ;                                             &NullVar,
 0003           ;                                             &NullVar,
 0003           ;                                             &NullVar,
 0003           ;                                             &NullVar,
 0003           ;                                             &NullVar,
 0003           ;                                             &NullVar,
 0003           ;                                             &NullVar,
 0003           ;                                             &NullVar,
 0003           ;                                             &NullVar,
 0003           ;                                             &NullVar,
 0003           ;                                             &NullVar,
 0003           ;                                             &ExitMenu,
 0003           ;                                             &RestoreDefaults,
 0003           ;                                             &NullFunction,
 0003           ;                                             &NullFunction,
 0003           ;                                             &NullFunction,
 0003           ;                                             &NullFunction,
 0003           ;                                             &NullFunction,
 0003           ;                                             &NullFunction,
 0003           ;                                             &NullFunction,
 0003           ;                                             &NullFunction,
 0003           ;                                             &NullFunction
 0003           ;  
 0003           ; };
 0003           ; 
 0003           ; struct MenuStack MenuStackc[MenuStackSize] = {0,0,0,0,1,0};
 0003           ; 
 0003           ; char StackPointer = 0;
 0003           ; 
 0003           ; char Menu[12][21];
 0003           ; 
 0003           ; char Variable_flag = 0;
 0003           ; char String_Var_ptr = 0;
 0003           ; char Multi_Var_ptr = 0;
 0003           ; 
 0003           ; 
 0003           ; 
 0003           ; 
 0003           ; /***************************************************************************/ 
 0003           ; 
 0003           ; //external declaration for the process image array
 0003           ; extern UNSIGNED8 gProcImg[];
 0003           ; 
 0003           ; /**************************************************************************/
 0003           ; 
 0003           ; bool F1pressed = false, F2pressed = false;
 0003           ; 
 0003           ; unsigned char TitlerState;
 0003           ; extern char Rcv_Packet_Data[128];             
 0003           ; extern char Popup_Menu_Act;
 0003           ; extern char CamMenu,PosMenu,CamStartup;
 0003           ; //extern int boot_timer;
 0003           ; 
 0003           ; void doevents ( void )
 0003           ; {     
 0003                   .dbline 362
 0003           ;     if(CamStartup){
 0003 F60000            ldab _CamStartup
 0006 C100              cmpb #0
 0008 272D              beq L7
 000A                   .dbline 362
 000A                   .dbline 363
 000A           ;         if(2 == LightAlwaysOnOnOff.value){
 000A 1801AE00F5        movw _LightAlwaysOnOnOff+2,2,-S
 000F 1801AE00F3        movw _LightAlwaysOnOnOff,2,-S
 0014 1800AE0000        movw #0,2,-S
 0019 1800AE4000        movw #16384,2,-S
 001E 160000            jsr cmpf4
 0021 2611              bne L9
 0023                   .dbline 363
 0023                   .dbline 364
 0023           ;             set_LED_Level(LEDLevel.value);
 0023 1801AE00D3        movw _LEDLevel+2,2,-S
 0028 1801AE00D1        movw _LEDLevel,2,-S
 002D 160000            jsr fp2int
 0030 4A099C9C          xcall $_set_LED_Level
 0034                   .dbline 365
 0034           ;         }
 0034           L9:
 0034                   .dbline 366
 0034           ;         CamStartup=0;
 0034 790000            clr _CamStartup
 0037                   .dbline 368
 0037           ;         //Init_Cam();
 0037           ;     }
 0037           L7:
 0037                   .dbline 370
 0037           ;               
 0037           ;       if (receivePackets(Rcv_Packet_Data)) {
 0037 CC0000            ldd #_Rcv_Packet_Data
 003A 4A000000          xcall $_receivePackets
 003E 87                clra
 003F C100              cmpb #0
 0041 270C              beq L11
 0043                   .dbline 370
 0043                   .dbline 371
 0043           ;               Add_Cam_command(Rcv_Packet_Data,0);
 0043 CD0000            ldy #0
 0046 6D80              sty 0,S
 0048 CC0000            ldd #_Rcv_Packet_Data
 004B 4A000000          xcall $_Add_Cam_command
 004F                   .dbline 372
 004F           ;       }
 004F           L11:
 004F                   .dbline 375
 004F           ;       
 004F           ; 
 004F           ;       if (gProcImg[OUT_digi_1] & 0b10000000 && (VSEL_PORT & CAM_ON)) 
 004F 1F0018804C        brclr _gProcImg+24,#128,L13
 0054 1F00000447        brclr 0,#4,L13
 0059                   .dbline 376
 0059           ;       {
 0059                   .dbline 377
 0059           ;               if (PosMenu)
 0059 F60000            ldab _PosMenu
 005C C100              cmpb #0
 005E 2703              beq L16
 0060                   .dbline 378
 0060           ;                   Popup_Menu_Act = 0;
 0060 790000            clr _Popup_Menu_Act
 0063           L16:
 0063                   .dbline 379
 0063           ;                   Cam_Menu_Funct();
 0063 4A000000          xcall $_Cam_Menu_Funct
 0067                   .dbline 380
 0067           ;               if (CamMenu && TitlerState || PosMenu)
 0067 F60000            ldab _CamMenu
 006A C100              cmpb #0
 006C 2707              beq L21
 006E F60000            ldab _TitlerState
 0071 C100              cmpb #0
 0073 2607              bne L20
 0075           L21:
 0075 F60000            ldab _PosMenu
 0078 C100              cmpb #0
 007A 270A              beq L18
 007C           L20:
 007C                   .dbline 381
 007C           ;               {
 007C                   .dbline 382
 007C           ;                   TitlerState=0;                 // This clears the menu when the Camera Menu is active
 007C 790000            clr _TitlerState
 007F                   .dbline 383
 007F           ;                       UpdateMenu = 1;            // Forces an update in InspectionCam_Main
 007F 180B010174        movb #1,_UpdateMenu
 0084                   .dbline 384
 0084           ;               }
 0084 2013              bra L19
 0086           L18:
 0086                   .dbline 385
 0086           ;               else if (!CamMenu)
 0086 F60000            ldab _CamMenu
 0089 C100              cmpb #0
 008B 260C              bne L22
 008D                   .dbline 386
 008D           ;               {
 008D                   .dbline 387
 008D           ;                   if(!TitlerState)
 008D F60000            ldab _TitlerState
 0090 C100              cmpb #0
 0092 2605              bne L24
 0094                   .dbline 389
 0094           ;                           //UpdateMenu = 1;      // This Updates the menu when the Camera Menu becomes inactive
 0094           ;                       TitlerState=1;
 0094 180B010000        movb #1,_TitlerState
 0099           L24:
 0099                   .dbline 390
 0099           ;               }
 0099           L22:
 0099           L19:
 0099                   .dbline 391
 0099           ;               PosMenu = 0;
 0099 790000            clr _PosMenu
 009C                   .dbline 393
 009C           ; //            gProcImg[IN_digi_0] |= 0x01;
 009C           ;       }
 009C 182000A8          lbra L14
 00A0           L13:
 00A0                   .dbline 394
 00A0           ;       else if (gProcImg[OUT_digi_1] & 0b01000000 && (VSEL_PORT & CAM_ON))
 00A0 1F00184002        brclr _gProcImg+24,#64,X0
 00A5 2004              bra X1
 00A7 18200070  X0: lbra L26
 00AB           X1:
 00AB 1F00000402        brclr 0,#4,X2
 00B0 2004              bra X3
 00B2 18200065  X2: lbra L26
 00B6           X3:
 00B6                   .dbline 395
 00B6           ;       {
 00B6                   .dbline 396
 00B6           ;               if (!PosMenu)
 00B6 F60000            ldab _PosMenu
 00B9 C100              cmpb #0
 00BB 2603              bne L29
 00BD                   .dbline 397
 00BD           ;                   Popup_Menu_Act = 0;
 00BD 790000            clr _Popup_Menu_Act
 00C0           L29:
 00C0                   .dbline 398
 00C0           ;               if (CamMenu)
 00C0 F60000            ldab _CamMenu
 00C3 C100              cmpb #0
 00C5 270C              beq L31
 00C7                   .dbline 399
 00C7           ;                   Add_Cam_command("\x81\x01\x70\x01\x27\xFF",0);
 00C7 CD0000            ldy #0
 00CA 6D80              sty 0,S
 00CC CC0833            ldd #L33
 00CF 4A000000          xcall $_Add_Cam_command
 00D3           L31:
 00D3                   .dbline 400
 00D3           ;               Cam_Menu_Funct();
 00D3 4A000000          xcall $_Cam_Menu_Funct
 00D7                   .dbline 401
 00D7           ;               if (!PosMenu)
 00D7 F60000            ldab _PosMenu
 00DA C100              cmpb #0
 00DC 261B              bne L34
 00DE                   .dbline 402
 00DE           ;               {
 00DE                   .dbline 403
 00DE           ;                   TitlerState=0;                // This updates the menu with the "Position Active" text
 00DE 790000            clr _TitlerState
 00E1                   .dbline 404
 00E1           ;                       UpdateMenu = 1;
 00E1 180B010174        movb #1,_UpdateMenu
 00E6                   .dbline 405
 00E6           ;                       strncpy(&Line[0][0]," POSITION ACTIVE    ",20);
 00E6 CD0014            ldy #20
 00E9 6D82              sty 2,S
 00EB CD081E            ldy #L36
 00EE 6D80              sty 0,S
 00F0 CC010B            ldd #_Line
 00F3 4A000000          xcall $_strncpy
 00F7                   .dbline 406
 00F7           ;               }
 00F7 2018              bra L35
 00F9           L34:
 00F9                   .dbline 407
 00F9           ;               else if (PosMenu)
 00F9 F60000            ldab _PosMenu
 00FC C100              cmpb #0
 00FE 2711              beq L37
 0100                   .dbline 408
 0100           ;               {
 0100                   .dbline 409
 0100           ;                   if(!TitlerState)
 0100 F60000            ldab _TitlerState
 0103 C100              cmpb #0
 0105 2605              bne L39
 0107                   .dbline 410
 0107           ;                           UpdateMenu = 1;
 0107 180B010174        movb #1,_UpdateMenu
 010C           L39:
 010C                   .dbline 411
 010C           ;                       TitlerState=1;
 010C 180B010000        movb #1,_TitlerState
 0111                   .dbline 412
 0111           ;               }
 0111           L37:
 0111           L35:
 0111                   .dbline 413
 0111           ;               PosMenu = 1;
 0111 180B010000        movb #1,_PosMenu
 0116                   .dbline 414
 0116           ;               CamMenu = 0;
 0116 790000            clr _CamMenu
 0119                   .dbline 416
 0119           ; //            gProcImg[IN_digi_0] |= 0x01;
 0119           ;       }
 0119 202D              bra L27
 011B           L26:
 011B                   .dbline 417
 011B           ;       else if (Popup_Menu_Act)
 011B F60000            ldab _Popup_Menu_Act
 011E C100              cmpb #0
 0120 2726              beq L41
 0122                   .dbline 418
 0122           ;       {
 0122                   .dbline 419
 0122           ;           Popup_Menu_Act = 0;
 0122 790000            clr _Popup_Menu_Act
 0125                   .dbline 421
 0125           ; //            Display("Proc:               ");
 0125           ;               CamMenu = 0;
 0125 790000            clr _CamMenu
 0128                   .dbline 422
 0128           ;               PosMenu = 0;
 0128 790000            clr _PosMenu
 012B                   .dbline 423
 012B           ;               TitlerState=0;
 012B 790000            clr _TitlerState
 012E                   .dbline 424
 012E           ;               ClearTitler();
 012E 4A000000          xcall $_ClearTitler
 0132                   .dbline 425
 0132           ;               Add_Cam_command("\x81\x01\x70\x01\x27\xFF",0);
 0132 CD0000            ldy #0
 0135 6D80              sty 0,S
 0137 CC0833            ldd #L33
 013A 4A000000          xcall $_Add_Cam_command
 013E                   .dbline 426
 013E           ;               if(Gen_Flags & GEN_FLAGS_MENU_ACTIVE)
 013E 1F00000805        brclr _Gen_Flags,#8,L43
 0143                   .dbline 427
 0143           ;                   UpdateMenu = 1;
 0143 180B010174        movb #1,_UpdateMenu
 0148           L43:
 0148                   .dbline 429
 0148           ; //            gProcImg[IN_digi_0] &= ~0x01;
 0148           ;       }
 0148           L41:
 0148           L27:
 0148           L14:
 0148                   .dbline 434
 0148           ;               
 0148           ;       
 0148           ;       
 0148           ;       
 0148           ;       if (TC0_RCVD_Data & TeleData_Reset)
 0148 FC0000            ldd _TC0_RCVD_Data
 014B 8402              anda #2
 014D C400              andb #0
 014F 8C0000            cpd #0
 0152 2704              beq L45
 0154                   .dbline 435
 0154           ;           ResetProc();
 0154 4A000000          xcall $_ResetProc
 0158           L45:
 0158                   .dbline 439
 0158           ;               
 0158           ;               
 0158           ;       //if the 2-Wire system is working, start updating the 2-Wire Stack
 0158           ;       if (!BootUpTimer && !(Gen_Flags & Gen_Flags_No2Wire))
 0158 FD0000            ldy _BootUpTimer
 015B 8D0000            cpy #0
 015E 182605E1          lbne L47
 0162 F60000            ldab _Gen_Flags
 0165 C520              bitb #32
 0167 182605D8          lbne L47
 016B                   .dbline 440
 016B           ;       {
 016B                   .dbline 441
 016B           ;           MCO_ProcessStack();// Operate on CANopen protocol stack
 016B 4A000000          xcall $_MCO_ProcessStack
 016F                   .dbline 443
 016F           ;       
 016F           ;               menu_function();
 016F 4A000000          xcall $_menu_function
 0173                   .dbline 445
 0173           ;               
 0173           ;               ++ran_num;
 0173 FD0001            ldy _ran_num
 0176 02                iny
 0177 7D0001            sty _ran_num
 017A                   .dbline 447
 017A           ;               
 017A           ;               sprintf ( disp_add.str_value, "%04X", cam_add );    //for status diplay of camera address
 017A FD0109            ldy _cam_add
 017D 6D84              sty 4,S
 017F CD0819            ldy #L50
 0182 6D82              sty 2,S
 0184 CD009F            ldy #_disp_add+18
 0187 6D80              sty 0,S
 0189 4A000000          xcall $_sprintf
 018D                   .dbline 449
 018D           ;               
 018D           ;         if(MenuStackc[StackPointer].Index[3] == 2)
 018D F60177            ldab _StackPointer
 0190 87                clra
 0191 B746              tfr D,Y
 0193 CC0006            ldd #6
 0196 13                emul
 0197 B746              tfr D,Y
 0199 CE015C            ldx #_MenuStackc+3
 019C B764              tfr Y,D
 019E 6E86              stx 6,S
 01A0 E386              addd 6,S
 01A2 B746              tfr D,Y
 01A4 E640              ldab 0,Y
 01A6 C102              cmpb #2
 01A8 2628              bne L51
 01AA                   .dbline 450
 01AA           ;         {
 01AA                   .dbline 451
 01AA           ;             if(VideoRelayDiag.value == 1)
 01AA 1801AE0117        movw _VideoRelayDiag+2,2,-S
 01AF 1801AE0115        movw _VideoRelayDiag,2,-S
 01B4 1800AE0000        movw #0,2,-S
 01B9 1800AE3F80        movw #16256,2,-S
 01BE 160000            jsr cmpf4
 01C1 2606              bne L54
 01C3                   .dbline 452
 01C3           ;             {    
 01C3                   .dbline 453
 01C3           ;                 PORTA &= ~CAM_ON;       //turn camera off
 01C3 1D000004          bclr 0,#4
 01C7                   .dbline 454
 01C7           ;             }
 01C7 2004              bra L55
 01C9           L54:
 01C9                   .dbline 456
 01C9           ;             else
 01C9           ;             {
 01C9                   .dbline 457
 01C9           ;                 PORTA |= CAM_ON;       //turn camera on
 01C9 1C000004          bset 0,#4
 01CD                   .dbline 458
 01CD           ;             }
 01CD           L55:
 01CD                   .dbline 459
 01CD           ;             DiagMenuActive = true;
 01CD 180B010003        movb #1,_DiagMenuActive
 01D2                   .dbline 460
 01D2           ;         }
 01D2           L51:
 01D2                   .dbline 461
 01D2           ;         if(DiagMenuActive && VideoRelayDiag.value == 1 && MenuStackc[StackPointer].Index[3] != 2 )
 01D2 F60003            ldab _DiagMenuActive
 01D5 C100              cmpb #0
 01D7 2749              beq L56
 01D9 1801AE0117        movw _VideoRelayDiag+2,2,-S
 01DE 1801AE0115        movw _VideoRelayDiag,2,-S
 01E3 1800AE0000        movw #0,2,-S
 01E8 1800AE3F80        movw #16256,2,-S
 01ED 160000            jsr cmpf4
 01F0 2630              bne L56
 01F2 F60177            ldab _StackPointer
 01F5 87                clra
 01F6 B746              tfr D,Y
 01F8 CC0006            ldd #6
 01FB 13                emul
 01FC B746              tfr D,Y
 01FE CE015C            ldx #_MenuStackc+3
 0201 B764              tfr Y,D
 0203 6E86              stx 6,S
 0205 E386              addd 6,S
 0207 B746              tfr D,Y
 0209 E640              ldab 0,Y
 020B C102              cmpb #2
 020D 2713              beq L56
 020F                   .dbline 462
 020F           ;         {
 020F                   .dbline 463
 020F           ;             VideoRelayDiag.value = 2;
 020F 180340000115      movw #16384,_VideoRelayDiag
 0215 180300000117      movw #0,_VideoRelayDiag+2
 021B                   .dbline 464
 021B           ;             PORTA |= CAM_ON;       //turn camera on
 021B 1C000004          bset 0,#4
 021F                   .dbline 465
 021F           ;             DiagMenuActive = false;
 021F 790003            clr _DiagMenuActive
 0222                   .dbline 467
 0222           ; 
 0222           ;         }
 0222           L56:
 0222                   .dbline 470
 0222           ;         
 0222           ;         //LED Level setting change
 0222           ;         if(MenuStackc[StackPointer].Index[3] == 1 && strcmp(LEDLevel.str_value, lastResSetting))
 0222 F60177            ldab _StackPointer
 0225 87                clra
 0226 B746              tfr D,Y
 0228 CC0006            ldd #6
 022B 13                emul
 022C B746              tfr D,Y
 022E CE015C            ldx #_MenuStackc+3
 0231 B764              tfr Y,D
 0233 6E86              stx 6,S
 0235 E386              addd 6,S
 0237 B746              tfr D,Y
 0239 E640              ldab 0,Y
 023B C101              cmpb #1
 023D 2622              bne L59
 023F CD00FF            ldy #_lastResSetting
 0242 6D80              sty 0,S
 0244 CC00E3            ldd #_LEDLevel+18
 0247 4A000000          xcall $_strcmp
 024B 8C0000            cpd #0
 024E 2711              beq L59
 0250                   .dbline 471
 0250           ;         {
 0250                   .dbline 472
 0250           ;             set_LED_Level(LEDLevel.value);
 0250 1801AE00D3        movw _LEDLevel+2,2,-S
 0255 1801AE00D1        movw _LEDLevel,2,-S
 025A 160000            jsr fp2int
 025D 4A099C9C          xcall $_set_LED_Level
 0261                   .dbline 473
 0261           ;         }
 0261           L59:
 0261                   .dbline 475
 0261           ; 
 0261           ;         strcpy(lastResSetting, LEDLevel.str_value);
 0261 CD00E3            ldy #_LEDLevel+18
 0264 6D80              sty 0,S
 0266 CC00FF            ldd #_lastResSetting
 0269 160000            jsr _strcpy
 026C                   .dbline 478
 026C           ; 
 026C           ;               //MicOnOff setting changed
 026C           ;               if(MenuStackc[StackPointer].Index[3] == 1 && strcmp(MicOnOff.str_value, lastMicSetting))
 026C F60177            ldab _StackPointer
 026F 87                clra
 0270 B746              tfr D,Y
 0272 CC0006            ldd #6
 0275 13                emul
 0276 B746              tfr D,Y
 0278 CE015C            ldx #_MenuStackc+3
 027B B764              tfr Y,D
 027D 6E86              stx 6,S
 027F E386              addd 6,S
 0281 B746              tfr D,Y
 0283 E640              ldab 0,Y
 0285 C101              cmpb #1
 0287 2616              bne L64
 0289 CD0104            ldy #_lastMicSetting
 028C 6D80              sty 0,S
 028E CC00C1            ldd #_MicOnOff+18
 0291 4A000000          xcall $_strcmp
 0295 8C0000            cpd #0
 0298 2705              beq L64
 029A                   .dbline 479
 029A           ;               {       
 029A                   .dbline 480
 029A           ;                       micChanged = true;
 029A 180B010004        movb #1,_micChanged
 029F                   .dbline 481
 029F           ;               }       
 029F           L64:
 029F                   .dbline 483
 029F           ;               
 029F           ;               strcpy(lastMicSetting, MicOnOff.str_value);
 029F CD00C1            ldy #_MicOnOff+18
 02A2 6D80              sty 0,S
 02A4 CC0104            ldd #_lastMicSetting
 02A7 160000            jsr _strcpy
 02AA                   .dbline 485
 02AA           ;               
 02AA           ;               if (micChanged && (TC0_RCVD_Data & TeleData_Select))
 02AA F60004            ldab _micChanged
 02AD C100              cmpb #0
 02AF 2738              beq L69
 02B1 FC0000            ldd _TC0_RCVD_Data
 02B4 8400              anda #0
 02B6 C404              andb #4
 02B8 8C0000            cpd #0
 02BB 272C              beq L69
 02BD                   .dbline 486
 02BD           ;       {
 02BD                   .dbline 487
 02BD           ;                   if (MicOnOff.value == 1)
 02BD 1801AE00B1        movw _MicOnOff+2,2,-S
 02C2 1801AE00AF        movw _MicOnOff,2,-S
 02C7 1800AE0000        movw #0,2,-S
 02CC 1800AE3F80        movw #16256,2,-S
 02D1 160000            jsr cmpf4
 02D4 2609              bne L71
 02D6                   .dbline 488
 02D6           ;                           mic_setEnabled(false);
 02D6 CC0000            ldd #0
 02D9 4A098888          xcall $_mic_setEnabled
 02DD 2007              bra L72
 02DF           L71:
 02DF                   .dbline 490
 02DF           ;                       else
 02DF           ;                           mic_setEnabled(true);
 02DF CC0001            ldd #1
 02E2 4A098888          xcall $_mic_setEnabled
 02E6           L72:
 02E6                   .dbline 492
 02E6           ;                               
 02E6           ;                       micChanged = false; 
 02E6 790004            clr _micChanged
 02E9                   .dbline 493
 02E9           ;               }
 02E9           L69:
 02E9                   .dbline 496
 02E9           ;       
 02E9           ;         //Camera message received:
 02E9           ;         if(Gen_Flags & Gen_Flags_SIN0Rcvd)
 02E9 1F0000020C        brclr _Gen_Flags,#2,L73
 02EE                   .dbline 497
 02EE           ;         {
 02EE                   .dbline 501
 02EE           ; 
 02EE           ;     //       SonyCam_HandleInput(Gen_Flags_SIN1Rcvd,Cam_Message);
 02EE           ;              //sendPackets(SIN0Buf,SIN0Bufptr);
 02EE           ;              Cam_HandleInput(Gen_Flags_SIN0Rcvd,Cam_Message);
 02EE CD015C            ldy #_Cam_Message
 02F1 6D80              sty 0,S
 02F3 CC0002            ldd #2
 02F6 4A000000          xcall $_Cam_HandleInput
 02FA                   .dbline 503
 02FA           ;     //       if(Cam_Message[0]!=0) UpdateCam();
 02FA           ;         }
 02FA           L73:
 02FA                   .dbline 504
 02FA           ;         if(Gen_Flags & Gen_Flags_SIN0Full)
 02FA 1F0000800C        brclr _Gen_Flags,#128,L75
 02FF                   .dbline 505
 02FF           ;         {
 02FF                   .dbline 507
 02FF           ;     //       SonyCam_HandleInput(Gen_Flags_SIN1Full,Cam_Message);
 02FF           ;              Cam_HandleInput(Gen_Flags_SIN0Full,Cam_Message);
 02FF CD015C            ldy #_Cam_Message
 0302 6D80              sty 0,S
 0304 CC0080            ldd #128
 0307 4A000000          xcall $_Cam_HandleInput
 030B                   .dbline 508
 030B           ;         }
 030B           L75:
 030B                   .dbline 510
 030B           ; 
 030B           ;         if(!Titler_Timer && TitlerState && !(Gen_Flags & GEN_FLAGS_MENU_ACTIVE))
 030B FD0000            ldy _Titler_Timer
 030E 8D0000            cpy #0
 0311 18260212          lbne L77
 0315 F60000            ldab _TitlerState
 0318 C100              cmpb #0
 031A 18270209          lbeq L77
 031E F60000            ldab _Gen_Flags
 0321 C508              bitb #8
 0323 18260200          lbne L77
 0327                   .dbline 511
 0327           ;       {
 0327                   .dbline 512
 0327           ;           Titler_Timer=37;
 0327 180300250000      movw #37,_Titler_Timer
 032D                   .dbline 513
 032D           ;           for(i=1;i<=3;i++)
 032D 1803000101D5      movw #1,_i
 0333 1820009B          lbra L82
 0337           L79:
 0337                   .dbline 514
 0337           ;           {
 0337                   .dbline 515
 0337           ;               for(j=1;j<=19;j++)
 0337 1803000101D3      movw #1,_j
 033D 18200080          lbra L86
 0341           L83:
 0341                   .dbline 516
 0341           ;                   {
 0341                   .dbline 517
 0341           ;                       if(Line_prev[i][j]!=Line[i][j])
 0341 CC0014            ldd #20
 0344 FD01D5            ldy _i
 0347 13                emul
 0348 6C8E              std 14,S
 034A CD010B            ldy #_Line
 034D 6D86              sty 6,S
 034F E386              addd 6,S
 0351 B746              tfr D,Y
 0353 FC01D3            ldd _j
 0356 6D86              sty 6,S
 0358 E386              addd 6,S
 035A 6C8C              std 12,S
 035C EC8E              ldd 14,S
 035E CE0181            ldx #_Line_prev
 0361 6E86              stx 6,S
 0363 E386              addd 6,S
 0365 B746              tfr D,Y
 0367 FC01D3            ldd _j
 036A 6D86              sty 6,S
 036C E386              addd 6,S
 036E B746              tfr D,Y
 0370 E640              ldab 0,Y
 0372 B716              tfr B,Y
 0374 EE8C              ldx 12,S
 0376 B761              tfr Y,B
 0378 E100              cmpb 0,X
 037A 273E              beq L87
 037C                   .dbline 518
 037C           ;                           {
 037C                   .dbline 519
 037C           ;                                   Line_prev[i][j]=Line[i][j];
 037C CC0014            ldd #20
 037F FD01D5            ldy _i
 0382 13                emul
 0383 6C8A              std 10,S
 0385 CD010B            ldy #_Line
 0388 6D86              sty 6,S
 038A E386              addd 6,S
 038C B746              tfr D,Y
 038E FC01D3            ldd _j
 0391 6D86              sty 6,S
 0393 E386              addd 6,S
 0395 B746              tfr D,Y
 0397 E640              ldab 0,Y
 0399 6BF064            stab 100,S
 039C EC8A              ldd 10,S
 039E CE0181            ldx #_Line_prev
 03A1 6E86              stx 6,S
 03A3 E386              addd 6,S
 03A5 B746              tfr D,Y
 03A7 FC01D3            ldd _j
 03AA 6D86              sty 6,S
 03AC E386              addd 6,S
 03AE B746              tfr D,Y
 03B0 E6F064            ldab 100,S
 03B3 6B40              stab 0,Y
 03B5                   .dbline 520
 03B5           ;                                   OSD_changed=1;
 03B5 180B01015B        movb #1,_OSD_changed
 03BA                   .dbline 521
 03BA           ;                           }
 03BA           L87:
 03BA                   .dbline 522
 03BA           ;                       }
 03BA           L84:
 03BA                   .dbline 515
 03BA FD01D3            ldy _j
 03BD 02                iny
 03BE 7D01D3            sty _j
 03C1           L86:
 03C1                   .dbline 515
 03C1 FD01D3            ldy _j
 03C4 8D0013            cpy #19
 03C7 1823FF76          lbls L83
 03CB                   .dbline 523
 03CB           ;               }
 03CB           L80:
 03CB                   .dbline 513
 03CB FD01D5            ldy _i
 03CE 02                iny
 03CF 7D01D5            sty _i
 03D2           L82:
 03D2                   .dbline 513
 03D2 FD01D5            ldy _i
 03D5 8D0003            cpy #3
 03D8 1823FF5B          lbls L79
 03DC                   .dbline 524
 03DC           ;           if(OSD_changed)
 03DC F6015B            ldab _OSD_changed
 03DF C100              cmpb #0
 03E1 18270142          lbeq L89
 03E5                   .dbline 525
 03E5           ;           {
 03E5                   .dbline 527
 03E5           ;                       char Disp_Line[4][21];
 03E5           ;                       OSD_changed=0;
 03E5 79015B            clr _OSD_changed
 03E8                   .dbline 528
 03E8           ;                       Line[0][0]=0;
 03E8 79010B            clr _Line
 03EB                   .dbline 529
 03EB           ;                       for (i=0;i<12;i++)
 03EB 1803000001D5      movw #0,_i
 03F1 2021              bra L94
 03F3           L91:
 03F3                   .dbline 530
 03F3           ;                           strcpy(&Menu[i][0], "                    ");
 03F3 CC0015            ldd #21
 03F6 CD0804            ldy #L95
 03F9 6D80              sty 0,S
 03FB FD01D5            ldy _i
 03FE 13                emul
 03FF B746              tfr D,Y
 0401 CE0001            ldx #_Menu
 0404 B764              tfr Y,D
 0406 6E86              stx 6,S
 0408 E386              addd 6,S
 040A 160000            jsr _strcpy
 040D           L92:
 040D                   .dbline 529
 040D FD01D5            ldy _i
 0410 02                iny
 0411 7D01D5            sty _i
 0414           L94:
 0414                   .dbline 529
 0414 FD01D5            ldy _i
 0417 8D000C            cpy #12
 041A 25D7              blo L91
 041C                   .dbline 531
 041C           ;                       for(i=0;i<=3;i++)
 041C 1803000001D5      movw #0,_i
 0422 182000F7          lbra L99
 0426           L96:
 0426                   .dbline 532
 0426           ;                       {
 0426                   .dbline 533
 0426           ;                           Disp_Line[i][20]=0;
 0426 CC0015            ldd #21
 0429 FD01D5            ldy _i
 042C 13                emul
 042D B746              tfr D,Y
 042F 1AF025            leax 37,S
 0432 B764              tfr Y,D
 0434 6E86              stx 6,S
 0436 E386              addd 6,S
 0438 B746              tfr D,Y
 043A CC0000            ldd #0
 043D 6B40              stab 0,Y
 043F                   .dbline 534
 043F           ;                               for(j=0;j<=19;j++)
 043F 1803000001D3      movw #0,_j
 0445 18200094          lbra L104
 0449           L101:
 0449                   .dbline 535
 0449           ;                               {
 0449                   .dbline 536
 0449           ;                                   if (Line[i][j]==0)
 0449 CC0014            ldd #20
 044C FD01D5            ldy _i
 044F 13                emul
 0450 B746              tfr D,Y
 0452 CE010B            ldx #_Line
 0455 B764              tfr Y,D
 0457 6E86              stx 6,S
 0459 E386              addd 6,S
 045B B746              tfr D,Y
 045D FC01D3            ldd _j
 0460 6D86              sty 6,S
 0462 E386              addd 6,S
 0464 B746              tfr D,Y
 0466 E640              ldab 0,Y
 0468 C100              cmpb #0
 046A 2624              bne L105
 046C                   .dbline 537
 046C           ;                                           Disp_Line[i][j] = ' ';
 046C CC0015            ldd #21
 046F FD01D5            ldy _i
 0472 13                emul
 0473 B746              tfr D,Y
 0475 1AF011            leax 17,S
 0478 B764              tfr Y,D
 047A 6E86              stx 6,S
 047C E386              addd 6,S
 047E B746              tfr D,Y
 0480 FC01D3            ldd _j
 0483 6D86              sty 6,S
 0485 E386              addd 6,S
 0487 B746              tfr D,Y
 0489 CC0020            ldd #32
 048C 6B40              stab 0,Y
 048E 2046              bra L106
 0490           L105:
 0490                   .dbline 539
 0490           ;                                       else
 0490           ;                                               Disp_Line[i][j] = Line[i][j];
 0490 CC0014            ldd #20
 0493 FD01D5            ldy _i
 0496 13                emul
 0497 B746              tfr D,Y
 0499 CE010B            ldx #_Line
 049C B764              tfr Y,D
 049E 6E86              stx 6,S
 04A0 E386              addd 6,S
 04A2 B746              tfr D,Y
 04A4 FC01D3            ldd _j
 04A7 6D86              sty 6,S
 04A9 E386              addd 6,S
 04AB B746              tfr D,Y
 04AD E640              ldab 0,Y
 04AF B714              tfr B,D
 04B1 FD01D5            ldy _i
 04B4 6BF010            stab 16,S
 04B7 CC0015            ldd #21
 04BA 13                emul
 04BB B746              tfr D,Y
 04BD 1AF011            leax 17,S
 04C0 B764              tfr Y,D
 04C2 6E86              stx 6,S
 04C4 E386              addd 6,S
 04C6 B746              tfr D,Y
 04C8 FC01D3            ldd _j
 04CB 6D86              sty 6,S
 04CD E386              addd 6,S
 04CF B746              tfr D,Y
 04D1 E6F010            ldab 16,S
 04D4 6B40              stab 0,Y
 04D6           L106:
 04D6                   .dbline 540
 04D6           ;                               }
 04D6           L102:
 04D6                   .dbline 534
 04D6 FD01D3            ldy _j
 04D9 02                iny
 04DA 7D01D3            sty _j
 04DD           L104:
 04DD                   .dbline 534
 04DD FD01D3            ldy _j
 04E0 8D0013            cpy #19
 04E3 1823FF62          lbls L101
 04E7                   .dbline 541
 04E7           ;                               DisplayMultiline(i+1, (char *)&Disp_Line[i], i/3);
 04E7 CE0003            ldx #3
 04EA FC01D5            ldd _i
 04ED 1810              idiv
 04EF B754              tfr X,D
 04F1 87                clra
 04F2 B746              tfr D,Y
 04F4 CE0015            ldx #21
 04F7 6D82              sty 2,S
 04F9 FD01D5            ldy _i
 04FC B754              tfr X,D
 04FE 13                emul
 04FF B746              tfr D,Y
 0501 1AF011            leax 17,S
 0504 B764              tfr Y,D
 0506 FD01D5            ldy _i
 0509 02                iny
 050A 6E86              stx 6,S
 050C E386              addd 6,S
 050E 6C80              std 0,S
 0510 B764              tfr Y,D
 0512 4A000000          xcall $_DisplayMultiline
 0516                   .dbline 542
 0516           ;                       }                       
 0516           L97:
 0516                   .dbline 531
 0516 FD01D5            ldy _i
 0519 02                iny
 051A 7D01D5            sty _i
 051D           L99:
 051D                   .dbline 531
 051D FD01D5            ldy _i
 0520 8D0003            cpy #3
 0523 1823FEFF          lbls L96
 0527                   .dbline 543
 0527           ;           }
 0527           L89:
 0527                   .dbline 544
 0527           ;       }
 0527           L77:
 0527                   .dbline 546
 0527           ; 
 0527           ;         if ( gProcImg[OUT_digi_4] == (cam_add & 0x00FF) && gProcImg[OUT_digi_5]<< 8 == (cam_add & 0xFF00) )    //compare
 0527 FC0109            ldd _cam_add
 052A 8400              anda #0
 052C C4FF              andb #-1
 052E B746              tfr D,Y
 0530 F6001B            ldab _gProcImg+27
 0533 87                clra
 0534 B745              tfr D,X
 0536 6D86              sty 6,S
 0538 AE86              cpx 6,S
 053A 1826009D          lbne L107
 053E FC0109            ldd _cam_add
 0541 84FF              anda #-1
 0543 C400              andb #0
 0545 B746              tfr D,Y
 0547 C7                clrb
 0548 B6001C            ldaa _gProcImg+28
 054B B745              tfr D,X
 054D 6D86              sty 6,S
 054F AE86              cpx 6,S
 0551 18260086          lbne L107
 0555                   .dbline 547
 0555           ;       {
 0555                   .dbline 549
 0555           ;               char tempstr[18];
 0555           ;                       int i = 0;
 0555 1AF063            leax 99,S
 0558 1800000000        movw #0,0,x
 055D                   .dbline 550
 055D           ;               gProcImg[OUT_digi_4] = gProcImg[OUT_digi_5] = 0;
 055D 79001C            clr _gProcImg+28
 0560 79001B            clr _gProcImg+27
 0563                   .dbline 551
 0563           ;               PORTA |= CAM_ON;       //turn camera on
 0563 1C000004          bset 0,#4
 0567                   .dbline 552
 0567           ;             set_LED_Level(LEDLevel.value);
 0567 1801AE00D3        movw _LEDLevel+2,2,-S
 056C 1801AE00D1        movw _LEDLevel,2,-S
 0571 160000            jsr fp2int
 0574 4A099C9C          xcall $_set_LED_Level
 0578                   .dbline 553
 0578           ;                       if (MicOnOff.value == 2)
 0578 1801AE00B1        movw _MicOnOff+2,2,-S
 057D 1801AE00AF        movw _MicOnOff,2,-S
 0582 1800AE0000        movw #0,2,-S
 0587 1800AE4000        movw #16384,2,-S
 058C 160000            jsr cmpf4
 058F 2607              bne L116
 0591                   .dbline 554
 0591           ;                           mic_setEnabled(true);
 0591 CC0001            ldd #1
 0594 4A098888          xcall $_mic_setEnabled
 0598           L115:
 0598                   .dbline 555
 0598           ;                       while(CamTag.str_value[i++] == 0x20);
 0598           L116:
 0598                   .dbline 555
 0598 19F063            leay 99,S
 059B 18024088          movw 0,y,8,S
 059F ED88              ldy 8,S
 05A1 02                iny
 05A2 6DF063            sty 99,S
 05A5 EC88              ldd 8,S
 05A7 CD007D            ldy #_CamTag+18
 05AA 6D86              sty 6,S
 05AC E386              addd 6,S
 05AE B746              tfr D,Y
 05B0 E640              ldab 0,Y
 05B2 C120              cmpb #32
 05B4 27E2              beq L115
 05B6                   .dbline 556
 05B6           ;               sprintf (tempstr, "Proc:%s", &CamTag.str_value[i-1]); 
 05B6 ECF063            ldd 99,S
 05B9 CD007C            ldy #_CamTag+18-1
 05BC 6D86              sty 6,S
 05BE E386              addd 6,S
 05C0 6C84              std 4,S
 05C2 CD07FC            ldy #L119
 05C5 6D82              sty 2,S
 05C7 19F051            leay 81,S
 05CA 6D80              sty 0,S
 05CC 4A000000          xcall $_sprintf
 05D0                   .dbline 557
 05D0           ;               Display ( tempstr );
 05D0 19F051            leay 81,S
 05D3 B764              tfr Y,D
 05D5 4A000000          xcall $_Display
 05D9                   .dbline 558
 05D9           ;       }
 05D9 2039              bra L108
 05DB           L107:
 05DB                   .dbline 559
 05DB           ;       else if ( gProcImg[OUT_digi_4] || gProcImg[OUT_digi_5] )
 05DB F6001B            ldab _gProcImg+27
 05DE C100              cmpb #0
 05E0 2607              bne L126
 05E2 F6001C            ldab _gProcImg+28
 05E5 C100              cmpb #0
 05E7 272B              beq L122
 05E9           L126:
 05E9                   .dbline 560
 05E9           ;         {
 05E9                   .dbline 561
 05E9           ;               PORTA &= ~CAM_ON;       //turn camera off
 05E9 1D000004          bclr 0,#4
 05ED                   .dbline 562
 05ED           ;                       mic_setEnabled(false);
 05ED CC0000            ldd #0
 05F0 4A098888          xcall $_mic_setEnabled
 05F4                   .dbline 563
 05F4           ;             if(1 == LightAlwaysOnOnOff.value){
 05F4 1801AE00F5        movw _LightAlwaysOnOnOff+2,2,-S
 05F9 1801AE00F3        movw _LightAlwaysOnOnOff,2,-S
 05FE 1800AE0000        movw #0,2,-S
 0603 1800AE3F80        movw #16256,2,-S
 0608 160000            jsr cmpf4
 060B 2607              bne L127
 060D                   .dbline 563
 060D                   .dbline 564
 060D           ;                 set_LED_Level(0);
 060D CC0000            ldd #0
 0610 4A099C9C          xcall $_set_LED_Level
 0614                   .dbline 565
 0614           ;             }
 0614           L127:
 0614                   .dbline 566
 0614           ;         }
 0614           L122:
 0614           L108:
 0614                   .dbline 568
 0614           ;     
 0614           ;         if ( gProcImg[OUT_digi_6] & 0x01 )   //command to generate random address
 0614 1F001D0126        brclr _gProcImg+29,#1,L129
 0619                   .dbline 569
 0619           ;         {
 0619                   .dbline 570
 0619           ;             srand(ran_num);               //seed the random number      
 0619 FC0001            ldd _ran_num
 061C 4A000000          xcall $_srand
 0620                   .dbline 571
 0620           ;             cam_add = rand();
 0620 4A000000          xcall $_rand
 0624 B745              tfr D,X
 0626 7E0109            stx _cam_add
 0629                   .dbline 572
 0629           ;             gProcImg[OUT_digi_6] = 0x00;
 0629 79001D            clr _gProcImg+29
 062C                   .dbline 573
 062C           ;             cam_addx[1] = cam_add>>8;
 062C FC0109            ldd _cam_add
 062F B701              tfr A,B
 0631 87                clra
 0632 7B00FE            stab _cam_addx+1
 0635                   .dbline 574
 0635           ;             cam_addx[0] = cam_add;     
 0635 F6010A            ldab _cam_add+1
 0638 7B00FD            stab _cam_addx
 063B                   .dbline 575
 063B           ;             Save_Camera_Add();
 063B 4A096E6E          xcall $_Save_Camera_Add
 063F                   .dbline 576
 063F           ;         }
 063F           L129:
 063F                   .dbline 579
 063F           ;     
 063F           ;         //command to transmit address + tag
 063F           ;         if ( gProcImg[OUT_digi_6] & 0x02)   //called by scan_camera in 2-wire
 063F 1F001D0202        brclr _gProcImg+29,#2,X4
 0644 2004              bra X5
 0646 182000A7  X4: lbra L134
 064A           X5:
 064A                   .dbline 580
 064A           ;         {
 064A                   .dbline 581
 064A           ;             gProcImg[OUT_digi_6] = 0x00;             
 064A 79001D            clr _gProcImg+29
 064D                   .dbline 584
 064D           ;     
 064D           ;             //make delay proportional to camera address so cameras report in ascending order
 064D           ;             Timer1 = cam_add/100;             
 064D CE0064            ldx #100
 0650 FC0109            ldd _cam_add
 0653 1810              idiv
 0655 7E0000            stx _Timer1
 0658           L138:
 0658                   .dbline 585
 0658           ;             while(Timer1);
 0658           L139:
 0658                   .dbline 585
 0658 FD0000            ldy _Timer1
 065B 8D0000            cpy #0
 065E 26F8              bne L138
 0660                   .dbline 586
 0660           ;                       gTxMsg.ID = 0x500;
 0660 180305000175      movw #1280,_gTxMsg
 0666                   .dbline 587
 0666           ;             gTxMsg.LEN = 8;   
 0666 180B080177        movb #8,_gTxMsg+2
 066B                   .dbline 589
 066B           ;                       
 066B           ;                       gTxMsg.BUF[0] = 0x18;           //used to signal camera tag for VID-018
 066B 180B180179        movb #24,_gTxMsg+4
 0670                   .dbline 590
 0670           ;                       gTxMsg.BUF[1] = cam_add;
 0670 F6010A            ldab _cam_add+1
 0673 7B017A            stab _gTxMsg+4+1
 0676                   .dbline 591
 0676           ;             gTxMsg.BUF[2] = cam_add >> 8; 
 0676 FC0109            ldd _cam_add
 0679 B701              tfr A,B
 067B 87                clra
 067C 7B017B            stab _gTxMsg+4+2
 067F                   .dbline 592
 067F           ;                       gTxMsg.BUF[3] = CamTag.str_value[0];
 067F 180C007D017C      movb _CamTag+18,_gTxMsg+4+3
 0685                   .dbline 593
 0685           ;                       gTxMsg.BUF[4] = CamTag.str_value[1];
 0685 180C007E017D      movb _CamTag+18+1,_gTxMsg+4+4
 068B                   .dbline 594
 068B           ;                       gTxMsg.BUF[5] = CamTag.str_value[2];
 068B 180C007F017E      movb _CamTag+18+2,_gTxMsg+4+5
 0691                   .dbline 595
 0691           ;                       gTxMsg.BUF[6] = CamTag.str_value[3];
 0691 180C0080017F      movb _CamTag+18+3,_gTxMsg+4+6
 0697                   .dbline 596
 0697           ;                       gTxMsg.BUF[7] = CamTag.str_value[4];
 0697 180C00810180      movb _CamTag+18+4,_gTxMsg+4+7
 069D                   .dbline 598
 069D           ;                       
 069D           ;                       if (!MCOHW_PushMessage(&gTxMsg))
 069D CC0175            ldd #_gTxMsg
 06A0 4A000000          xcall $_MCOHW_PushMessage
 06A4 87                clra
 06A5 C100              cmpb #0
 06A7 2607              bne L166
 06A9                   .dbline 599
 06A9           ;             {
 06A9                   .dbline 601
 06A9           ;                 // failed to transmit
 06A9           ;                 MCOUSER_FatalError(0x8801);
 06A9 CC8801            ldd #34817
 06AC 4A000000          xcall $_MCOUSER_FatalError
 06B0                   .dbline 602
 06B0           ;             }
 06B0           L166:
 06B0                   .dbline 604
 06B0           ;                       
 06B0           ;                       gTxMsg.BUF[0] = 0x18;
 06B0 180B180179        movb #24,_gTxMsg+4
 06B5                   .dbline 605
 06B5           ;                       gTxMsg.BUF[1] = CamTag.str_value[5];
 06B5 180C0082017A      movb _CamTag+18+5,_gTxMsg+4+1
 06BB                   .dbline 606
 06BB           ;                       gTxMsg.BUF[2] = CamTag.str_value[6];
 06BB 180C0083017B      movb _CamTag+18+6,_gTxMsg+4+2
 06C1                   .dbline 607
 06C1           ;                       gTxMsg.BUF[3] = CamTag.str_value[7];
 06C1 180C0084017C      movb _CamTag+18+7,_gTxMsg+4+3
 06C7                   .dbline 608
 06C7           ;                       gTxMsg.BUF[4] = CamTag.str_value[8];
 06C7 180C0085017D      movb _CamTag+18+8,_gTxMsg+4+4
 06CD                   .dbline 609
 06CD           ;                       gTxMsg.BUF[5] = CamTag.str_value[9];
 06CD 180C0086017E      movb _CamTag+18+9,_gTxMsg+4+5
 06D3                   .dbline 610
 06D3           ;                       gTxMsg.BUF[6] = CamTag.str_value[10];
 06D3 180C0087017F      movb _CamTag+18+10,_gTxMsg+4+6
 06D9                   .dbline 611
 06D9           ;                       gTxMsg.BUF[7] = 0x03;
 06D9 180B030180        movb #3,_gTxMsg+4+7
 06DE                   .dbline 614
 06DE           ;                       
 06DE           ;                       
 06DE           ;                       if (!MCOHW_PushMessage(&gTxMsg))
 06DE CC0175            ldd #_gTxMsg
 06E1 4A000000          xcall $_MCOHW_PushMessage
 06E5 87                clra
 06E6 C100              cmpb #0
 06E8 2607              bne L195
 06EA                   .dbline 615
 06EA           ;             {
 06EA                   .dbline 617
 06EA           ;                 // failed to transmit
 06EA           ;                 MCOUSER_FatalError(0x8801);
 06EA CC8801            ldd #34817
 06ED 4A000000          xcall $_MCOUSER_FatalError
 06F1                   .dbline 618
 06F1           ;             }
 06F1           L195:
 06F1                   .dbline 619
 06F1           ;         }
 06F1           L134:
 06F1                   .dbline 621
 06F1           ;     
 06F1           ;         if ( (gProcImg[OUT_digi_6] & 0x04) &&              //command to store address 
 06F1 1F001D044D        brclr _gProcImg+29,#4,L197
 06F6 FC0109            ldd _cam_add
 06F9 8400              anda #0
 06FB C4FF              andb #-1
 06FD B746              tfr D,Y
 06FF F6001E            ldab _gProcImg+30
 0702 87                clra
 0703 B745              tfr D,X
 0705 6D86              sty 6,S
 0707 AE86              cpx 6,S
 0709 2638              bne L197
 070B FC0109            ldd _cam_add
 070E 84FF              anda #-1
 0710 C400              andb #0
 0712 B746              tfr D,Y
 0714 C7                clrb
 0715 B6001F            ldaa _gProcImg+31
 0718 B745              tfr D,X
 071A 6D86              sty 6,S
 071C AE86              cpx 6,S
 071E 2623              bne L197
 0720                   .dbline 624
 0720           ;                 (gProcImg[OUT_digi_7] == (cam_add & 0x00FF)) &&         //lsb - old address
 0720           ;                     ( (gProcImg[OUT_digi_8]<< 8) ==  (cam_add & 0xFF00)) ) //msb - old address
 0720           ;         {   //change to new address
 0720                   .dbline 625
 0720           ;             gProcImg[OUT_digi_6] = 0x00;             
 0720 79001D            clr _gProcImg+29
 0723                   .dbline 626
 0723           ;             cam_add = gProcImg[OUT_digi_9] + (gProcImg[OUT_digi_10]<<8);
 0723 F60021            ldab _gProcImg+33
 0726 B714              tfr B,D
 0728 B710              tfr B,A
 072A F60020            ldab _gProcImg+32
 072D 7C0109            std _cam_add
 0730                   .dbline 628
 0730           ;             //send new address            
 0730           ;             cam_addx[0] = cam_add;     
 0730 F6010A            ldab _cam_add+1
 0733 7B00FD            stab _cam_addx
 0736                   .dbline 629
 0736           ;             cam_addx[1] = cam_add>>8;
 0736 FC0109            ldd _cam_add
 0739 B701              tfr A,B
 073B 87                clra
 073C 7B00FE            stab _cam_addx+1
 073F                   .dbline 630
 073F           ;             Save_Camera_Add();
 073F 4A096E6E          xcall $_Save_Camera_Add
 0743                   .dbline 631
 0743           ;         }
 0743           L197:
 0743                   .dbline 633
 0743           ;         
 0743           ;       }   
 0743           L47:
 0743                   .dbline -2
 0743           L6:
 0743                   .dbline 0 ; func end
 0743 1BF065            leas 101,S
 0746 0A                rtc
 0747                   .dbsym l tempstr 81 A[18:18]c
 0747                   .dbsym l i 99 I
 0747                   .dbsym l Disp_Line 17 A[84:4:21]c
 0747                   .dbend
 0747                   .dbfunc e ATDGetLevel _ATDGetLevel fD
 0747           ;        ATD_Num -> 1,SP
 0747           $_ATDGetLevel::
 0747 3B                pshd
 0748                   .dbline -1
 0748                   .dbline 639
 0748           ; 
 0748           ; }
 0748           ; 
 0748           ; 
 0748           ; float ATDGetLevel ( char ATD_Num )
 0748           ; {   
 0748                   .dbline 640
 0748           ;       ATD0CTL5=ATD0CTL5_Init | ATD_Num;
 0748 E681              ldab 1,S
 074A CA80              orab #128
 074C 7B0085            stab 0x85
 074F           L207:
 074F                   .dbline 641
 074F           ;     while (!(ATD0STAT0 & 0x80));
 074F           L208:
 074F                   .dbline 641
 074F 1F008680FB        brclr 0x86,#128,L207
 0754                   .dbline 643
 0754           ; 
 0754           ;     return (ATD0DR0+ATD0DR1+ATD0DR2+ATD0DR3)/4;
 0754 FC0090            ldd 0x90
 0757 F30092            addd 0x92
 075A F30094            addd 0x94
 075D F30096            addd 0x96
 0760 49                lsrd
 0761 49                lsrd
 0762 160000            jsr uint2fp
 0765                   .dbline -2
 0765           L206:
 0765                   .dbline 0 ; func end
 0765 CC0002            ldd #2
 0768 060000            jmp lret_paged
 076B                   .dbsym l ATD_Num 1 c
 076B                   .dbend
 076B                   .dbfunc e SendSDO _SendSDO fV
 076B           ;              i -> 2,SP
 076B           ;            cmd -> 3,SP
 076B           ;         nBytes -> 18,SP
 076B           ;          Value -> 13,SP
 076B           ;       SubIndex -> 12,SP
 076B           ;          Index -> 9,SP
 076B           ;         nodeid -> 4,SP
 076B           $_SendSDO::
 076B 3B                pshd
 076C 1B9C              leas -4,S
 076E                   .dbline -1
 076E                   .dbline 649
 076E           ;     
 076E           ; }
 076E           ; 
 076E           ; 
 076E           ; void SendSDO (unsigned int nodeid, unsigned int Index, unsigned char SubIndex, long Value, unsigned char nBytes)
 076E           ; {
 076E                   .dbline 650
 076E           ;     unsigned char cmd = 0x23, i;
 076E 18088323          movb #35,3,S
 0772                   .dbline 652
 0772           ;       
 0772           ;       cmd = cmd | ((4-nBytes)<<2);
 0772 E6F012            ldab 18,S
 0775 87                clra
 0776 B746              tfr D,Y
 0778 CC0004            ldd #4
 077B 6D80              sty 0,S
 077D A380              subd 0,S
 077F 59                lsld
 0780 59                lsld
 0781 B746              tfr D,Y
 0783 E683              ldab 3,S
 0785 87                clra
 0786 6D80              sty 0,S
 0788 AA80              ora 0,S
 078A EA81              orb 1,S
 078C 6B83              stab 3,S
 078E                   .dbline 655
 078E           ;       
 078E           ; 
 078E           ;     gTxMsg.ID = nodeid;
 078E 1805840175        movw 4,S,_gTxMsg
 0793                   .dbline 656
 0793           ;     gTxMsg.LEN = 8;
 0793 180B080177        movb #8,_gTxMsg+2
 0798                   .dbline 657
 0798           ;     gTxMsg.BUF[0] = cmd;
 0798 180D830179        movb 3,S,_gTxMsg+4
 079D                   .dbline 658
 079D           ;     gTxMsg.BUF[1] = Index & 0xff;
 079D EC89              ldd 9,S
 079F 8400              anda #0
 07A1 C4FF              andb #-1
 07A3 7B017A            stab _gTxMsg+4+1
 07A6                   .dbline 659
 07A6           ;     gTxMsg.BUF[2] = Index>>8 & 0xff;
 07A6 EC89              ldd 9,S
 07A8 B701              tfr A,B
 07AA 87                clra
 07AB 8400              anda #0
 07AD C4FF              andb #-1
 07AF 7B017B            stab _gTxMsg+4+2
 07B2                   .dbline 660
 07B2           ;     gTxMsg.BUF[3] = SubIndex;
 07B2 180D8C017C        movb 12,S,_gTxMsg+4+3
 07B7                   .dbline 661
 07B7           ;     gTxMsg.BUF[4] = Value & 0xff;
 07B7 EC8F              ldd 15,S
 07B9 3B                pshd
 07BA EC8F              ldd 15,S
 07BC 3B                pshd
 07BD 1800AE00FF        movw #255,2,-S
 07C2 1800AE0000        movw #0,2,-S
 07C7 160000            jsr and4
 07CA 1B82              leas 2,S
 07CC 31                puly
 07CD B761              tfr Y,B
 07CF 7B017D            stab _gTxMsg+4+4
 07D2                   .dbline 662
 07D2           ;     gTxMsg.BUF[5] = Value>>8 & 0xff;
 07D2 EC8F              ldd 15,S
 07D4 3B                pshd
 07D5 EC8F              ldd 15,S
 07D7 3B                pshd
 07D8 CC0008            ldd #8
 07DB 160000            jsr asr4
 07DE 1800AE00FF        movw #255,2,-S
 07E3 1800AE0000        movw #0,2,-S
 07E8 160000            jsr and4
 07EB 1B82              leas 2,S
 07ED 31                puly
 07EE B761              tfr Y,B
 07F0 7B017E            stab _gTxMsg+4+5
 07F3                   .dbline 663
 07F3           ;     gTxMsg.BUF[6] = Value>>16 & 0xff;
 07F3 EC8F              ldd 15,S
 07F5 3B                pshd
 07F6 EC8F              ldd 15,S
 07F8 3B                pshd
 07F9 CC0010            ldd #16
 07FC 160000            jsr asr4
 07FF 1800AE00FF        movw #255,2,-S
 0804 1800AE0000        movw #0,2,-S
 0809 160000            jsr and4
 080C 1B82              leas 2,S
 080E 31                puly
 080F B761              tfr Y,B
 0811 7B017F            stab _gTxMsg+4+6
 0814                   .dbline 664
 0814           ;     gTxMsg.BUF[7] = Value>>24 & 0xff;
 0814 EC8F              ldd 15,S
 0816 3B                pshd
 0817 EC8F              ldd 15,S
 0819 3B                pshd
 081A CC0018            ldd #24
 081D 160000            jsr asr4
 0820 1800AE00FF        movw #255,2,-S
 0825 1800AE0000        movw #0,2,-S
 082A 160000            jsr and4
 082D 1B82              leas 2,S
 082F 31                puly
 0830 B761              tfr Y,B
 0832 7B0180            stab _gTxMsg+4+7
 0835                   .dbline 665
 0835           ;     if (!MCOHW_PushMessage(&gTxMsg))
 0835 CC0175            ldd #_gTxMsg
 0838 4A000000          xcall $_MCOHW_PushMessage
 083C 87                clra
 083D C100              cmpb #0
 083F 2607              bne L227
 0841                   .dbline 666
 0841           ;     {
 0841                   .dbline 668
 0841           ;         // failed to transmit
 0841           ;         MCOUSER_FatalError(0x8801);
 0841 CC8801            ldd #34817
 0844 4A000000          xcall $_MCOUSER_FatalError
 0848                   .dbline 669
 0848           ;     }
 0848           L227:
 0848                   .dbline 670
 0848           ;       i = MCO_ProcessStack();
 0848 4A000000          xcall $_MCO_ProcessStack
 084C 6B82              stab 2,S
 084E                   .dbline -2
 084E           L210:
 084E                   .dbline 0 ; func end
 084E 1B86              leas 6,S
 0850 0A                rtc
 0851                   .dbsym l i 2 c
 0851                   .dbsym l cmd 3 c
 0851                   .dbsym l nBytes 18 c
 0851                   .dbsym l Value 13 L
 0851                   .dbsym l SubIndex 12 c
 0851                   .dbsym l Index 9 i
 0851                   .dbsym l nodeid 4 i
 0851                   .dbend
 0851                   .dbfunc e SendTPDO _SendTPDO fV
 0851           ;           buf7 -> 22,SP
 0851           ;           buf6 -> 20,SP
 0851           ;           buf5 -> 18,SP
 0851           ;           buf4 -> 16,SP
 0851           ;           buf3 -> 14,SP
 0851           ;           buf2 -> 12,SP
 0851           ;           buf1 -> 10,SP
 0851           ;           buf0 -> 8,SP
 0851           ;            len -> 6,SP
 0851           ;         nodeid -> 0,SP
 0851           $_SendTPDO::
 0851 3B                pshd
 0852                   .dbline -1
 0852                   .dbline 674
 0852           ; }
 0852           ; 
 0852           ; void SendTPDO (unsigned int nodeid, char len, char buf0, char buf1, char buf2, char buf3, char buf4, char buf5, char buf6, char buf7)
 0852           ; {
 0852                   .dbline 676
 0852           ; 
 0852           ;     gTxMsg.ID = nodeid;
 0852 1805800175        movw 0,S,_gTxMsg
 0857                   .dbline 677
 0857           ;     gTxMsg.LEN = len;
 0857 180D860177        movb 6,S,_gTxMsg+2
 085C                   .dbline 678
 085C           ;     gTxMsg.BUF[0] = buf0;
 085C 180D880179        movb 8,S,_gTxMsg+4
 0861                   .dbline 679
 0861           ;     gTxMsg.BUF[1] = buf1;
 0861 180D8A017A        movb 10,S,_gTxMsg+4+1
 0866                   .dbline 680
 0866           ;     gTxMsg.BUF[2] = buf2;
 0866 180D8C017B        movb 12,S,_gTxMsg+4+2
 086B                   .dbline 681
 086B           ;     gTxMsg.BUF[3] = buf3;
 086B 180D8E017C        movb 14,S,_gTxMsg+4+3
 0870                   .dbline 682
 0870           ;     gTxMsg.BUF[4] = buf4;
 0870 1AF010            leax 16,S
 0873 180D00017D        movb 0,x,_gTxMsg+4+4
 0878                   .dbline 683
 0878           ;     gTxMsg.BUF[5] = buf5;
 0878 1AF012            leax 18,S
 087B 180D00017E        movb 0,x,_gTxMsg+4+5
 0880                   .dbline 684
 0880           ;     gTxMsg.BUF[6] = buf6;
 0880 1AF014            leax 20,S
 0883 180D00017F        movb 0,x,_gTxMsg+4+6
 0888                   .dbline 685
 0888           ;     gTxMsg.BUF[7] = buf7;
 0888 1AF016            leax 22,S
 088B 180D000180        movb 0,x,_gTxMsg+4+7
 0890                   .dbline 686
 0890           ;     if (!MCOHW_PushMessage(&gTxMsg))
 0890 CC0175            ldd #_gTxMsg
 0893 4A000000          xcall $_MCOHW_PushMessage
 0897 87                clra
 0898 C100              cmpb #0
 089A 2607              bne L246
 089C                   .dbline 687
 089C           ;     {
 089C                   .dbline 689
 089C           ;         // failed to transmit
 089C           ;         MCOUSER_FatalError(0x8801);
 089C CC8801            ldd #34817
 089F 4A000000          xcall $_MCOUSER_FatalError
 08A3                   .dbline 690
 08A3           ;     }
 08A3           L246:
 08A3                   .dbline 691
 08A3           ;       MCO_ProcessStack();
 08A3 4A000000          xcall $_MCO_ProcessStack
 08A7                   .dbline -2
 08A7           L229:
 08A7                   .dbline 0 ; func end
 08A7 1B82              leas 2,S
 08A9 0A                rtc
 08AA                   .dbsym l buf7 22 c
 08AA                   .dbsym l buf6 20 c
 08AA                   .dbsym l buf5 18 c
 08AA                   .dbsym l buf4 16 c
 08AA                   .dbsym l buf3 14 c
 08AA                   .dbsym l buf2 12 c
 08AA                   .dbsym l buf1 10 c
 08AA                   .dbsym l buf0 8 c
 08AA                   .dbsym l len 6 c
 08AA                   .dbsym l nodeid 0 i
 08AA                   .dbend
 08AA                   .dbfunc e SendNMT _SendNMT fV
 08AA           ;              i -> 0,SP
 08AA           ;           node -> 7,SP
 08AA           ;            cmd -> 2,SP
 08AA           $_SendNMT::
 08AA 3B                pshd
 08AB 1B9F              leas -1,S
 08AD                   .dbline -1
 08AD                   .dbline 696
 08AD           ; }
 08AD           ; 
 08AD           ; 
 08AD           ; void SendNMT (unsigned char cmd, unsigned char node)
 08AD           ; {
 08AD                   .dbline 705
 08AD           ; // 0x01       Go to 'operational'
 08AD           ; // 0x02       Go to 'stopped'
 08AD           ; // 0x80       Go to 'pre-operational'
 08AD           ; // 0x81       Go to 'reset node'
 08AD           ; // 0x82       Go to 'reset communication'
 08AD           ;     
 08AD           ;       unsigned char i;
 08AD           ;       
 08AD           ;     gTxMsg.ID = 0x000;
 08AD 180300000175      movw #0,_gTxMsg
 08B3                   .dbline 706
 08B3           ;     gTxMsg.LEN = 2;
 08B3 180B020177        movb #2,_gTxMsg+2
 08B8                   .dbline 707
 08B8           ;     gTxMsg.BUF[0] = cmd;
 08B8 180D820179        movb 2,S,_gTxMsg+4
 08BD                   .dbline 708
 08BD           ;     gTxMsg.BUF[1] = node;
 08BD 180D87017A        movb 7,S,_gTxMsg+4+1
 08C2                   .dbline 710
 08C2           ; 
 08C2           ;     if (!MCOHW_PushMessage(&gTxMsg))
 08C2 CC0175            ldd #_gTxMsg
 08C5 4A000000          xcall $_MCOHW_PushMessage
 08C9 87                clra
 08CA C100              cmpb #0
 08CC 2607              bne L253
 08CE                   .dbline 711
 08CE           ;     {
 08CE                   .dbline 713
 08CE           ;         // failed to transmit
 08CE           ;         MCOUSER_FatalError(0x8801);
 08CE CC8801            ldd #34817
 08D1 4A000000          xcall $_MCOUSER_FatalError
 08D5                   .dbline 714
 08D5           ;     }
 08D5           L253:
 08D5                   .dbline 715
 08D5           ;       i = MCO_ProcessStack();
 08D5 4A000000          xcall $_MCO_ProcessStack
 08D9 6B80              stab 0,S
 08DB                   .dbline -2
 08DB           L248:
 08DB                   .dbline 0 ; func end
 08DB 1B83              leas 3,S
 08DD 0A                rtc
 08DE                   .dbsym l i 0 c
 08DE                   .dbsym l node 7 c
 08DE                   .dbsym l cmd 2 c
 08DE                   .dbend
 08DE                   .dbfunc e sout _sout fV
 08DE           ;        soutstr -> 9,SP
 08DE           ;     SerialPort -> 4,SP
 08DE           $_sout::
 08DE 3B                pshd
 08DF 1B9C              leas -4,S
 08E1                   .dbline -1
 08E1                   .dbline 719
 08E1           ; }
 08E1           ; 
 08E1           ; void sout (int SerialPort, char soutstr[])
 08E1           ; {
 08E1                   .dbline 720
 08E1           ;     if (SerialPort == 0)
 08E1 ED84              ldy 4,S
 08E3 8D0000            cpy #0
 08E6 1826005B          lbne L256
 08EA                   .dbline 721
 08EA           ;       {
 08EA           L258:
 08EA                   .dbline 722
 08EA           ;           while ( Gen_Flags & Gen_Flags_Xmt0 );
 08EA           L259:
 08EA                   .dbline 722
 08EA F60000            ldab _Gen_Flags
 08ED C540              bitb #64
 08EF 26F9              bne L258
 08F1                   .dbline 723
 08F1           ;               SOUT0Bufptr = 0;
 08F1 180300000000      movw #0,_SOUT0Bufptr
 08F7 2020              bra L262
 08F9           L261:
 08F9                   .dbline 725
 08F9           ;               while ( soutstr[SOUT0Bufptr] != '\0' )
 08F9           ;                        SOUT0Buf[SOUT0Bufptr] = soutstr[SOUT0Bufptr++];
 08F9 1801820000        movw _SOUT0Bufptr,2,S
 08FE EC82              ldd 2,S
 0900 ED82              ldy 2,S
 0902 02                iny
 0903 7D0000            sty _SOUT0Bufptr
 0906 CD0000            ldy #_SOUT0Buf
 0909 6D80              sty 0,S
 090B E380              addd 0,S
 090D B746              tfr D,Y
 090F EC82              ldd 2,S
 0911 E389              addd 9,S
 0913 B745              tfr D,X
 0915 E600              ldab 0,X
 0917 6B40              stab 0,Y
 0919           L262:
 0919                   .dbline 724
 0919 FC0000            ldd _SOUT0Bufptr
 091C E389              addd 9,S
 091E B746              tfr D,Y
 0920 E640              ldab 0,Y
 0922 C100              cmpb #0
 0924 26D3              bne L261
 0926                   .dbline 726
 0926           ;               SOUT0Buf[SOUT0Bufptr] = 0;
 0926 FC0000            ldd _SOUT0Bufptr
 0929 CD0000            ldy #_SOUT0Buf
 092C 6D80              sty 0,S
 092E E380              addd 0,S
 0930 B746              tfr D,Y
 0932 CC0000            ldd #0
 0935 6B40              stab 0,Y
 0937                   .dbline 727
 0937           ;               SOUT0Bufptr = 0;
 0937 180300000000      movw #0,_SOUT0Bufptr
 093D                   .dbline 728
 093D           ;               Gen_Flags |= Gen_Flags_Xmt0;
 093D 1C000040          bset _Gen_Flags,#64
 0941                   .dbline 729
 0941           ;               SCI0CR2 |= SCI0CR2_TIE;
 0941 1C00CB80          bset 0xcb,#128
 0945                   .dbline 730
 0945           ;       }
 0945           L256:
 0945                   .dbline -2
 0945           L255:
 0945                   .dbline 0 ; func end
 0945 1B86              leas 6,S
 0947 0A                rtc
 0948                   .dbsym l soutstr 9 pc
 0948                   .dbsym l SerialPort 4 I
 0948                   .dbend
 0948                   .dbfunc e Load_Camera_Add _Load_Camera_Add fV
 0948           ; VarEEPROMPntr2 -> 0,SP
 0948           $_Load_Camera_Add::
 0948 1B9E              leas -2,S
 094A                   .dbline -1
 094A                   .dbline 736
 094A           ; 
 094A           ; }
 094A           ; 
 094A           ; //retreive camera address from EEProm
 094A           ; void Load_Camera_Add ( void )
 094A           ; {
 094A                   .dbline 738
 094A           ;     char *VarEEPROMPntr2;
 094A           ;     VarEEPROMPntr2 = (char *)0x0900;
 094A 1800800900        movw #2304,0,S
 094F                   .dbline 740
 094F           ;     
 094F           ;     cam_addx[0] = *VarEEPROMPntr2;
 094F ED80              ldy 0,S
 0951 180D4000FD        movb 0,Y,_cam_addx
 0956                   .dbline 741
 0956           ;     cam_addx[1] = *(VarEEPROMPntr2 + 1);   
 0956 ED80              ldy 0,S
 0958 02                iny
 0959 180D4000FE        movb 0,Y,_cam_addx+1
 095E                   .dbline 742
 095E           ;     cam_add = cam_addx[0] + (cam_addx[1]<<8);               
 095E F600FE            ldab _cam_addx+1
 0961 B714              tfr B,D
 0963 B710              tfr B,A
 0965 F600FD            ldab _cam_addx
 0968 7C0109            std _cam_add
 096B                   .dbline -2
 096B           L264:
 096B                   .dbline 0 ; func end
 096B 1B82              leas 2,S
 096D 0A                rtc
 096E                   .dbsym l VarEEPROMPntr2 0 pc
 096E                   .dbend
 096E                   .dbfunc e Save_Camera_Add _Save_Camera_Add fV
 096E           ;      EEpromPtr -> 4,SP
 096E           $_Save_Camera_Add::
 096E 1B9A              leas -6,S
 0970                   .dbline -1
 0970                   .dbline 746
 0970           ; }
 0970           ; 
 0970           ; void Save_Camera_Add ( void )
 0970           ; {
 0970                   .dbline 749
 0970           ;     char *EEpromPtr;
 0970           ;     
 0970           ;     EEpromPtr = &cam_addx[0];
 0970 CD00FD            ldy #_cam_addx
 0973 6D84              sty 4,S
 0975                   .dbline 751
 0975           ; 
 0975           ;       EEWrite ( 2, EEpromPtr, (int *)0x0900 );
 0975 CD0900            ldy #2304
 0978 6D82              sty 2,S
 097A ED84              ldy 4,S
 097C 6D80              sty 0,S
 097E CC0002            ldd #2
 0981 4A000000          xcall $_EEWrite
 0985                   .dbline -2
 0985           L267:
 0985                   .dbline 0 ; func end
 0985 1B86              leas 6,S
 0987 0A                rtc
 0988                   .dbsym l EEpromPtr 4 pc
 0988                   .dbend
 0988                   .dbfunc e mic_setEnabled _mic_setEnabled fV
 0988           ;            val -> 1,SP
 0988           $_mic_setEnabled::
 0988 3B                pshd
 0989                   .dbline -1
 0989                   .dbline 755
 0989           ; }
 0989           ; 
 0989           ; void mic_setEnabled(bool val)
 0989           ; {
 0989                   .dbline 756
 0989           ;     if (val == true)
 0989 E681              ldab 1,S
 098B C101              cmpb #1
 098D 2606              bne L269
 098F                   .dbline 757
 098F           ;           PORTA |= MIC_SHDN;   //turn mic on
 098F 1C000002          bset 0,#2
 0993 2004              bra L270
 0995           L269:
 0995                   .dbline 759
 0995           ;       else    
 0995           ;           PORTA &= ~MIC_SHDN;  //turn mic off  
 0995 1D000002          bclr 0,#2
 0999           L270:
 0999                   .dbline -2
 0999           L268:
 0999                   .dbline 0 ; func end
 0999 1B82              leas 2,S
 099B 0A                rtc
 099C                   .dbsym l val 1 c
 099C                   .dbend
 099C                   .dbfunc e set_LED_Level _set_LED_Level fV
 099C           ;            val -> 0,SP
 099C           $_set_LED_Level::
 099C 3B                pshd
 099D                   .dbline -1
 099D                   .dbline 765
 099D           ; 
 099D           ; }
 099D           ; 
 099D           ; /// @brief Sets the output level by selecting which FETs are on
 099D           ; /// @param val int between 0-8, 0 being low off 8 is full on
 099D           ; void set_LED_Level(int val){
 099D                   .dbline 766
 099D           ;     switch (val)
 099D ED80              ldy 0,S
 099F 8D0001            cpy #1
 09A2 182700DA          lbeq L282
 09A6 ED80              ldy 0,S
 09A8 8D0002            cpy #2
 09AB 182700BF          lbeq L281
 09AF ED80              ldy 0,S
 09B1 8D0003            cpy #3
 09B4 182700A4          lbeq L280
 09B8 ED80              ldy 0,S
 09BA 8D0004            cpy #4
 09BD 18270089          lbeq L279
 09C1 ED80              ldy 0,S
 09C3 8D0005            cpy #5
 09C6 1827006E          lbeq L278
 09CA ED80              ldy 0,S
 09CC 8D0006            cpy #6
 09CF 2755              beq L277
 09D1 ED80              ldy 0,S
 09D3 8D0007            cpy #7
 09D6 273A              beq L276
 09D8 ED80              ldy 0,S
 09DA 8D0008            cpy #8
 09DD 271F              beq L275
 09DF ED80              ldy 0,S
 09E1 8D0009            cpy #9
 09E4 2704              beq L274
 09E6 18200096          lbra L272
 09EA           L274:
 09EA                   .dbline 770
 09EA           ;     {
 09EA           ;     case 9:
 09EA           ;         //LED Full Level
 09EA           ;         PORTA |= LED_ON;
 09EA 1C000020          bset 0,#32
 09EE                   .dbline 771
 09EE           ;         PORTA &= ~LED_R1;
 09EE 1D000010          bclr 0,#16
 09F2                   .dbline 772
 09F2           ;         PORTA &= ~LED_R2;
 09F2 1D000040          bclr 0,#64
 09F6                   .dbline 773
 09F6           ;         PORTA &= ~LED_R3;
 09F6 1D000080          bclr 0,#128
 09FA                   .dbline 774
 09FA           ;         break;
 09FA 18200092          lbra L273
 09FE           L275:
 09FE                   .dbline 777
 09FE           ;     case 8:
 09FE           ;         //LED Level 7
 09FE           ;         PORTA &= ~LED_ON;
 09FE 1D000020          bclr 0,#32
 0A02                   .dbline 778
 0A02           ;         PORTA |= LED_R1;
 0A02 1C000010          bset 0,#16
 0A06                   .dbline 779
 0A06           ;         PORTA |= LED_R2;
 0A06 1C000040          bset 0,#64
 0A0A                   .dbline 780
 0A0A           ;         PORTA |= LED_R3;
 0A0A 1C000080          bset 0,#128
 0A0E                   .dbline 781
 0A0E           ;         break;
 0A0E 1820007E          lbra L273
 0A12           L276:
 0A12                   .dbline 784
 0A12           ;     case 7:
 0A12           ;         //LED Level 6
 0A12           ;         PORTA &= ~LED_ON;
 0A12 1D000020          bclr 0,#32
 0A16                   .dbline 785
 0A16           ;         PORTA |= LED_R1;
 0A16 1C000010          bset 0,#16
 0A1A                   .dbline 786
 0A1A           ;         PORTA |= LED_R2;
 0A1A 1C000040          bset 0,#64
 0A1E                   .dbline 787
 0A1E           ;         PORTA &= ~LED_R3;
 0A1E 1D000080          bclr 0,#128
 0A22                   .dbline 788
 0A22           ;         break;
 0A22 1820006A          lbra L273
 0A26           L277:
 0A26                   .dbline 791
 0A26           ;     case 6:
 0A26           ;         //LED Level 5
 0A26           ;         PORTA &= ~LED_ON;
 0A26 1D000020          bclr 0,#32
 0A2A                   .dbline 792
 0A2A           ;         PORTA |= LED_R1;
 0A2A 1C000010          bset 0,#16
 0A2E                   .dbline 793
 0A2E           ;         PORTA &= ~LED_R2;
 0A2E 1D000040          bclr 0,#64
 0A32                   .dbline 794
 0A32           ;         PORTA |= LED_R3;
 0A32 1C000080          bset 0,#128
 0A36                   .dbline 795
 0A36           ;         break;
 0A36 2058              bra L273
 0A38           L278:
 0A38                   .dbline 798
 0A38           ;     case 5:
 0A38           ;         //LED Level 4
 0A38           ;         PORTA &= ~LED_ON;
 0A38 1D000020          bclr 0,#32
 0A3C                   .dbline 799
 0A3C           ;         PORTA |= LED_R1;
 0A3C 1C000010          bset 0,#16
 0A40                   .dbline 800
 0A40           ;         PORTA &= ~LED_R2;
 0A40 1D000040          bclr 0,#64
 0A44                   .dbline 801
 0A44           ;         PORTA &= ~LED_R3;
 0A44 1D000080          bclr 0,#128
 0A48                   .dbline 802
 0A48           ;         break;
 0A48 2046              bra L273
 0A4A           L279:
 0A4A                   .dbline 805
 0A4A           ;     case 4:
 0A4A           ;         //LED Level 3
 0A4A           ;         PORTA &= ~LED_ON;
 0A4A 1D000020          bclr 0,#32
 0A4E                   .dbline 806
 0A4E           ;         PORTA &= ~LED_R1;
 0A4E 1D000010          bclr 0,#16
 0A52                   .dbline 807
 0A52           ;         PORTA |= LED_R2;
 0A52 1C000040          bset 0,#64
 0A56                   .dbline 808
 0A56           ;         PORTA |= LED_R3;
 0A56 1C000080          bset 0,#128
 0A5A                   .dbline 809
 0A5A           ;         break;
 0A5A 2034              bra L273
 0A5C           L280:
 0A5C                   .dbline 812
 0A5C           ;     case 3:
 0A5C           ;         //LED Level 2
 0A5C           ;         PORTA &= ~LED_ON;
 0A5C 1D000020          bclr 0,#32
 0A60                   .dbline 813
 0A60           ;         PORTA &= ~LED_R1;
 0A60 1D000010          bclr 0,#16
 0A64                   .dbline 814
 0A64           ;         PORTA |= LED_R2;
 0A64 1C000040          bset 0,#64
 0A68                   .dbline 815
 0A68           ;         PORTA &= ~LED_R3;
 0A68 1D000080          bclr 0,#128
 0A6C                   .dbline 816
 0A6C           ;         break;
 0A6C 2022              bra L273
 0A6E           L281:
 0A6E                   .dbline 819
 0A6E           ;     case 2:
 0A6E           ;         //LED Level 1
 0A6E           ;         PORTA &= ~LED_ON;
 0A6E 1D000020          bclr 0,#32
 0A72                   .dbline 820
 0A72           ;         PORTA &= ~LED_R1;
 0A72 1D000010          bclr 0,#16
 0A76                   .dbline 821
 0A76           ;         PORTA &= ~LED_R2;
 0A76 1D000040          bclr 0,#64
 0A7A                   .dbline 822
 0A7A           ;         PORTA |= LED_R3;
 0A7A 1C000080          bset 0,#128
 0A7E                   .dbline 823
 0A7E           ;         break;
 0A7E 2010              bra L273
 0A80           L282:
 0A80           L272:
 0A80                   .dbline 827
 0A80           ;     case 1:
 0A80           ;     default:
 0A80           ;         //LED OFF
 0A80           ;         PORTA &= ~LED_ON;
 0A80 1D000020          bclr 0,#32
 0A84                   .dbline 828
 0A84           ;         PORTA &= ~LED_R1;
 0A84 1D000010          bclr 0,#16
 0A88                   .dbline 829
 0A88           ;         PORTA &= ~LED_R2;
 0A88 1D000040          bclr 0,#64
 0A8C                   .dbline 830
 0A8C           ;         PORTA &= ~LED_R3;
 0A8C 1D000080          bclr 0,#128
 0A90                   .dbline 831
 0A90           ;         break;
 0A90           L273:
 0A90                   .dbline -2
 0A90           L271:
 0A90                   .dbline 0 ; func end
 0A90 1B82              leas 2,S
 0A92 0A                rtc
 0A93                   .dbsym l val 0 I
 0A93                   .dbend
                        .area bss
 0000                   .dbfile C:\Dev\REV1~1.01\Subroutines.c
 0000           _TitlerState::
 0000                   .blkb 1
 0001                   .dbsym e TitlerState _TitlerState c
 0001           _Menu::
 0001                   .blkb 252
 00FD                   .dbsym e Menu _Menu A[252:12:21]c
 00FD           _cam_addx::
 00FD                   .blkb 2
 00FF                   .dbsym e cam_addx _cam_addx A[2:2]c
 00FF           _lastResSetting::
 00FF                   .blkb 5
 0104                   .dbsym e lastResSetting _lastResSetting A[5:5]c
 0104           _lastMicSetting::
 0104                   .blkb 5
 0109                   .dbsym e lastMicSetting _lastMicSetting A[5:5]c
 0109           _cam_add::
 0109                   .blkb 2
 010B                   .dbsym e cam_add _cam_add i
 010B           _Line::
 010B                   .blkb 80
 015B                   .dbsym e Line _Line A[80:4:20]c
 015B           _OSD_changed::
 015B                   .blkb 1
 015C                   .dbsym e OSD_changed _OSD_changed c
 015C           _Cam_Message::
 015C                   .blkb 9
 0165                   .dbsym e Cam_Message _Cam_Message A[9:9]c
 0165           _CANBuf::
 0165                   .blkb 15
 0174                   .dbsym e CANBuf _CANBuf A[15:15]c
 0174           _UpdateMenu::
 0174                   .blkb 1
 0175                   .dbsym e UpdateMenu _UpdateMenu c
 0175           _gTxMsg::
 0175                   .blkb 12
 0181                   .dbstruct 0 12 .2
 0181                   .dbfield 0 ID i
 0181                   .dbfield 2 LEN c
 0181                   .dbfield 3 dummy32bit c
 0181                   .dbfield 4 BUF A[8:8]c
 0181                   .dbend
 0181                   .dbsym e gTxMsg _gTxMsg S[.2]
 0181           _Line_prev::
 0181                   .blkb 80
 01D1                   .dbsym e Line_prev _Line_prev A[80:4:20]c
 01D1           _k::
 01D1                   .blkb 2
 01D3                   .dbsym e k _k i
 01D3           _j::
 01D3                   .blkb 2
 01D5                   .dbsym e j _j i
 01D5           _i::
 01D5                   .blkb 2
 01D7                   .dbsym e i _i i
                        .area text
 07FC                   .dbfile C:\Dev\REV1~1.01\Subroutines.c
 07FC           L119:
 07FC 50726F633A257300  .byte 'P,'r,'o,'c,58,37,'s,0
 0804           L95:
 0804 20202020202020202020202020202020  .byte 32,32,32,32,32,32,32,32,32,32,32,32,32,32,32,32
 0814 2020202000        .byte 32,32,32,32,0
 0819           L50:
 0819 2530345800        .byte 37,48,52,'X,0
 081E           L36:
 081E 20504F534954494F4E20414354495645  .byte 32,'P,'O,'S,'I,'T,'I,'O,'N,32,'A,'C,'T,'I,'V,'E
 082E 2020202000        .byte 32,32,32,32,0
 0833           L33:
 0833 8101700127FF00    .byte 129,1,'p,1,39,255,0
