S10F4000C6207B0010CF4000167FDACEF3
S111400C241B8E2F292704693020F7CEF800DC
S111401ACD20008EFC1B2706180A307020F5FE
S108402816402D20FEEE
S105F80000C042
S104F8020001
S104F8030000
S104F80400FF
S10A402D4A8046384A80AACC
S1094034384A8000384AFE
S109403A80D5384A8170B4
S1094040384A820A384AE6
S109404680E9384A88D32A
S109404C384A8160384A85
S109405281E1384A9EAD35
S10E4058394A9D5539180B46003C798D
S10C4063200320084A801E384A9B
S109406C99F83820F63D2E
S2120E00001C0008401D000840180B01200318B7
S2110E000E0B012002180301E826BD180B0199
S2120E001B20040A180B55003F180BAA003FFDD6
S2120E002926BD8D000026101C0008401D000887
S2120E003740180301E826BD2005180B01200216
S2120E00450A180BFF0002180BFF0003180BFC28
S2110E0053000979026A180B080252180BA05D
S2120E0060025A79024A180B80024279008D1859
S2120E006E0B800082180B0B0083180B82008589
S2120E007C790254790255180B030000180B7FFC
S2120E008A000179000879026879025079025852
S2120E0098790248180B3F024079026D79024C31
S2120E00A679024E0A180B800038180B40003BED
S2110E00B4180B800040180B800046180BFF3E
S2120E00C1004C79004D180B10004A79004B7952
S2120E00CF00487900490A180B050035180B116B
S2120E00DD00341F003708FB1C0039800A180B73
S2120E00EBFF00A1180BFF00A2180B3300A3187F
S2120E00F90B6400B4180B6400B5180B6400B64A
S2110E0107180B6400B7180B6400B8180B64D4
S2110E011400B9180B6400BA180B6400BB7916
S2120E012100BC7900BD7900BE7900BF7900C023
S2120E012F7900C17900C27900C3180B0600A82D
S2120E013D180B0600A9180B0300A00A79008DF9
S2110E014B180B800082180B0B0083180B0596
S2120E01580084180B8200850A180B0200E018B1
S2120E01660B8E00E1180BC000E20A1B9E18035B
S2110E0174000D00C8180B0C00CB1803000081
S2100E018120AF180300002107FC2107CD5C
S2120E018D20B56D80E380B746CC00006B40FDBB
S2120E019B2107027D2107FD21078D00502DE065
S2120E01A9180300002109180300002107180B8A
S2120E01B70C00CB1C00CB201803000D00D01839
S2120E01C50B0C00D318030000215D1C00D32087
S2120E01D31803000021AF180B0D215F1B820AC9
S2110E01E14AB4F53810EF180303D026DFF6EB
S2120E01EE0140C5102608FD26DF8D000026F106
S2120E01FCFD26DF8D00002605180B012CE50AE9
S2120E020A180B100257180BD000D87900D979B1
S20F0E021800DA0A180B01003C20FE0A5C
S11140723B1B9E180D83241B79241CCD241B9C
S11040806D80CC00004AAF6938E683871BD1
S111408D843D00000000000000000000000060
S10B409B000000000000000019
S2120E02233B1BF1C919F018180040000019F028
S2120E02311A180040000019F0141800400000C5
S2120E023F19F035180040000019F03118004076
S2120E024D000019F0161800400000CD408F1A63
S2110E025BF026CC0005180271310434F9CDE2
S2120E026840991AF01CCC0005180271310434B1
S2120E0276F969F03469F03369F030E6F03DC1F8
S2110E02840018260173ECF0374ABE0A3C8CBB
S2110E029100032461CD417D6D80ECF0374AF0
S2100E029EBF903C8C00002650ECF0374A57
S2110E02AAB1D2386BF033F621FAC100260DE6
S2110E02B7E6F033874ABE4B386BF03020174A
S2120E02C4F621FAC1012610E6F033876C80CCC8
S2110E02D200A04AB856386BF030E6F03087C4
S2120E02DFB7466D84E6F033876C82CD415F6DB8
S2110E02ED804ABE003A182004B3CD417D6D48
S2110E02FA80ECF0374ABF903C8C00001827B1
S2120E030700E61AF03518000000001820005E02
S2120E0315ECF035E3F037B746E640C120260979
S2120E03231AF034180800012040E6F034C1002F
S2120E0331261AECF03519F0266D86E386B746D2
S2120E033FECF035E3F037B745E6006B40201FB6
S2120E034DECF03119F01C6D86E386B746ECF028
S2120E035B35E3F037B745E6006B40EDF03102A5
S2120E03696DF031EDF035026DF035ECF0374AE2
S2110E0377BE0A3C6CF010EDF035ADF010181F
S2110E038425FF8E19F026B7644AB1D2386BED
S2110E0391F03319F01CB7644AB1D2386BF089
S2120E039E30F621FAC1002612E6F03087B7467A
S2110E03AC6D80E6F033874ABE6138201CF6E1
S2120E03B921FAC1012615E6F03087B7466D8292
S2110E03C7E6F033876C80CC00A04AB8F838FC
S2120E03D4E6F03087B7466D84E6F033876C820F
S2110E03E2CD41506D804ABE003A182003BA79
S2110E03EFCD41176D804ABE003A182003ADB2
S2110E03FCE6F03DC10118260144ECF0374A2C
S2110E0409BE0A3C8C00052450CD417D6D8052
S2110E0416ECF0374ABF903C8C0000263FEC01
S2110E0423F0374AB1D238B7456EF01A19F010
S2120E0430186D84EDF01A351800AE0000306E12
S2110E043E82306E82FC2000874AA73639ED0C
S2120E044BF0186D84EDF01A6D82CD40F96D80BE
S2110E04594ABE003A18200348CD417D6D8046
S2100E0466ECF0374ABF903C8C00001827C4
S2120E047200C81AF03518000000001820005EB4
S2120E0480ECF035E3F037B746E640C12026090D
S2120E048E1AF034180800012040E6F034C100C3
S2120E049C261AECF03519F0266D86E386B74666
S2120E04AAECF035E3F037B745E6006B40201F4A
S2120E04B8ECF03119F01C6D86E386B746ECF0BC
S2120E04C635E3F037B745E6006B40EDF0310239
S2120E04D46DF031EDF035026DF035ECF0374A76
S2100E04E2BE0A3C6C8EEDF035AD8E182573
S2110E04EEFF9019F026B7644AB1D238B74514
S2110E04FB6EF01A19F01CB7644AB1D238B76D
S2110E0508456EF0146C84EDF01A351800AE3A
S2110E05150000306E82306E82FC2000874A99
S2110E0522A77139EDF0146D84EDF01A6D82A0
S2110E052FCD40EA6D804ABE003A1820026DDF
S2110E053CCD40B16D804ABE003A1820026018
S2120E0549E6F03DC10318260257F621FBC10050
S2100E055718270135ECF0374ABE0A3C8C23
S2120E056300091824011ACD417D6D80ECF0378C
S2110E05714ABF903C8C0000182701071AF0B8
S2120E057E3518000000001820005EECF035E385
S2120E058CF037B746E640C12026091AF034189E
S2120E059A0800012040E6F034C100261AECF0F0
S2120E05A83519F0266D86E386B746ECF035E381
S2120E05B6F037B745E6006B40201FECF031190B
S2120E05C4F01C6D86E386B746ECF035E3F03796
S2120E05D2B745E6006B40EDF031026DF031EDF0
S2110E05E0F035026DF035ECF0374ABE0A3CE1
S2120E05ED6C8CEDF035AD8C1825FF9019F026AF
S2110E05FBB7644AB1D238B7456EF01A19F043
S2110E06081CB7644ABAA039B7456EF0166CE2
S2100E061580ECF01A4AA610396CF0128C1D
S2120E06210000182701821AF03518000000009F
S2120E062F2029ECF035E3F012B746E640876C55
S2120E063D84ECF01AE3F0356C82CD41506D80E1
S20B0E064B4ABE003A4A801E6B
S2110E065238EDF035026DF035EDF035ADF0FB
S2110E065F162DCFCD40AF6D804ABE003ACDB1
S2110E066C02006D82CD00006D80CC24B24AD7
S20F0E0679BF003A7921FB18200126CDA9
S2110E068440A36D804ABE003A18200119EC06
S2100E0691F0374ABE0A3C8C0005243BCD18
S2100E069D417D6D80ECF0374ABF903C8C1F
S2110E06A90000262AECF0374AB1D238B745CD
S2110E06B66EF01AB7544AA639396BF030872D
S2110E06C36C84EDF01A6D82CD415F6D804A9D
S2110E06D0BE003A182000D2CD417D6D80ECA4
S2110E06DDF0374ABF903C8C0000182700B680
S2120E06EA1AF03518000000001820005EECF026
S2120E06F835E3F037B746E640C12026091AF065
S2120E070634180800012040E6F034C100261A12
S2120E0714ECF03519F0266D86E386B746ECF04F
S2120E072235E3F037B745E6006B40201FECF0CF
S2120E07303119F01C6D86E386B746ECF035E305
S2120E073EF037B745E6006B40EDF031026DF079
S2120E074C31EDF035026DF035ECF0374ABE0A90
S2110E075A3C6C8AEDF035AD8A1825FF90191F
S2110E0767F026B7644AB1D238B7456EF01AC8
S2110E077419F01CB7644AB1D2386BF030870E
S2110E07816C80ECF01A4AA65F39E6F0308761
S2110E078E6C84EDF01A6D82CD41506D804AE0
S20F0E079BBE003A2009CD40B16D804A2A
S2110E07A6BE003AE6F03DC1021826011DEC1D
S2100E07B3F0374ABE0A3C8C0003243BCDF7
S2100E07BF417D6D80ECF0374ABF903C8CFC
S2110E07CB0000262AECF0374AB1D2386BF04B
S2110E07D833874AB824386BF03087B7466D6D
S2110E07E584E6F033876C82CD415F6D804A4E
S2110E07F2BE003A182000D6CD417D6D80EC7D
S2110E07FFF0374ABF903C8C0000182700BA59
S2120E080C1AF03518000000001820005EECF002
S2120E081A35E3F037B746E640C12026091AF041
S2120E082834180800012040E6F034C100261AEF
S2120E0836ECF03519F0266D86E386B746ECF02C
S2120E084435E3F037B745E6006B40201FECF0AC
S2120E08523119F01C6D86E386B746ECF035E3E2
S2120E0860F037B745E6006B40EDF031026DF056
S2120E086E31EDF035026DF035ECF0374ABE0A6D
S2110E087C3C6C88EDF035AD881825FF901900
S2110E0889F026B7644AB1D2386BF03319F082
S2110E08961CB7644AB1D2386BF03087B746F7
S2110E08A36D80E6F033874AB83A38E6F0303E
S2120E08B087B7466D84E6F033876C82CD4150D6
S2110E08BE6D804ABE003A2009CD41176D80B0
S20C0E08CB4ABE003A1BF0390A82
S11140A354727920416761696E2E0D000D0084
S11140B14F6E6C7920656E74657220757020F8
S11140BF746F20342064696769747320756E11
S11140CD6C6573732077726974696E67207472
S11140DB6F20612072656769737465722E0D23
S11140E9003078253034582030782530345893
S11140F70D0030782530345820202052637696
S1114105642056616C7565203D2030782530AD
S111411334580D004F6E6C7920656E74657221
S111412120757020746F203220646967697401
S111412F7320756E6C65737320777269746902
S111413D6E6720746F20612072656769737469
S111414B65722E0D0030782530325820307801
S1114159253032580D003078253032582020A1
S111416720526376642056616C7565203D20FD
S10D41753078253032580D00200088
S2120E08D3180B280110180B0900120A3B1BF119
S2120E08E17419F09318024084EC8484FFC4FC55
S2120E08EF6C8419F0881800400000EDF093ADF2
S2120E08FD84272E1AF0881800000000201DEC2E
S2120E090BF08819886D80E380B746E6F3000488
S2120E09196B40ED84026D84EDF088026DF08862
S2110E0927ED84ADF09326DC1AF08A18000061
S2120E093400002025ECF08819886D80E380B751
S2120E094246ECF08AE3F091B745E6006B40ED0A
S2120E0950F08A026DF08AEDF088026DF088EDEA
S2120E095EF08AADF08C2DD3ECF0888400C40326
S2120E096C8C0000273A1AF09318020084EC84D2
S2120E097A84FFC4FC6C84201DECF08819886D7A
S2120E098880E380B746ECF088E384B745E600C1
S2120E09966B40EDF088026DF088ECF088840061
S2120E09A4C4038C000026D71AF09318020084A7
S2120E09B2ECF09384FFC4FC6CF0931AF08A18D7
S2120E09C000000000202CED86EEF0936D001861
S2120E09CE0B400116180B8001151F011580FB3D
S2110E09DC4A801E38ECF08AC300046CF08AC8
S2120E09E9ECF093C300046CF093EDF08AADF0C4
S2120E09F7882DCC1AF09318028400ECF0938430
S2120E0A05FFC4FC6CF0931AF08A180000000076
S2120E0A131820005AECF08A19886D80E380B722
S2120E0A2146E64087B746CC0100136C82ECF01A
S2120E0A2F8A1A896E80E380B746E64087B74681
S2120E0A3DEC826D80E3806C86B746EEF0936D0D
S2120E0A4B00180B200116180B8001151F011542
S2110E0A5980FB4A801E38ECF08AC300026C4B
S2120E0A66F08AECF093C300026CF093EDF08A6B
S20F0E0A74ADF088182DFF9C1BF08E0ABC
S109FF80417F417F417F37
S109FF86417F417F417F31
S109FF8C417F461E417F87
S109FF92417F417F417F25
S109FF98417F417F417F1F
S109FF9E417F417F417F19
S109FFA4417F417F417F13
S109FFAA417F417F417F0D
S109FFB0417F4186417F00
S109FFB6417F417F417F01
S109FFBC417F417F44C7B0
S109FFC2417F417F417FF5
S109FFC8417F417F417FEF
S109FFCE417F417F417FE9
S109FFD4432D422D44659B
S109FFDA417F417F417FDD
S109FFE0460B45DE45D886
S109FFE645D245CC45C6DE
S109FFEC45C0417F4635CB
S109FFF2422C417F417F17
S109FFF8417F4000417F3F
S105FFFE4000BD
S104F8053CC2
S105F80603D029
S105F8081E8458
S105F80A0000F8
S107F80C00000000F4
S107F81000000000F0
S104F81400EF
S105F8150000ED
S105F8170000EB
S105F8190000E9
S111F81B0000000000000000000000000000DB
S111F8290000000000000000000000000000CD
S111F8370000000000000000000000000000BF
S111F8450000000000000000000000000000B1
S111F8530000000000000000000000000000A3
S111F861000000000000000000000000000095
S111F86F000000000000000000000000000087
S111F87D000000000000000000000000000079
S111F88B00000000000000000000000000006B
S111F89900000000000000000000000000005D
S10BF8A7000000000000000055
S105F8AF000053
S105F8B1000051
S105F8B300004F
S105F8B500004D
S111F8B700000000000000000000000000003F
S111F8C5000000000000000000000000000031
S111F8D3000000000000000000000000000023
S111F8E1000000000000000000000000000015
S111F8EF000000000000000000000000000007
S10BF8FD0000000000000000FF
S105F9050000FC
S105F9070000FA
S105F9090000F8
S105F90B0000F6
S105F90D0000F4
S111F90F0000000000000000000000000000E6
S111F91D0000000000000000000000000000D8
S111F92B0000000000000000000000000000CA
S111F9390000000000000000000000000000BC
S111F9470000000000000000000000000000AE
S10BF9550000000000000000A6
S105F95D0000A4
S105F95F0000A2
S111F961000000000000000000000000000094
S111F96F000000000000000000000000000086
S111F97D000000000000000000000000000078
S111F98B00000000000000000000000000006A
S111F99900000000000000000000000000005C
S10BF9A7000000000000000054
S105F9AF000052
S105F9B1000050
S104F9B3004F
S104F9B4004E
S104F9B5004D
S105F9B600004B
S105F9B8000049
S104F9BA0048
S111417F1803000121B10B1BF1EEF60160875D
S111418D167DF13A6C8C3A6C8CEC8C3BEC8C0D
S111419B3BCC0008167BDB3A6C8C3A6C8CEC47
S11041A98C3BEC8C3BF6016187167DF11612
S11141B67BA43A6C8C3A6C8CEC8C3BEC8C3B0E
S11041C4CC0005167BFF3A6C8C3A6C8CF62F
S11141D1016CC40F6BF01069F0112021EC8E0C
S11141DFC30004B746E6F011876D80E380B795
S11141ED46E6F01187C30164B745E6006B4057
S11141FB62F011E6F011E1F01025D7180B0167
S11142090144EC8C3BEC8C3B1B8231EE8E6D41
S111421700E6F010B716EC8EC30002B745B7F0
S1114225616B001BF0120B0B1B971F00CC20CB
S1114233022004182000AF18098800CF1803D9
S111424100C326D5180B0121B3F626E1C502F1
S110424F18260096E688C100274218018653
S111425C20AFEC86ED86027D20AFCD20196DDB
S111426A80E380B746E6886B40F621D3C1009E
S11142782721F621D4C100261A18018421F34F
S1114286EC84ED84027D21F3CD21D56D80E31F
S111429480B746E6886B40FD20AF8D00952D67
S11142A21B1C26E102FC20AFCD20196D80E329
S11142B080B746CC00006B401803000020AF1E
S11142BEF621D3C1002724E688C10D2708FD90
S11142CC21F38D001E2D16FC21F3CD21D46D9F
S11042DA80E380B746CC00006B40180B0158
S11042E721D41F00CC803C1F26E14037FC91
S11142F42105CD20B56D80E380B746E640C1BC
S111430200260A1D00CB801D26E140201B185A
S110431001822105EC82ED82027D2105CDA4
S111431D20B56D80E380B746180D4000CF1B1D
S110432B890B1B961F00D4200220041820CB
S111433800E7180C00D721BAF621BAC10027FD
S11143461B180188215DEC88ED88027D215D45
S1114354CD210D6D84E384B746F621BA6B408B
S1114362FD215D8D004F2D1BFC215DCD210D35
S11043706D84E384B746CC00006B40180355
S111437D0000215D1820009CF621BAC10D1825
S111438B2600931C26E104FC215DCD210D6D5E
S111439984E384B746CC00006B40F621D0C10B
S11143A7001826006FCD48086D80CC210D4A09
S11043B5BF903C8C00002707180B0121B4B9
S11043C22057CD47FE6D80CC210D4ABF90E1
S11043CF3C8C00002707180B0121B5203F8E
S10E43DCCD47F96D80CC210D4ABF9045
S11043E73C8C00002707180B0121C820277B
S10E43F4CD47EF6D80CC210D4ABF9037
S10F43FF3C8C000027057922012011FDF0
S110440B215D6D82CD210D6D80CC220F4A04
S1104418B2B63818030000215D1F00D480E7
S11144253C1F26E18037FC21AFCD215F6D8462
S1114433E384B746E640C100260A1D00D3808C
S11144411D26E180201B18018621AFEC86EDBC
S111444F86027D21AFCD215F6D84E384B746E4
S111445D180D4000D71B8A0B1B9E1F00DB802E
S111446B18FC2015CD24246D80E380B746F69E
S111447900DD6B40FD2015027D2015FD201591
S11144878D000226061803000120151F00DB1D
S11144952029FD20178D0000261AFD20170295
S11144A37D2017FC2017CD24216D80E380B707
S11044B146180D4000DD2007FD2017027D98
S11144BE20171D00D8201B820B1B981C00E346
S11044CC021F00E2100220041820009DFDD4
S11144D92427BD26B62624FD26B48D00002718
S11144E71C7926B21D00E210FC2429CD24B25B
S11044F56D80E380B746F600E46B401820AC
S111450200B3FD26B603BD24272F26F600E3E2
S1114510C501261F1801862427EC86ED8602BD
S111451E7D2427CD242B6D80E380B746180D35
S111452C4000E418200084F626B8C1002730B1
S111453A7926B81C00E204FD26B48D0001268B
S1114548041C00E2081801842427EC84ED848E
S1114556027D2427CD242B6D80E380B7461808
S11045640D4000E4204D1D00E220180B0165
S111457126B32042FD26B403BD2429260F1DC7
S111457F00E2201D00E208180B0126B3200FF5
S111458DFC26B4830002BC242926041C00E290
S111459B081801822429EC82ED82027D242975
S11145A9CD24B26D80E380B746F600E46B408B
S11145B71B880B180B01004E0B180B02004E54
S11145C50B180B04004E0B180B08004E0B18BD
S11145D30B10004E0B180B20004E0B180B4063
S11145E1004EFD26CF8D00002612180421B6D0
S11145EF21B8180303D026CF1803000021B60C
S11145FDFD21B6027D21B6180307A126CD0BC1
S111460B180B80004EFC0044C35DAD7C005EC5
S11046194A993C380B1F025F1007180B1064
S1114626025F200A1F025F0805180B08025FDE
S11146340B1B9A180B800037FD26DF8D00004B
S11146422716FD26DF036D8418058426DFEDA0
S1114650848D000026041D26E108FD26BB8D86
S111465E00002707FD26BB037D26BBFD26D9E1
S110466C8D00002707FD26D9037D26D9FD0A
S111467926D38D00002707FD26D3037D26D30C
S1104687FD26D78D00002707FD26D7037DF3
S111469426D7FD26CF8D00002707FD26CF0375
S11146A27D26CFFD26CD8D00002707FD26CDF9
S11046B0037D26CDFD26CB8D00002707FDE0
S11146BD26CB037D26CBFD26D18D00002707DA
S11146CBFD26D1037D26D1FD26C58D000027D6
S11146D907FD26C5037D26C5FD26C38D000002
S11046E72707FD26C3037D26C3FD26C18DD4
S11146F400002707FD26C1037D26C1FD26BF59
S11047028D00002707FD26BF037D26BFFDA7
S111470F26DD8D00002707FD26DD037D26DD57
S110471DFD26C98D00002707FD26C9037D78
S111472A26C9FD26D58D00002707FD26D503E0
S11147387D26D5FD26C78D00002707FD26C768
S1114746037D26C7F62004C1002730FD26BDE2
S11147548D00002709FD26BD037D26BD201F14
S1114762F62002C10027181C0008401D0008A4
S110477040F62003C100260379200218033F
S110477D01E826BDFD26DB8D00002722FD8E
S111478A26DB037D26DBFD26DB8D00002613D7
S1114798FD26BB8D000027057226BA20067987
S11147A626BA792014FD20088D00002707FD97
S11147B42008037D20081801822006ED8203F0
S11147C27D2006ED828D00002620180303D012
S11147D02006F62005876C80B74603B7617B90
S11147DE2005ED808D00002605180B3C2005FB
S10647EC1B860B1A
S11147EF4D656E75526376640D003231340DE3
S11147FD005265736574526376720073746FB4
S106480B700D0029
S105F9BB000046
S104F9BD083D
S2120E0A7F3B1B976984EC89B701876B80E68A6D
S2120E0A8D6B81CD23756D821820004E180282E6
S2120E0A9B87EC82C300086C82ED87026D87180A
S2120E0AA90A4086ED87026D87180A4085E6869F
S2120E0AB7C1FF260BE685C1FF2605CC00FF20EC
S2120E0AC52BE686E1812618E685E1802612EDE8
S2120E0AD387026D87E6F30007E18F2605E684A0
S2120E0AE187200D6284E684C1FF1825FFAACC7E
S2120E0AEF00FF1B8B0A1B9D180B8027006982CA
S2120E0AFD202BCD2704E682876D80E380B74659
S2120E0B0BEC883BEC883B1B83336B40EC883B40
S2120E0B19EC883BCC0008167BFF3A6C883A6CD4
S2110E0B27886282E682C10425CFCC26FC4AE9
S2100E0B3498353887C1002607CC88014A89
S2110E0B40B4E9381B830A3B1B94E6F3000C49
S2120E0B4DC4E06B8BEC8CC30002B746E6408706
S2120E0B5B6C89B710C7B746EE8C08E600876D9D
S2120E0B6984E3846C89EC8CC30003B746180A2E
S2110E0B774088ED8C02180D402701EC8CC353
S2120E0B840002B746180D402702EC8CC3000385
S2120E0B92B746180D402703E68BC1402708E62F
S2120E0BA08BC12018260293E688876C80EC899F
S2110E0BAE4A8A7F386B87C1FF18240163E664
S2120E0BBB8BC140264ECD00086D82CD2375E60A
S2120E0BC987875959596D84E3846C80CC2700BB
S20C0E0BD74ABEBC3ACC26FC4ACD
S2100E0BDF98353887C1002607CC88024ADD
S20C0E0BEBB4E938FD21BB027DC2
S2110E0BF321BBFD21BB8D0005260A180B0147
S2120E0C0021FC180B0121D0CC00011820024852
S2110E0C0EED898D2100182600FFF62710FB3D
S2120E0C1B2711FB2712FB2713C4FFC100182655
S2120E0C2900EBE688C10018260077F627108727
S2120E0C37B746CC010013B746F6271187B74511
S2110E0C45B7646E84E384B7467D27FB180C5B
S20C0E0C52271227FA180C2713CF
S2120E0C5A27F9F627FAB716FE27FBB7616B00D2
S2120E0C68180B602700792701180B212702793A
S20E0E0C762703180C27102704180C8D
S20C0E0C8027112705180C271298
S20D0E0C882706180C27132707CCCB
S2100E0C9126FC4A98353887C1002607CC92
S2110E0C9D88024AB4E938CC0001182001ACDC
S2120E0CAAE688C10118260064F6271087B746A6
S2120E0CB8CC010013B746F6271187B745B76472
S2120E0CC66E84E3847C27FDFD27FD1540180B7B
S2120E0CD4602700792701180B212702180B0146
S20E0E0CE22703180C27102704180C21
S20C0E0CEC27112705180C27122C
S20D0E0CF42706180C27132707CC5F
S2100E0CFD26FC4A98353887C1002607CC26
S2110E0D0988024AB4E938CC000118200140DB
S2120E0D16CC000018200139ED898D10012646FE
S2120E0D24E688C1002640E68BC1402625180B39
S20E0E0D324F2700180C27F82704CCF4
S2100E0D3C26FC4A98353887C1002607CCE6
S2110E0D4888024AB4E938CC000118200101DB
S2110E0D55180080060118008200024A8AF47B
S2110E0D6238CC0000182000ECED898D10171F
S2120E0D6F1826009EE688C10018260096E68B13
S2110E0D7DC140262E180B4B2700F627F37BE1
S2100E0D8A2704FC27F2B701877B2705CC58
S2100E0D9626FC4A98353887C1002607CC8C
S2110E0DA288024AB4E938CC0001182000A7DC
S2120E0DAFE6F3000CC12B2647EC8CC30005B7EE
S2120E0DBD46E640877C27F2EC8CC30004B74651
S2120E0DCBB627F3E6407C27F2180B6027007959
S20D0E0DD92704792705792706790F
S20C0E0DE22707CC26FC4A9835C3
S2100E0DEA3887C1002607CC88024AB4E900
S2110E0DF638CC0001182000581800800601A9
S2110E0E0318008200004A8AF438CC00002049
S2120E0E1045E688C1002610180080060218005F
S2100E0E1E8200004A8AF438200E1800806D
S2100E0E2A060918008200114A8AF438CC23
S2110E0E360000201CE68BC1802713180080DC
S2100E0E43050418008200014A8AF438CC20
S2120E0E4F00002003CC00011B8E0A1B93698C3C
S2120E0E5D182000C9E68C87B746CC001613B7D1
S2120E0E6B46CE2734B7646E84E384B746ED4059
S2110E0E798D0000182700A8E68C87B746CC23
S2120E0E860016136C8ACD27366D84E384B746AD
S2120E0E94E640876C82EC8ACD27496D84E38497
S2120E0EA2B746E64087B746CE2CFAB7646E8487
S2120E0EB0E3846C80EC8ACD27386D84E3844A8A
S20A0E0EBEBEBC3A4A98EE97
S2110E0EC438B7456E88E68C87B746CC00160C
S2120E0ED113B746CE2742B7646E84E384B74648
S2120E0EDFEC88830002B7456E40E68C87B74659
S2120E0EEDCC001613B746CE2748B7646E84E3C5
S2110E0EFB84B746CC00026B404A98EE38B71E
S2120E0F08456E86E68C87B746CC001613B746A7
S2120E0F16CE2746B7646E84E384B746EC868319
S2120E0F2400026C40628CE68CC1081825FF2F6A
S2120E0F32180B0821BD1B8D0A3B1B96E68B87FF
S2120E0F40B746CC001613B746CE2748B7646EDB
S2110E0F4E80E380B746CC00016B404A98EE5B
S2110E0F5B38B7456E88E68B87B746CC001675
S2120E0F6813B746CE2744B7646E80E380B746B6
S2120E0F76EC88E340B7466D86E68B87B745CC13
S2120E0F840016B75613B746CE2746B7646E80D5
S2110E0F92E380B746EE866E404A98EE38B7FE
S2120E0F9F456E84F621BD87B746CC001613B7F6
S2120E0FAD46CE2740B7646E80E380B746EC84CF
S2110E0FBBE340B7466D82F621BD87B745CCE4
S2120E0FC80016B75613B746CE2742B7646E8095
S2120E0FD6E380B746EE826E40E68B87B746CCBB
S2120E0FE4001613B746CE2734B7646E80E38031
S2110E0FF24A98353887C1002607CC88014A7C
S2100E0FFFB4E9381B8C0A3B1B9D180D89AC
S2110E100B27F67927F718058327F018058AB3
S2120E101827F2E68987C30700B7467D27E41841
S20F0E10260B0127E67927E87927F8F67D
S2120E103127F687C305807C26FC180B0826FEC5
S2120E103F6982201DE68287B746CC001613B7D0
S2110E104D46CE2734B7646E80E380B746CEDD
S2120E105A00006E406282E682C10825DD6982C5
S2120E10682015CD2714E6828759596D80E38039
S2120E1076B746CE00006E406282E682C10825A6
S2110E1084E5EC834A99443887C1002607CC58
S2100E109188024AB4E938CC00004A99BB2D
S2100E109D3887C1002607CC88034AB4E949
S2100E10A938E68987C306004A99BB3887D4
S2110E10B5C1002607CC88034AB4E938180B94
S2120E10C2FF21BD1B850A3B1B9CE685C1012542
S2120E10D014E685C108220EF627F6C101250786
S2110E10DEF627F6C17F2307CC88044AB4E936
S2110E10EB38E68EC1382507CC89044AB4E9D4
S2110E10F8386385CD2716E6858759596D801D
S2120E1105E380B746E68C6B40CD2717E685874F
S2120E111359596D80E380B746E68E6B40ED8927
S2120E11218D00002632E68587B746CC010013F9
S2120E112FC30200B746F627F687B745B7646EBE
S2120E113D80E380B7466D82CE2714E68587596E
S2120E114B596E80E380B746EE826E402012CDBF
S2120E11592714E6858759596D80E380B746EE5B
S2120E1167896E40CD2714E6858759596D80E3B4
S2110E117580B746EC404A99BB3887C100266D
S2110E118207CC88054AB4E9381B860A3B1BCD
S2120E118F9CE685C1012530E685C108222AF6AB
S2120E119D27F6C1012523F627F6C17F221CE693
S2120E11ABF010C1012515E6F010C108220EED5B
S2120E11B98B8D0000260EED8D8D00002607CCC9
S2110E11C788064AB4E938E6F012C13825074E
S2100E11D4CC89064AB4E9386385ED898D97
S2120E11E00000263CE68587B746CC010013C3FA
S2120E11EE0180B746F627F687B745B7646E80C3
S2120E11FCE380B7466D82E68587B745CC0016B3
S2120E120AB75613B746CE2734B7646E80E38011
S2120E1218B746EE826E40201AE68587B746CCA5
S2120E1226001613B746CE2734B7646E80E380EC
S2120E1234B746EE896E40E68587B746CC0016A6
S2120E124213B746CE2736B7646E80E380B746E7
S2120E1250E6F0106B40E68587B746CC00161308
S2120E125EB746CE2749B7646E80E380B746E6E5
S2120E126CF0126B40E68587B746CC001613B719
S2120E127A46CE2740B7646E80E380B746EE8BF6
S2120E12886E40E68587B746CC001613B746CEE8
S2120E12962744B7646E80E380B746EE8D6E403A
S2120E12A41B860A1BF1EC69F012F621BDC1FF87
S20E0E12B226324A98EE38F327F27C37
S20C0E12BC27F4CC27E44A98350E
S2100E12C43887C1002607CC88014AB4E922
S20D0E12D038180B0527E84A8E5962
S2110E12D938180B0821BDCC0001182003B3F9
S2100E12E6CC27084A97813887C1001827CD
S2110E12F20117FD27088D000018260071F666
S2120E12FF270DF127F62707F6270DC1002662EB
S2120E130DF6270C876CF0108C0001272AEDF0E8
S2120E131B108D0002272DEDF0108D00012D3FD7
S2120E1329EDF0108D00802724EDF0108D008163
S2120E13372723EDF0108D008227212025180B9F
S2100E13450527E84A8E5938201A180B04AB
S2120E135127E82013180B7F27E8200C4AB4ED71
S2100E135F3820064AB4F53810EFCC00011A
S2120E136B1820032AF627E8C104271DF627F6DB
S2110E137987C30600BC27082611CC270C4A99
S2110E13868B46386BF013CC000118200306C2
S2120E1393F627E8C1051826006F69F01318201D
S2120E13A1005FCD2714E6F0138759596D84E3CE
S2120E13AF84B746FE2708AE402646E6F01387A5
S2120E13BD59596C8ECD27166D84E384B746E61E
S2120E13CB40876C82CD270C6D80EC8ECD2717DA
S2120E13D96D84E384B746E64087B746CE2CFA00
S2110E13E7B7646E84E3844ABEBC3A1AF01357
S2120E13F4180800081AF0121808000162F0130E
S2120E1402E6F013C1081825FF98F627E8C10578
S2120E1410182602497221BDF621BDC10825031D
S2120E141E7921BDF621BD87B746CC001613B752
S2120E142C46CE2734B7646E84E384B746ED4092
S2120E143A8D00001827021CF621BD87B746CC83
S2120E14480016136C8CCD27406D84E384B746D9
S2120E1456ED408D000018270067EC8CCD274267
S2110E14646D84E384B746EC404A98FE388748
S2120E1471C1002751F621BD87B746CC001613D4
S2120E147F6C8ACD27366D84E384B746E640872A
S2120E148D6C82EC8ACD27496D84E384B746E662
S2120E149B4087B746CE2CFAB7646E84E3846C98
S2110E14A980EC8ACD27386D84E3844ABEBCE5
S20C0E14B63AF621BD874A8F3A73
S2110E14BE38CC0001182001D3F621BD87B7EB
S2120E14CB46CC001613B746CE2744B7646E8482
S2120E14D9E384B746ED408D000018270177F627
S2120E14E721BD87B746CC001613B746CE274853
S2120E14F5B7646E84E384B746E640C100236AF1
S2110E1503F621BD87B746CC001613B746CEB0
S2110E15102746B7646E84E384B746EC404A67
S2110E151D98FE3887C1002748F621BD87B717
S2120E152A46CC001613B746CE2748B7646E841E
S2120E1538E384B746E640C102260FF621BD87B5
S2100E15464A8F3A38CC000118200148F6F7
S2120E155221BD87B746CC001613B746CE2748E7
S2120E1560B7646E84E384B746CC00006B40F68C
S2120E156E21BD87B746CC001613B746CE2748CB
S2120E157CB7646E84E384B746E640C1021824B8
S2120E158A00D1F621BD87B746CC0016136C882E
S2120E1598CD27366D84E384B746E640876C8218
S2120E15A6EC88CD27496D84E384B746E6408771
S2120E15B4B746CE2CFAB7646E84E3846C80ECD9
S2110E15C288CD27386D84E3844ABE5F3A8CD0
S2110E15CF000018270088F621BD87B746CC11
S2120E15DC0016136C86CD27366D84E384B74654
S2120E15EAE640876C82EC86CD27496D84E3843E
S2120E15F8B746E64087B746CE2CFAB7646E842A
S2120E1606E3846C80EC86CD27386D84E3844A30
S2110E1614BEBC3AF621BD87B746CC001613B5
S2120E1621B746CE2748B7646E84E384B746E617
S2110E162F40C100260DF621BD874A8F3A38C1
S2120E163CCC00012058F621BD87B746CC00160E
S2120E164A13B746CE2748B7646E84E384B746C1
S2120E1658CC00026B40FD27F28D00002730FC02
S2100E166627F44A98FE3887C1002724CCD3
S2100E167227E44A98353887C1002607CCBE
S20D0E167E88014AB4E9384A98EED8
S2110E168738F327F27C27F41AF0121808002C
S20D0E169401E6F012871BF0140AA1
S105F9BE000043
S104F9C00042
S2120E169D3B1B9E63830D83F8E683876C808C62
S2120E16AB0000273DED808D0001274AED808D54
S2120E16B900022757ED808D00032762ED808D10
S2110E16C700041827006BED808D0005182717
S2120E16D40074ED808D00061827007DED808DCB
S2120E16E200071827008618200092EC8749494C
S2120E16F0497B0154EC894949497B015018206C
S2120E16FE007EEC874949497B0155EC89494927
S2120E170C497B01511820006AEC874949497B3B
S2120E171A0156EC894949497B01522058EC874E
S2120E17284949497B0157EC894949497B0153D3
S2120E17362046EC874949497B015CEC894949FF
S2120E1744497B01582034EC874949497B015DEC
S2120E1752EC894949497B01592022EC8749490A
S2120E1760497B015EEC894949497B015A2010EF
S2120E176EEC874949497B015FEC894949497B66
S2120E177C015B1B840A3B1B981F0144010220D2
S2120E178A04182000A0F6016087167DF13A6C5A
S2120E1798843A6C84EC843BEC843BCC00081642
S2120E17A67BDB3A6C843A6C84EC843BEC843B22
S2120E17B4F6016187167DF1167BA43A6C843A18
S2120E17C26C84EC843BEC843BCC0005167BFF5F
S2120E17D03A6C843A6C84F6016CC40F6B866914
S2120E17DE87201EEC88C30004B746E687876D8C
S2120E17EC80E380B746E68787C30164B745E6FE
S2120E17FA006B406287E687E18625DC180B0141
S2120E18080144EC843BEC843B1B8231EE886D73
S2120E181600E686B716EC88C30002B745B7612B
S2120E18246B001C014401CC00012003CC00001A
S2120E18321B8A0A3B1B966986EC8AC30002B719
S2110E184046180A4087CE0005ECF3000A1687
S2120E184D7A05B746351800AE00003A6C843A9F
S2120E185B6C84F60146C10027F9F60146C10060
S2110E18692607CC000018200079180C01464A
S2120E1876014A180988014AEC843BEC843B1BA1
S2120E188482317D017069892022EC8AC3000431
S2120E1892B746E689876D80E380B746E640B718
S2120E18A016E68987C30174B745B7616B006202
S2120E18AE89E689E18725D8180D87017C180D6E
S2120E18BC86017D180D880146180301E826DF0A
S2110E18CAF60146E488E1882708FD26DF8D2E
S2120E18D7000026EFFD26DF8D00002605180BFE
S2120E18E5012CE5CC00011B8C0A1B9E1410185D
S2120E18F3018021BE10EFEC801B820A3B1B9E6E
S2120E1901141018018021BE10EFED82026D82CA
S2120E190FED80AD822313EC80A3828C80002424
S2120E191D05CC00012016CC00002011EC82A393
S2120E192B808C80002305CC00012003CC00002B
S2120E19391B840AFD21BE027D21BE0A3B1B9EAC
S2120E19476980180B0101401F014101FB180BB1
S2120E1955800141180BC10142180B3A0143EDFA
S2120E1963828D007D260E180B430142180B498E
S2120E19710143180880017921C0180881012054
S2120E197F11CD0000E68187C30150B745B76153
S2110E198D6B006281E681C11023E9180B2065
S2110E199A014B790140F60141C50126F9FC0E
S2120E19A70044C35DADB7467D00501C004C10CC
S2110E19B5E680871B840A3B1B9C7221C0F641
S2120E19C221C0C1082305CC00002028180B01FA
S2120E19D001401F014101FBED846D82CD00002B
S2110E19DE6D80F621C0874A969D387901402F
S2110E19EBF60141C50126F9CC00011B860A47
S104F9C10041
S104F9C20040
S104F9C3003F
S104F9C4013D
S104F9C5003D
S104F9C6003C
S104F9C7003B
S104F9C8003A
S105F9C9000038
S104F9CB0136
S104F9CC0036
S104F9CD0035
S105F9CE000033
S104F9D00032
S104F9D10031
S104F9D20030
S104F9D3002F
S104F9D4002E
S105F9D500002C
S111F9D700000000000000000000000000001E
S111F9E5000000000000000000000000000010
S105F9F300000E
S105F9F500000C
S105F9F7000109
S104F9F90009
S104F9FA0008
S104F9FB0007
S104F9FC0006
S104F9FD0005
S104F9FE0004
S104F9FF0003
S104FA000100
S104FA010000
S107FA0200000000FC
S104FA0600FB
S105FA070000F9
S104FA0900F8
S104FA0A00F7
S105FA0B0000F5
S105FA0D0000F3
S105FA0F0000F1
S105FA11002CC3
S105FA130000ED
S105FA15002DBE
S105FA170000E9
S105FA190000E7
S104FA1B00E6
S105FA1C0000E4
S104FA1E00E3
S104FA1F00E2
S111480E004F46462C204F4E00504F532C4E68
S111481C4547004657442C4257440048444D3B
S111482A492C4334382D48442C4334382D5344
S1114838440032352C33322C35302C36342CDF
S11148463130302C3132382C3235362C3531AD
S11148543200202C412C422C432C442C452CA9
S1114862462C472C482C492C4A2C4B2C4C2C11
S11148704D2C4E2C4F2C502C512C522C532CD2
S111487E542C552C562C572C582C592C5A2C93
S111488C302C312C322C332C342C352C362C81
S111489A372C382C392C2E2C3C2C3E2C3B2C4D
S11148A83A2C402C282C292C2D2C2D00302CA1
S11148B6312C322C332C342C352C362C372C50
S10948C4382C392C2D00F4
S107FA203F8000001F
S107FA243F8000001B
S107FA283F80000017
S107FA2C4120000071
S104FA3000D1
S104FA31FAD6
S10AFA322D2D2D2D2D2D00BB
S108FA390000000000C4
S105FA3E48B4C6
S105FA400000C0
S107FA423F800000FD
S107FA463F800000F9
S107FA4A3F800000F5
S107FA4E4238000036
S104FA5200AF
S104FA53FCB2
S108FA54312E303000EA
S10AFA5900000000000000A2
S105FA60485602
S105FA6200009E
S107FA64000000009A
S107FA683F800000D7
S107FA6CC479C00095
S107FA704479C00011
S104FA74008D
S104FA750488
S108FA762020203000F7
S10AFA7B0000000000000080
S105FA82480E28
S105FA8400007C
S107FA860000000078
S107FA8A3F800000B5
S107FA8EC479C00073
S107FA924479C000EF
S104FA96006B
S104FA970466
S108FA982020203000D5
S10AFA9D000000000000005E
S105FAA4480E06
S105FAA600005A
S107FAA80000000056
S107FAAC0000000052
S107FAB0000000004E
S107FAB4000000004A
S104FAB80049
S104FAB90048
S105FABA200026
S10DFABC000000000000000000003C
S105FAC6480EE4
S105FAC8000038
S107FACA3F80000075
S107FACE3F80000071
S107FAD23F8000006D
S107FAD64080000068
S104FADA0027
S104FADB0125
S105FADC3100F3
S10DFADE000000000000000000001A
S105FAE8480EC2
S105FAEA000016
S107FAEC3F80000053
S107FAF03F8000004F
S107FAF43F8000004B
S107FAF84040000086
S104FAFC0005
S104FAFD06FE
S10AFAFE202048444D49009B
S108FB050000000000F7
S105FB0A482786
S105FB0C0000F3
S107FB0E40000000AF
S107FB123F8000002C
S107FB163F80000028
S107FB1A40000000A3
S104FB1E00E2
S104FB1F03DE
S107FB20204F4E0020
S10BFB240000000000000000D5
S105FB2C480F7C
S105FB2E0000D1
S107FB3000000000CD
S107FB3400000000C9
S107FB3800000000C5
S107FB3C00000000C1
S104FB4000C0
S104FB4100BF
S105FB4220009D
S10DFB4400000000000000000000B3
S105FB4E480E5B
S105FB500000AF
S11148CA000000002020202020572E522E58DF
S11148D82E204D454E55202020200020534513
S11148E65454494E47532020202020202020E7
S11148F42020200020444941474E4F53544990
S1114902435320202020202020200020535446
S1114910415455532020202020202020202018
S111491E202020002044454641554C5453208F
S111492C20202020202020202020002045587C
S111493A49542020202020202020202020204E
S11149482020200020202020202020202020BD
S11149562020202020202020202000202020AF
S1114964202020202020202020202020202081
S1114972202020002020202020202020202093
S1114980202020202020202020200020202085
S111498E202020202020202020202020202057
S111499C202020002020202020202020202069
S11149AA20202020202020202020002020205B
S11149B820202020202020202020202020202D
S11149C620202000000000000000000000007F
S10A49D40022A822A822A87A
S10949DB22A822A822A874
S10949E122A822A822A86E
S10949E722A822A853F4EB
S10949ED53F453F453F4EB
S10949F3558E53F453F449
S10949F953F453F453F4DF
S11149FF53F400000001202020572E522E58A1
S1114A0D2E2053455454494E47532020002078
S1114A1B564944454F204348414E4E454C20D9
S1114A2920202020200020564944454F204FD5
S1114A37555420202020202020202020002064
S1114A45415544494F202020202020202020CD
S1114A532020202020002045584954202020F7
S1114A612020202020202020202020200020A3
S1114A6F202020202020202020202020202075
S1114A7D202020202000202020202020202087
S1114A8B202020202020202020202020002079
S1114A9920202020202020202020202020204B
S1114AA720202020200020202020202020205D
S1114AB520202020202020202020202000204F
S1114AC3202020202020202020202020202021
S1114AD1202020202000202020202020202033
S1114ADF202020202020202020202020002025
S1114AED2020202020202020202020202020F7
S1114AFB202020202000120D100000000000DA
S10C4B0900000022CA22EC230E74
S1094B1222A822A822A83B
S1094B1822A822A822A835
S1094B1E22A822A853F8AE
S1094B2453F853F8558E0E
S1094B2A53F453F453F4AC
S1094B3053F453F453F4A6
S1114B3653F40000000220572E522E582E2059
S1114B44444941474E4F5354494353200020E7
S1114B524558495420202020202020202020D7
S1114B602020202020002020202020202020A3
S1114B6E202020202020202020202020002095
S1114B7C202020202020202020202020202067
S1114B8A202020202000202020202020202079
S1114B9820202020202020202020202000206B
S1114BA620202020202020202020202020203D
S1114BB420202020200020202020202020204F
S1114BC2202020202020202020202020002041
S1114BD0202020202020202020202020202013
S1114BDE202020202000202020202020202025
S1114BEC202020202020202020202020002017
S1114BFA2020202020202020202020202020E9
S1114C082020202020002020202020202020FA
S1114C162020202020202020202020200020EC
S1114C242020202020202020202020202020BE
S1114C322020202020000000000000000000D0
S10C4C4000000022A822A822A809
S1094C4922A822A822A803
S1094C4F22A822A822A8FD
S1094C5522A822A8558EDE
S1094C5B53F453F453F47A
S1094C6153F453F453F474
S1094C6753F453F453F46E
S1114C6D53F40000000320202020572E522E66
S1114C7B582E2053544154555320202000201D
S1114C89534F46545741524520524556202061
S1114C972020202020002053455249414C206B
S1114CA54E554D2020202020202020200020CD
S1114CB352535349202020202020202020206E
S1114CC120202020200020534E5220202020AE
S1114CCF202020202020202020202020002033
S1114CDD45584954202020202020202020204B
S1114CEB202020202000202020202020202017
S1114CF9202020202020202020202020002009
S1114D072020202020202020202020202020DA
S1114D152020202020002020202020202020EC
S1114D232020202020202020202020200020DE
S1114D312020202020202020202020202020B0
S1114D3F2020202020002020202020202020C2
S1114D4D2020202020202020202020200020B4
S1114D5B202020202020202020202020202086
S1114D692020202020000F0D0F0F000000005E
S10C4D7700000022422220226403
S1094D80228622A822A8ED
S1094D8622A822A822A8C5
S1094D8C22A822A853F442
S1094D9254E253F453F453
S1094D98558E53F453F4A0
S1094D9E53F453F453F436
S1114DA453F400000004202020202020444569
S1114DB24641554C5453202020202020002040
S1114DC0455849542020202020202020202067
S1114DCE20202020200020524553544F5245EF
S1114DDC2044454641554C54532020200020CD
S1114DEA2020202020202020202020202020F7
S1114DF82020202020002020202020205741B1
S1114E06524E494E47202020202020200059E3
S1114E144F552057494C4C204C4F53452041DC
S1114E224C4C202020004F462054484520438D
S1114E30555252454E5420202020202000537D
S1114E3E455454494E47532020202020202064
S1114E4C2020202020002020202020202020B4
S1114E5A2020202020202020202020200020A6
S1114E68202020202020202020202020202078
S1114E7620202020200020202020202020208A
S1114E8420202020202020202020202000207C
S1114E9220202020202020202020202020204E
S1114EA0202020202000000000000000000060
S10C4EAE00000022A822A822A899
S1094EB722A822A822A893
S1094EBD22A822A822A88D
S1094EC322A822A8558E6E
S1094EC9559653F453F466
S1094ECF53F453F453F404
S1094ED553F453F453F4FE
S1114EDB53F40000000000000000000000007E
S1114EE90000000000000000000000000000B7
S1114EF70000000000000000000000000000A9
S1114F0500000000000000000000000000009A
S1114F1300000000000000000000000000008C
S1114F2100000000000000000000000000007E
S1114F2F000000000000000000000000000070
S1114F3D000000000000000000000000000062
S1114F4B000000000000000000000000000054
S1114F59000000000000000000000000000046
S1114F67000000000000000000000000000038
S1114F7500000000000000000000000000002A
S1114F8300000000000000000000000000001C
S1114F9100000000000000000000000000000E
S1114F9F000000000000000000000000000000
S1114FAD0000000000000000000000000000F2
S1114FBB0000000000000000000000000000E4
S1114FC90000000000000000000000000000D6
S1114FD70000000000000000000000000000C8
S1114FE50000000000000000000000000000BA
S1114FF30000000000000000000000000000AC
S111500100000000000000000000000000009D
S108500F000000000098
S105FB520000AD
S105FB540000AB
S104FB5601A9
S104FB5700A9
S111FB5800000000000000000000000000009B
S10DFB660000000000000000000091
S104FB700090
S104FB71008F
S104FB72008E
S104FB73008D
S111501400000000000000000000000000008A
S109502200000000000084
S2120E19F81BF1BFFD20088D00001826111CF6F0
S2110E1A062CE5C100182611134A9A8F391FC1
S2120E1A132D2AFC02200418200082F62D2AC171
S2120E1A21FC26207321C0CD00306D84CD00084B
S2110E1A2F6D82F62D2B878A02CA006C80CCC5
S2110E1A3C00034A90C838205869F040203B41
S2120E1A49CD2D2AE6F040876D8AE38AB746E674
S2120E1A57406BF02B1AF02CE6F04087596E8A84
S2120E1A65E38AB746E6F02B6B4019F02DE6F03E
S2120E1A734087596D8AE38AB746CC002C6B402E
S2120E1A8162F040E6F040C10825BECD00066DB0
S2110E1A8F8219F02C6D80CC02124AAB39384D
S2120E1A9C792D2AFD26CD8D0000272A1800AEC5
S2120E1AAA00001800AE4270FC21B8167AA11885
S2110E1AB800AE00001800AE4000167F10169F
S2120E1AC5CDD8307E2202307E2204200C18036E
S2110E1AD3000022021803000022041801AEC7
S2120E1AE022041801AE22021800AEC000180036
S2120E1AEEAE44C1167ED72C1CF621FEC1002774
S2110E1AFC15FD26CB8D0000260DCC53D84AC6
S20E0E1B0998F1391803858326CBF6F3
S2120E1B13221BC1002713F621C6C100260C1D8C
S2120E1B210001011803000022072012FD220705
S2110E1B2F8D0000260A1C000101180300019F
S2120E1B3C2207FD22198D000F2D0ECC00034A37
S20F0E1B4AB44938180B0121C6204EFDD2
S2120E1B5522198D000F2C16FD22198D00052D5F
S2110E1B630ECC00024AB44938180B0121C6FC
S2120E1B702030FD22198D00052C16FD22198D33
S2110E1B7E00002F0ECC00024AB44938180B9A
S2120E1B8B0121C62012FD22198D0000260ACC5E
S20E0E1B9900004AB449387921C6F65A
S2110E1BA321B4C10027144AB4D238CD00007C
S2100E1BB06D80CC00814AB19E384A821B24
S2100E1BBC38F621B5C10027077921B54A7E
S20D0E1BC8B4D2381F2D03800CF672
S2120E1BD12209C1002605180B0122091F2D033E
S2120E1BDF400CF6220AC1002605180B01220A3B
S2100E1BED1F2D03200679220979220AF625
S2120E1BF921C6C1002729F621C7C1002622F6F6
S2120E1C0721D0C100261B180B012201180B015E
S20B0E1C1521C74A9A3E391D55
S20D0E1C1C26E101CC53BF4A98F1F3
S2110E1C25392055F621C6C100274EF621D0F7
S2120E1C32C1002747F621D1C10026404A9F1753
S20F0E1C40394A9F5339CD00006D82CD4F
S2100E1C4B53AC6D80CC00004AA09139CD41
S2110E1C5700006D82CD539A6D80CC00014AC0
S2110E1C64A09139CD00016D82CD53866D80A6
S2110E1C71CC00024AA09139180B0121D1F6C5
S2120E1C7E2201C100271FFD26C18D000026176D
S2120E1C8CCD00056D82CD53756D80CC05004AD9
S20E0E1C9AAB393818030B7126C1F69D
S2120E1CA421C7C100271DF621C6C100261679DF
S20B0E1CB221C74A9A3E39CC09
S20B0E1CB953594A98F1391F3A
S2120E1CC026E1010316558E1801AE22EE18010F
S2120E1CCEAE22EC167A0F8C00016CF03F271239
S2120E1CDCEDF03F8D0002270FEDF03F8D00035A
S2120E1CEA270E20137924182011180B0124182B
S2110E1CF8200A180B0224182003792418F673
S2100E1D0521FDC10026557921FF4AB2557B
S20B0E1D1138CC53414A98F14D
S20D0E1D1839180B0121C44AB7C4A8
S20A0E1D21384ABE7D38CCE8
S2100E1D27579C4ABF2D3887C100270BCDF5
S20F0E1D33532B6D804ABE003A2009CDEF
S20D0E1D3E53116D804ABE003A4AAC
S2110E1D4780003AF62418C10226061C000085
S2110E1D541020041D000010180B0121FDF6D6
S2120E1D61237087B746CC000613B746CE235522
S2120E1D6FB7646E8AE38AB746E640C1012616B2
S20F0E1D7DCD2CC26D80CC23204ABDB9D1
S2100E1D883C8C00002705180B0121C3CD73
S2110E1D9400036D82CD23206D80CC2CC24A3C
S20F0E1DA1BE983CF621C3C100270CFCC8
S2120E1DAC26E28400C4048C00002609F621C42C
S2120E1DBAC100182700881801AE23101801AEBF
S2110E1DC8230E1800AE00001800AE3F801669
S2100E1DD57ED72629CC00014AB7FE38CD7A
S2120E1DE100006D88CD00016D86CD00006D846D
S2120E1DEF18008000001800820114CC00C44AB2
S2110E1DFDA67D3920401801AE23101801AE49
S2110E1E0A230E1800AE00001800AE400016A5
S2100E1E177ED72627CC00004AB7FE38CD3A
S2120E1E2300036D88CD00086D86CD00006D8420
S2120E1E3118008000001800820114CC00C44A6F
S20B0E1E3FA67D397921C37957
S2120E1E4621C4F621FDC1002731F621FFC10092
S2110E1E54262AF62DA0C100271CCC00004A41
S20B0E1E6182873ACC2DA04A41
S20D0E1E68876B3BCC00014A828711
S20B0E1E713ACC52FA4A98F132
S20B0E1E7839CC2DA04A8000B4
S2110E1E7F3B1F2D040402200418200122FD36
S2120E1E8C26D98D000018260118F621D0C100AA
S2120E1E9A1826010F1F26E1010EFC26E284021A
S2110E1EA8C4008C0000182700FC1803006113
S2120E1EB526D9F62D05874756475647564756EA
S2100E1EC37B27FFF62D05C40F7B2800F6CB
S2120E1ECF2D048747564756475647567B280122
S2120E1EDDF62D04C40F7B2802F62D03874756FB
S2120E1EEB4756475647567B2803F62D03C40F60
S2120E1EF97B28041AF03D1800000000ECF03DA9
S2120E1F07CD27FF6D8AE38AB746E640C10A2450
S2120E1F1520ECF03DCD27FF6D8AE38AB7466DB1
S2120E1F23F01EE6F3001ECB30B716EEF01EB71D
S2120E1F31616B002020ECF03DCD27FF6D8AE39D
S2120E1F3F8AB7466DF01CE6F3001CC00ACB41B6
S2120E1F4DB716EEF01CB7616B00EDF03D026DA0
S2110E1F5BF03D8D00052FA2180B0D28057900
S2110E1F682806CD27FF6D80CC00014AAF691C
S20C0E1F7538792D05792D04794B
S2110E1F7D2D03CD000C6D82CD00006D80CCC6
S20B0E1F8A27FF4ABF003AF6DE
S2120E1F9121D2C1002616F621C6C100270F1D4E
S2120E1F9F0001011803006126C5180B0121D2A1
S2110E1FADF6221EC10018260080FD26BF8DF0
S2120E1FBA000018260076F621D3C100266FFD15
S2120E1FC826C38D0000261EFD221C8D00002650
S2110E1FD616CC00004AB72038FD221C027DF6
S2120E1FE3221C180303D026C32049FD26C38DEC
S2110E1FF10000261EFD221C8D00012616CCBB
S20F0E1FFE00004AB74D38FD221C027D85
S2120E2009221C180303D026C32023FD26C38DEB
S2110E20170000261BFD221C8D00022D13CC92
S2110E202400004AB77A3818030000221C1878
S2120E20310303D026C3FD26C58D0000260EF630
S2120E203F21D2C10027071C0001017921D21FF5
S2120E204D26E10102200418200059F6237087A3
S2120E205BB746CC0006136CF01ACD23546D8AD1
S2120E2069E38AB746E640C100263DECF01ACDDF
S2120E207723556D8AE38AB746E640C103262B34
S2110E2085FC2217167AA1306E82306E82CCC9
S20B0E209222644AA05A39FC35
S2120E20992219167AA1306E82306E82CC228606
S20E0E20A74AA05A39180B012CE6F673
S2120E20B1237087B746CC000613B746CE2355CF
S2120E20BFB7646E8AE38AB746E640C10126165F
S20F0E20CDCD2CC66D80CC22FE4ABDB99D
S2100E20D83C8C00002705180B0121C2CD21
S2110E20E400066D82CD22FE6D80CC2CC64A05
S20F0E20F1BE983CF621C2C1002717FC6B
S2120E20FC26E28400C4048C0000270B7921FD1A
S2120E210A7921C2180B012C8BF62C8BC10027E8
S2110E211813FD26D38D0000260B4A9F1739A7
S20C0E21254A9F5339792C8BF604
S2120E212D237087B746CC000613B746CE235552
S2120E213BB7646E8AE38AB746E640C101261BDD
S20F0E2149CD2CD96D80CC22DC4ABDB92F
S2110E21543C8C0000270A180B0121C1180B49
S2100E21610121CCCD22DC6D80CC2CD916D2
S2120E216D79E1FD26DD8D0000271BF621C1C18F
S2110E217B0027141803000026DD18030000D0
S20F0E218821CE7921CD180B0121CCF6DC
S2110E219321CBC10027147921CB18032DC6D1
S2120E21A026DD180B0121CD1803000621CEF603
S2120E21AE21C1C100270CFC26E28400C4048C5E
S2120E21BC00002618F621C5C10018270065F68D
S2120E21CA21CDC100265EFD26C78D00002656CE
S2120E21D8180B01221EFD21CE8D00072D1CCCED
S20D0E21E652E54A98F139180B0176
S2100E21EF21CC7921C579221E18030000B1
S2120E21FB21CE1820005ECD00006D801801AEBD
S20F0E220922CC1801AE22CA167A0F4A2D
S2100E2214B58C381803012426C7180B01E1
S20E0E222021CD7921C1FD21CE027DED
S2120E222A21CE2031F621CDC100272AFD26C773
S2120E22388D00002622FD26DD8D0000261ACC17
S2110E224600004AB67D387921CD180303D06E
S2110E225326C7180B0121C5180B01221EF61A
S2120E226021D3C100272EF621D4C1002727F663
S20F0E226E21F9876C80CC21D54A822314
S2110E2279387921D4CD001E6D82CD00006D8B
S2100E228680CC21D54ABF003A1803000099
S2110E229221F3F626E1C5022613FD26D58D96
S2110E229F000018260627F621B3C1001827EA
S2110E22AC061E1801AE22CC1801AE22CA1670
S2120E22B97A0F6CF03DCD52DF6D80CC20194AA8
S2110E22C7BF903C8C0000274CF621D3C100C2
S2110E22D42645180B0121D3CD52CD6D804A44
S20D0E22E1BE003ACD52B46D804ADF
S20B0E22EABE003A7921F979D6
S2120E22F121FA1803000221F7CD001E6D82CDD5
S2110E22FF00006D80CC21D54ABF003A1803B2
S2110E230C000021F3FD21F5027D21F51820BD
S2110E231900CCCD52DF6D80CC20194ABF904F
S2110E23263C8C0000182700A1F621D3C10044
S2110E233318270098FD21F58D0001271AFDD4
S2120E234021F58D0002272FFD21F58D000327B7
S2120E234E3EFD21F58D0004274D205DCD52A3D9
S2110E235C6D804ABE003A180B0121F91803D9
S2120E236900C02000FD21F5027D21F52040CD9E
S20F0E237752936D804ABE003A180B020F
S2100E238221F9FD21F5027D21F52029CD64
S20F0E238E52826D804ABE003A180B0308
S2100E239921F9FD21F5027D21F52012CD64
S20D0E23A5526F6D804ABE003A79B3
S2120E23AE21D31803000021F5CD001E6D82CD42
S2110E23BC00006D80CC21D54ABF003A1803F4
S2120E23C9000021F32018F621D3C1002711CDF7
S20E0E23D752696D80CC20194ABF90A3
S2110E23E13C8C00002700F621D3C100182703
S2120E23EE0096F621F9C1001826008DCD52631A
S2110E23FC6D80CC20194ABF903C8C00001856
S2120E240927007AFD21F78D0001270CFD21F726
S2120E24178D0002273718200066CD52566D80B7
S2100E24254ABE003A7921FA1C0001401D48
S2120E24310001801803000221F7CD001E6D82FA
S2110E243FCD00006D80CC21D54ABF003A18A6
S2110E244C03000021F32033CD52446D804A6C
S2110E2459BE003A180B0121FA1D0001401CB2
S2120E24660001801803000121F7CD001E6D82C6
S2110E2474CD00006D80CC21D54ABF003A1871
S2120E248103000021F3F621D3C100182700EF4A
S2120E248FF621F9C101182600E6CD52636D80C7
S2110E249DCC20194ABF903C8C0000272ACD9B
S2110E24AA001E6D82CD00006D80CC21D54A3F
S2110E24B7BF003A1803000021F3180300C002
S20E0E24C42000CD52226D804ABE00A5
S2110E24CE3A182000ABCD521C6D80CC2019A4
S2110E24DB4ABF903C8C0000272ACD001E6DD7
S2110E24E882CD00006D80CC21D54ABF003A93
S2110E24F51803000021F3180300C22000CDCE
S2110E250251F96D804ABE003A18200070CDCB
S20E0E250F51F36D80CC20194ABF90E0
S2100E25193C8C00002728CD001E6D82CDE5
S2110E252500006D80CC21D54ABF003A180389
S2120E2532000021F3180300C42000CD51D16D19
S2110E2540804ABE003A2037CD51CB6D80CCC0
S2100E254D20194ABF903C8C00002726CDBB
S2110E2559001E6D82CD00006D80CC21D54A8F
S2110E2566BF003A1803000021F3180300C64C
S20E0E25732000CD51A86D804ABE0070
S2110E257D3AF621D3C10018270127F621F9E2
S2120E258AC1031826011ECD52636D80CC20199B
S2110E25984ABF903C8C0000272BCD001E6D18
S2110E25A582CD00006D80CC21D54ABF003AD5
S2110E25B21803000021F3CC00004AA5C8391E
S2110E25BFCD51896D804ABE003A182000E20C
S20F0E25CCCD521C6D80CC20194ABF902B
S2100E25D73C8C0000272BCD001E6D82CD24
S2110E25E300006D80CC21D54ABF003A1803CB
S2100E25F0000021F3CC00004AA5F239CD05
S2110E25FC515A6D804ABE003A182000A6CD3A
S20E0E260951F36D80CC20194ABF90E5
S2100E26133C8C00002729CD001E6D82CDE9
S2110E261F00006D80CC21D54ABF003A18038E
S2120E262C000021F3180B0121FBCD51156D8019
S2110E263A4ABE003A1820006CCD51CB6D80C4
S2110E2647CC20194ABF903C8C00002727CDF2
S2110E2654001E6D82CD00006D80CC21D54A93
S2100E2661BF003A1803000021F3180B010E
S20E0E266D221FCD50DA6D804ABE0023
S2100E26773A2034CD51CB6D80CC20194A91
S2110E2683BF903C8C00002723CD001E6D82FC
S2110E2690CD00006D80CC21D54ABF003A1853
S2120E269D03000021F379221FCD50A56D804A52
S20F0E26ABBE003AF621C1C1002609F65B
S2120E26B621C5C10018270099EDF03D8D0001DC
S2120E26C4271AEDF03D8D00022722EDF03D8D1B
S2120E26D20003272AEDF03D8D00042732203E31
S2110E26E0CD509E6D82CD2CD26D804ABE1858
S2110E26ED3A202ECD50976D82CD2CD26D80EA
S2100E26FA4ABE183A201ECD50906D82CDC0
S20F0E27062CD26D804ABE183A200ECD75
S2100E271150896D82CD2CD26D804ABE1809
S20E0E271D3ACD2CD26D80CC20194A5E
S2110E2727BF903C8C00002728F621CCC10088
S20E0E2734270D4AB4D238CC50734A73
S20F0E273E98F1392005180B0121CC790C
S2100E274921C57921CD79221E1803000050
S20F0E275521CECD50676D80CC20194AB7
S2100E2760BF903C8C0000270618031AB32E
S20F0E276C26BFCD50606D80CC20194AB1
S2100E2777BF903C8C0000271018030000DA
S2110E278322171803000022191820011FCD82
S20E0E2790505B6D80CC20194ABF90F6
S2110E279A3C8C00001827007CCD20196DF039
S2120E27A73B180B01221B18200063E6F3003BC6
S2100E27B5874ABFCE388C00002625E6F3BF
S2120E27C1003B876CF0188C002D2708EDF018E4
S2110E27CF8D002B2639EDF03B02E640874AC2
S2110E27DCBFCE388C00002729CD000A6D8276
S2110E27E919F03B6D80ECF03B4AB85E3A3AB4
S2120E27F66CF0393A6CF039ECF0393BECF039F9
S2120E28043B1B82317D22172007EDF03B026D46
S2110E2812F03BE6F3003BC1001826FF93CD09
S20E0E281F50576D80CC20194ABF906A
S2110E28293C8C00002753CD20196DF03B1897
S2120E28360B01221B203EE6F3003B874ABFCE68
S2110E2844388C00002729CD000A6D8219F091
S2110E28513B6D80ECF03B4AB85E3A3A6CF0F8
S2120E285E393A6CF039ECF0393BECF0393B1B96
S2120E286C82317D2219200FEDF03B026DF03BFF
S2120E287AE6F3003BC10026BACD504E6D80CC64
S2100E288820194ABF903C8C000027061C4E
S2120E28940001102015CD50416D80CC20194A43
S2110E28A2BF903C8C000027041D000110CDD9
S2110E28AF00966D82CD00006D80CC20194A7B
S20C0E28BCBF003A1D26E1027969
S2120E28C421B31803000020AFF626E1C5042649
S2120E28D20AFD22138D0000182F0244F621D0A8
S2120E28E0C1001826023769F03A69F03E69F01C
S2120E28EE3B1AF038180100221369F03A182033
S2110E28FC0214CC220F4AB33A386CF03C2082
S2120E29090362F03EE6F03E87E3F03CB746E68D
S2120E291740C15527EEE6F03EC101182501E739
S2120E2925180B0121C6E6F03E87E3F03CB746DF
S2120E2933E640C101262FE6F03E87E3F03CB7E5
S2120E29414602180D402CBFE6F03E87E3F03C33
S2120E294FC30002B746180D402CC0792CC1E608
S2120E295DF03ECB036BF03E182000D0E6F03EA8
S2120E296B87E3F03CB746E640C10618260097F6
S2110E2979E6F03E87E3F03CC300014ABE0ABE
S2110E29863CB746036DF022CD50141AF02417
S2120E2993CC000A180271310434F919F0246DC6
S2120E29A182EDF0226D80E6F03E87E3F03CC33A
S2110E29AF00014AA30A39B7456EF0201AF053
S2120E29BC24180D002CBF1AF025180D002CC086
S2120E29CA1AF026180D002CC1792CC2CC2CBF8C
S2100E29D84AB1D238B7457E2CE7180B0823
S2110E29E42CE9EDF0206D8219F0276D80CCE9
S20B0E29F12CEB4ABEBC3ACCEB
S2110E29F82CE74A98353887C10018260118BE
S2110E2A05CC88014AB4E9381820010DE6F021
S2120E2A123E87E3F03CB746180D402CBFE6F0AC
S2120E2A203E87E3F03CB74602180D402CC079F8
S2120E2A2E2CC1E6F03ECB026BF03EE6F03B8788
S2120E2A3C6CF016B74602B7616BF03BCC2CBFA3
S2110E2A4A4AB1D2386CF014ECF016CD2CEB21
S2120E2A576D8AE38AB746ECF014876B40203685
S2120E2A65E6F03B876CF012B74602B7616BF0D8
S2120E2A733BE6F03E876CF010B74602B7616B7E
S2120E2A81F03EECF012CD2CEB6D8AE38AB746D3
S2120E2A8FECF010E3F03CB745E6006B40E6F0C8
S2110E2A9D3E87E3F03CB746E640876C8E8C15
S2120E2AAA00002707ED8E8D000D26B0E6F03BE1
S2120E2AB8C1082420E6F03B876C8CB74602B7AA
S2120E2AC6616BF03BEC8CCD2CEB6D8AE38AB781
S2120E2AD446CC00006B4020071AF03B18080098
S2110E2AE208180303102CE71AF03B180D0021
S20C0E2AEF2CE9CC2CE74A9835C1
S2100E2AF73887C1002607CC88014AB4E9D7
S2110E2B033869F03B69F03E200369F03E6233
S2120E2B10F03AE6F03A87ACF038182DFDE11DCF
S2110E2B1E26E104F62CE5C10027094AB4F5A1
S20D0E2B2B3810EF792CE54A92A74A
S2090E2B34381BF0410AFB
S1115028000000000000000000000000000076
S109503600000000000070
S2120E2B393B1BF1AD19F051180040000019F0CC
S2120E2B4723180040000019F04F180040000042
S2120E2B55CD002A6D82CD00006D8019F025B7DA
S2110E2B63644ABF003AE6F05BC1052710E697
S2110E2B70F05BC1012709E6F05BC1001826D8
S2110E2B7D0138ECF0584ABE0A3C6CF04F1AB8
S2120E2B8AF0511800000000ECF051CD2C8C6DB2
S2120E2B9884E384B746CC00556B40EDF0510238
S2120E2BA66DF0518D00042DE3E6F05BC10026A7
S2120E2BB407180B012C9020081AF05B180D0067
S2120E2BC22C90ECF053B70187D72C01418400FF
S2120E2BD0C40FC300307B2C91F62C91C1392316
S2120E2BDE08F62C91CB077B2C91ECF053475645
S2120E2BEC4756475647568400C40FC300307B2C
S2120E2BFA2C92F62C92C1392308F62C92CB079D
S2120E2C087B2C92ECF0538400C40FC300307B7E
S2120E2C162C93F62C93C1392308F62C93CB077D
S2120E2C247B2C93180B022C941AF051180000FD
S2120E2C320000201FECF051CD2C956D84E3842F
S2120E2C40B746ECF051E3F058B745E6006B4091
S2120E2C4EEDF051026DF051EDF051ADF04F2D40
S2120E2C5CD9ECF051CD2C956D84E384B746CCA2
S2120E2C6A00036B40ECF051CD2C966D84E38487
S2120E2C78B746CC000D6B40ECF051CD2C976D90
S2120E2C8684E384B746CC00006B40180300C3F0
S2110E2C9426D9CD2C8C6D80CC00014AAF6980
S2100E2CA138CD00326D82CD00006D80CC68
S2110E2CAD2C8C4ABF003A18200262E6F05B3F
S2120E2CBAC106182601E81AF04F180000000199
S2120E2CC81AF0511800000001ECF051E3F0581F
S2120E2CD6B746E640C12C2607EDF04F026DF015
S2120E2CE44FECF051C300026CF0518C000E2D1A
S2120E2CF2DD1AF05118000000002028ECF051FC
S2120E2D0019F0256D84E384B746ECF023E3F05D
S2120E2D0E58B745E6006B40ECF023C300026C8F
S2120E2D1CF023EDF051026DF051EDF051ADF0DA
S2120E2D2A4F2DD01AF0511800000000ECF0519C
S2120E2D38CD2C8C6D84E384B746CC00556B40D4
S2120E2D46EDF051026DF0518D00042DE31AF0E3
S2120E2D545B180D002C90ECF053B70187D72CB1
S2110E2D6201418400C40FC300307B2C91F697
S2120E2D6F2C91C1392308F62C91CB077B2C91A4
S2120E2D7DECF05347564756475647568400C44A
S2120E2D8B0FC300307B2C92F62C92C139230813
S2120E2D99F62C92CB077B2C92ECF0538400C4E3
S2120E2DA70FC300307B2C93F62C93C1392308F5
S2120E2DB5F62C93CB077B2C931AF051180000C9
S2120E2DC300002029ECF05119F0256D84E384F3
S2120E2DD1B746E6406BF020ECF051CE2C946E1A
S2120E2DDF84E384B746E6F0206B40EDF051021A
S2120E2DED6DF051EDF051ADF04F2DCFECF051D4
S2120E2DFBCD2C946D84E384B746CC000D6B4051
S2110E2E09ECF051CD2C956D84E384B746CCCD
S2120E2E1600006B4019F01D180040000B19F05E
S2120E2E241B1800400010CD50281A87CC000A4E
S2120E2E32180271310434F919876DF01F6D8287
S2110E2E40EDF01D6D80CC2C914AA138396B3B
S2120E2E4D86EDF01B6D82EDF01F6D80CC2C9185
S20E0E2E5B4ABEBC3ACD503F6D80CC47
S2110E2E652C8C4ABF323AEDF01F6D82EDF058
S2110E2E721B6D80CC2C914AA30A39B7456E15
S2120E2E7FF01D180300C326D9CD2C8C6D80CC0A
S2100E2E8D00014AAF6938CD00326D82CDD0
S2110E2E9900006D80CC2C8C4ABF003A18202D
S2120E2EA60071E6F05BC10718260068180B07D1
S2120E2EB42C8C201FECF051CD2C8D6D84E384FB
S2120E2EC2B746ECF051E3F058B745E6006B400D
S2120E2ED0EDF051026DF051ECF051E3F058B7F4
S2120E2EDE46E640C10026D3ECF051CD2C8D6D8D
S2120E2EEC84E384B746CC000D6B40180300C37B
S2110E2EFA26D9CD2C8C6D80CC00014AAF6918
S2100E2F0738CD00326D82CD00006D80CCFF
S2110E2F132C8C4ABF003A1BF0550A3B1B9C47
S2120E2F20698318028B802035EC80E384B7465A
S2120E2F2EE683E8406B831808820820180F838F
S2120E2F3C800CE68387598800C8836B832006B8
S2120E2F4AE68387596B836382E682C10022E21D
S2120E2F58ED80026D80ED80AD892DC5E6838777
S2110E2F661B860A3B1B9AED868D0000182672
S2110E2F73005FF626E1C54026F918030000A3
S2120E2F80210520201801842105EC84ED840224
S2120E2F8E7D2105CD20B56D80E380B746EC8420
S2120E2F9CE38BB745E6006B40FC2105E38BB7D2
S2120E2FAA46E640C10026D3FC2105CD20B56DAF
S2120E2FB880E380B746CC00006B401803000086
S2120E2FC621051C26E1401C00CB80182000645E
S2120E2FD4ED868D00011826005BF626E1C58000
S2110E2FE226F91803000021AF2020180182EA
S2120E2FEF21AFEC82ED82027D21AFCD215F6D0B
S2120E2FFD80E380B746EC82E38BB745E6006BAA
S2120E300B40FC21AFE38BB746E640C10026D34D
S2110E3019FC21AFCD215F6D80E380B746CC65
S2120E302600006B401803000021AF1C26E18050
S2110E30341C00D3801B880A3BE681CA827BF7
S2120E304100851F008680FBFC0090F30092F3C5
S2120E304F0094F300964949167ABFCC0002068E
S2120E305D7E0F3B1B9C18088323E6F01287B7E7
S2120E306B46CC00046D80A3805959B746E68306
S2120E3079876D80AA80EA816B831805842CE78B
S2120E3087180B082CE9180D832CEBEC89840030
S2120E3095C4FF7B2CECEC89B701878400C4FFC9
S2120E30A37B2CED180D8C2CEEEC8F3BEC8F3B41
S2120E30B11800AE00FF1800AE0000167B8D1B3A
S2120E30BF8231B7617B2CEFEC8F3BEC8F3BCC57
S2110E30CD0008167BED1800AE00FF1800AED2
S2120E30DA0000167B8D1B8231B7617B2CF0EC4E
S2120E30E88F3BEC8F3BCC0010167BED1800AE27
S2120E30F600FF1800AE0000167B8D1B8231B751
S2120E3104617B2CF1EC8F3BEC8F3BCC0018164B
S2110E31127BED1800AE00FF1800AE00001694
S2120E311F7B8D1B8231B7617B2CF2CC2CE74ADF
S2100E312D98353887C1002607CC88014A6A
S20A0E3139B4E9384A92A725
S2110E313F386B821B860A3B1805802CE7189D
S2120E314C0D862CE9180D882CEB180D8A2CEC2F
S2120E315A180D8C2CED180D8E2CEE1AF010188B
S2120E31680D002CEF1AF012180D002CF01AF0B7
S2120E317614180D002CF11AF016180D002CF27F
S2110E3184CC2CE74A98353887C1002607CCBC
S20D0E319188014AB4E9384A92A7F7
S2110E319A381B820A3B1B9F180300002CE713
S2110E31A7180B022CE9180D822CEB180D8764
S20C0E31B42CECCC2CE74A9835F2
S2100E31BC3887C1002607CC88014AB4E90B
S2100E31C8384A92A7386B801B830A3B1B0C
S2110E31D499180083000018008500001820D2
S2120E31E1005FEC85E387B746180A4082E6824A
S2120E31EFC1302510E682C139220AE682878399
S2120E31FD00306C802030E682C1412513E6823B
S2120E320BC146220DE68287830041C3000A6C80
S2120E3219802017E682C161252EE682C166224F
S2110E322728E68287830061C3000A6C80CC07
S2120E32340010ED8313E3806C83ED85026D852E
S2120E3242EC85E387B746E640C1001826FF93DC
S2110E3250EC831B890A1D000001CC00014A0C
S2110E325D9E043A1C000001CC000A4A9E0496
S2110E326A3A0A3B1B9EEC82C30006B746ECEC
S2120E327782C30004B745EE00AE4026071800D0
S2120E328580000120051800800000EC801B84DF
S2120E32930A3B1B9EEC82C30004B746ED408D30
S2120E32A1000026071800800001200518008089
S2110E32AF0000EC801B840A3B1B96EC8A4A3E
S2110E32BCB26C388C0000270BFD220B027D35
S2120E32C9220B18200068EC8AC300026C88ECFC
S2120E32D78AC30006B746EEF3000808ED40B7B1
S2120E32E554B7651810B746EE886D00EDF01162
S2120E32F38D00142F081AF0111800000014EDAE
S2120E3301F0116D82ED8F6D80EC8AC30002B760
S2120E330F46CE0014ED40B75413B746CE29072F
S2110E331DB7646E84E3844ABE983CEC8AC307
S2120E332A00046C86EDF3000602EE866D001BA8
S2100E33388C0A3B1B9AEC864AB294388C2A
S2120E33440000270CFD220D027D220DCC00008F
S2120E335220491D00D320CC0014EDF300061308
S2120E3360B746CE2907B7646E80E3806C84EC09
S2120E336E86C30006B746EEF3000608ED40B71F
S2120E337C54B7651810B746EE866D00EC86C385
S2120E338A00046C82EDF3000203EE826D001C52
S2120E339800D320EC841B880A3B1B98EC884A58
S2110E33A6B294388C00002702203E180086D8
S2120E33B300002030CC0014EDF3000813B746D1
S2120E33C1CE2907B7646E84E384B746EC866D9D
S2120E33CF84E384B746E640876C82CD503C6D94
S2110E33DD804ABE003AED86026D86ED868DA6
S2110E33EA038425C91B8A0A3B1B98EC884AF3
S2110E33F7B294388C00002702204518008680
S2120E340400002037EC88C30002B746CE001438
S2120E3412ED40B75413B746CE2907B7646E8446
S2120E3420E384B746EC866D84E384B746E6403A
S2110E342E876C82CD503C6D804ABE003AED94
S2120E343B86026D86ED868D038425C21B8A0AD8
S2120E34493B1B9EE683876C808C0000271EEDD4
S2120E3457808D00012728ED808D00022734EDB3
S2120E3465808D00032740ED808D0004274C203E
S2120E34735B1C0001081C0001021C00010479FF
S2110E34812206204A1C0001081C0001021D38
S2120E348E000104180B01220620371D0001084F
S2120E349C1D0001021C000104180B0222062061
S2120E34AA241C0001081D0001021C000104185F
S2120E34B80B03220620111D0001081C00010247
S2110E34C61C000104180B0422061B840A1DB0
S2110E34D3000120CC00644A9E043A1C000145
S20D0E34E020CC000A4A9E043A0AAA
S111503C2563000D00456E636F6465204572A8
S111504A726F72004E6F204572726F720053C7
S11150584E520052535349004E6F4C696E6B1A
S11150660054503238323520436869700050CF
S1115074726F633A204368616E6E656C20555E
S1115082706461746564003434343434340072
S11150903333333333330032323232323200B0
S111509E31313131313100436F6D6D616E641B
S11150AC7320726F7574656420746F20494917
S11150BA432061646472657373203078413260
S11150C82C20666F7220454550524F4D2055E6
S11150D632310D00436F6D6D616E6473207294
S11150E46F7574656420746F20494943206120
S11150F264647265737320307841342C206638
S11151006F7220746865204A54414720494369
S111510E2C205532320D00456E7465722073EC
S111511C74617274696E6720616464726573F5
S111512A73202B206E756D5F6279746573209F
S11151387573696E6720666F726D61743A203C
S11151464646464620382020286865782C20EE
S1115154696E74290D0057726F7465207061C6
S11151626765207573696E6720706167655F0D
S1115170617272617931207374617274696EB8
S111517E6720617420307830300D00436C657A
S111518C6172656420706167652073746172DE
S111519A74696E6720617420307830300D0027
S11151A8426C6F636B204944206368616E673C
S11151B6656420746F204D44494E5F5344528B
S11151C4414D5F49440D001B5B31347E0042B7
S11151D26C6F636B204944206368616E6765EF
S11151E06420746F204D44494E5F48444D498D
S11151EE5F49440D001B5B31337E00426C6F41
S11151FC636B204944206368616E676564201C
S111520A746F204D44494E5F4C4F43414C5F3E
S111521849440D001B5B31327E00426C6F6313
S11152266B204944206368616E6765642074E0
S11152346F204D44494E5F484F53545F494428
S11152420D00454550524F4D5F4544494420F0
S11152506D6F64650D00545032393135206D98
S111525E6F64650D001B5B31317E001B5B31FC
S111526C397E004B6579626F617264204D6F6C
S111527A6465204F46460D00454550524F4D89
S11152885F353132206D6F64650D005350495F
S1115296203820626974206D6F64650D004934
S11152A4324320313620626974206D6F6465D8
S11152B20D00493243203820626974206D6F6C
S11152C06465202D205450323931350D004BD9
S11152CE6579626F617264204D6F6465204FD4
S11152DC4E0D001B5B32347E0050726F633A3D
S11152EA204368616E6E656C204661696C65D8
S11152F8640050726F633A20566964656F203B
S1115306436F6E6669677572656400454449BD
S1115314442043686970204E4F542D50726F30
S11153226772616D6D65640D00454449442059
S1115330436869702050726F6772616D6D651D
S111533E640D0050726F633A20566964656F07
S111534C205570646174696E672E2E2E005019
S111535A726F633A20576972656C6573732035
S1115368446973636F6E6E6563746564005709
S11153762E522E582E202020202020202020D1
S1115384FF005265626F6F7420666F722057CF
S11153925458204374726C00496E2042426FDE
S11153A078204374726C204D6F646500576969
S11153AE72656C65737320436F6E6E65637475
S11153BC65640050726F633A20576972656C25
S11153CA65737320436F6E6E656374656400D3
S11153D850726F633A205752582046616E207F
S11153E65370656564205761726E696E6700CE
S104FB74008C
S10753F4CC00003DA8
S2110E40001B9218008A00014A88273987B7E0
S2120E400D466D88F6237087B746CC0006136CF9
S2120E401B86CD23576D80E380B746E640876C51
S2120E402984EC86CE23566E80E380B746E640C5
S2120E403787B746EE84B7646E80E38083000182
S2120E4045596C82ED88CC013713B746CE49D59E
S2120E4053B7646E80E380B746EC826D80E38025
S2120E4061B7461802408C200EED8C19E820187B
S2120E406F02408CED8A026D8AF6237387AC8AA9
S2120E407D2EEAEC8C1B8E0A3B1B98F62372B7AF
S2110E408B1603B764876C80EC884A83C33931
S2120E40981B84ED881802408418024286EC88BF
S2120E40A6C3000CB745ED88180202AE180200D5
S2120E40B4AE1800AE00001800AE3F80167E2935
S2110E40C2306E40306E42EC884A858F39F61F
S2120E40CF237087B746CC000613B746CE235294
S2110E40DDB7646E82E3824A8F8E39ED88EC52
S2120E40EA863BEC863B306E40306E42EC884ACB
S2100E40F8858F391B8A0A3B1B9EEC82C388
S2120E41040020B746ED408D000027557223733F
S2110E41124A800039B7456E82B754C30011BF
S2120E411FB746E640C1002C0D180B012372ECBD
S2110E412D824A8084392059F62373C100267D
S2120E413A03792371F6237087B746CC00061362
S2120E4148B746CE2352B7646E80E3804A8F8E43
S20F0E415639F62373C100262F4A978A05
S20E0E4161392029792371792373792A
S2120E416B2372792374F6237087B746CC0006AF
S2110E417913B746CE2352B7646E80E3804A1D
S20A0E41868F8E394A978A5F
S2110E418C391B840A3B1B9BF62372B71602E6
S2120E4199B7616B82EC85C30011B746E640B7E1
S2110E41A714180D8223724ABE423AB7456EBA
S2110E41B480E68287AC802F08EC854A80FEE0
S2100E41C1392006EC854A8084391B870ADC
S2120E41CD180B0823741653F80A3B1BF1EA185B
S2120E41DB00880000E6F01CC100182700814A7E
S2110E41E9800039B7456EF016CD000C6D82C5
S2110E41F6ECF016C300126C80198AB7644AEE
S2110E4203BE983C2030ECF016C300226CF086
S2120E421016C30011B746E640B7166D82198A21
S2110E421E6D80ECF016C300124ABE983CCD23
S2110E422B00006D80ECF0164A83C3391B842C
S2120E423818028886ED86026D88E6F01C87B7A3
S2110E42464603AD862EBCF6237087B746CC19
S2120E4253000613B746CE2352B7646E84E3847D
S20B0E42614A8F8E394A97C101
S2110E4268391BF0180A1B94F62371C10018BE
S2110E427526006B4A88273987B7466D8AF6F5
S2120E4282237087B746CC0006136C86CD2357E6
S2120E42906D80E380B746E640876C84EC86CEE3
S2120E429E23566E80E380B746E64087B746EEA0
S2120E42AC84B7646E80E380830001596C82ED49
S2120E42BA8ACC013713B746CE49D5B7646E8050
S2120E42C8E380B746EC826D80E380B7461802A0
S2110E42D64088EC884A80FE39180B012371D3
S20A0E42E31653F81B8C0AB0
S10F53F81B904A88273987B7466D8CF655
S1115404237087B746CC0006136C86CD235761
S11154126D80E380B746E640876C84EC86CE5E
S111542023566E80E380B746E64087B746EE1B
S111542E84B7646E80E380830001596C82EDC4
S111543C8CCC013713B746CE49D5B7646E80C9
S111544AE380B746EC826D80E380B74618021B
S1115458408EF62371C1002653180B012371F8
S1115466792373792372EC8EC30020B746EDD0
S1115474408D00002705180B012373EC8EC336
S11054820011B746E640C1002C0D180B01C7
S10E548F2372EC8E4A808439203EF624
S111549A237087B746CC000613B746CE2352C4
S11054A8B7646E80E3804A8F8E3920234A5A
S11054B5800039B7456E8EB754C30011B79F
S11054C246E640C1002C08EC8E4A8190396A
S10E54CF2006EC8E4A80FE394A97C18B
S11054DA39CC00001BF0103D1B92F60B10A6
S11154E7876C888C00302D0EED888D00392ED8
S11054F507CC00001820008E4A8827398754
S1115502B7466D8AF6237087B746CC000613B1
S11155106C86CD23576D80E380B746E6408756
S111551E6C84EC86CE23566E80E380B746E69E
S110552C4087B746EE84B7646E80E3808349
S11155390001596C82ED8ACC013713B746CEBF
S111554749D5B7646E80E380B746EC826D8070
S1115555E380B7461802408CF62371C100268D
S111556312180B012371180B012372EC8C4AF1
S10B5571808439200E4A8000F9
S10F557939B7456E8CB7544A8190394A0A
S10F558597C139CC00001B8E3D4A8EA05B
S108559139CC00003DCF
S2110E42E91B98F62371C100271A4A88E33988
S2110E42F64A800039B7456E86F62374876C35
S2110E430380EC864A81D6392047F623708757
S2120E4310B746CC000613B746CE2356B7646EDD
S2120E431E82E382B7466D84E6F30004B71603FC
S2110E432CEE84B7616B00F6237087B746CCA3
S2120E4339000613B746CE2352B7646E82E3829A
S20B0E43474A8F8E394A978A51
S20F0E434E394A97C1391B880A1B98F6E7
S20F0E43592371C100271A4A8A30394A29
S2110E4364800039B7456E86F62374876C8090
S2110E4371EC864A81D6392047F6237087B7B2
S2120E437E46CC000613B746CE2356B7646E82A4
S2120E438CE382B7466D84E6F30004B71602EE23
S2120E439A84B7616B00F6237087B746CC00061C
S2110E43A813B746CE2352B7646E82E3824AE8
S20A0E43B58F8E394A978A2E
S2100E43BB394A97C1391B880A3B1BF17A61
S2110E43C7ECF086C3001EB746EC404ABE0A58
S2100E43D43C8C0000182700ABECF086C3F3
S2110E43E00011B746E640C100182D009BCD1B
S2120E43ED00786D82ECF086C3001EB746ED40DB
S2110E43FB6D80198AB7644ABE983C1AF0848D
S2120E440818000000012057EDF0848D000126EE
S2110E441612CD55F56D80198AB7644AB7149D
S2100E44233D6CF082200FCD55F56D80CC60
S2110E442F00004AB7143D6CF082EDF0826D71
S2100E443C80ECF086C300124ABDB93C8C22
S2120E444800002613ECF084EDF086167AA130F6
S2120E44566E40306E421820011FEDF084026D8F
S2120E4464F084ECF084167AA1ECF08AC3000CFD
S2120E4472B746180242AE180240AE167ED71897
S2120E44802FFF8C182000F7ECF086C3001EB738
S2100E448E46EC404ABE0A3C8C0000182784
S2120E449A00B1ECF086C30011B746E640C10036
S2110E44A8182C00A1CD00786D82ECF086C3B6
S2110E44B5001EB746ED406D80198AB7644AAA
S2110E44C2BE983C1AF0841800000001182069
S2120E44CF005DEDF0848D00012612CD55F56DC4
S2110E44DD80198AB7644AB7143D6CF0822031
S2110E44EA0FCD55F56D80CC00004AB7143D81
S2120E44F76CF082ECF086C30012B746E6F08C30
S2120E4505876D84E384B746E640E1F300822617
S2120E451313ECF084EDF086167AA1306E403072
S2120E45216E4218200057EDF084026DF084EC0A
S2120E452FF084167AA1ECF08AC3000CB746187C
S2120E453D0242AE180240AE167ED7182FFF862C
S2110E454B2031ECF086C3001EB746EC404A49
S2100E4558BE0A3C8C0000261EECF086C34B
S2120E4564001216D0C43A6C883A6C88EDF086BB
S2120E4572EC883BEC883B306E40306E42EDF02F
S2110E458086180242AE180240AECC00880629
S2120E458D7E0F3B1BF180ECF080C3001EB7467F
S2110E459BEC404ABE0A3C8C000018270109B1
S2120E45A8ECF080C30011B746E640C100182D99
S2120E45B600F9CD00646D82ECF080C3001EB7D7
S2110E45C446ED406D8019F018B7644ABE989B
S2100E45D13CCD55F56D8019F018B7644A05
S2100E45DDB7143D6CF07C1AF07E1800003F
S2110E45E900002016CD55F56D80CC00004A62
S2110E45F6B7143D6CF07CEDF07E026DF07E8D
S2120E4603ECF07E167AA1EDF084180242AE1888
S2120E46110240AE1800AE00001800AE3F801637
S2120E461F7E22167ED72DC7ECF080C30011B794
S2120E462D46E640B7166D82EDF07C6D80ECF022
S2100E463B80C300124ABE983CECF080C310
S2120E464700126C88CD55ED6D86CD000A6D8482
S2110E4655CD55EF6D8219F0186D804ABE1817
S2100E46623A19F018B7644ABE0A3CB74579
S2120E466E6EF016ECF080C30011B746E640B7AD
S2110E467C144ABE423AB7456EF014ECF080BC
S2120E4689C30011B746E640B7166D82ECF0166B
S2120E469719F0186D8EE38EA3F0146C80ECF006
S2110E46A580C300124ABE983C1820016CEC33
S2110E46B2F080C3001EB746EC404ABE0A3C20
S2120E46BF8C00001827009AECF080C30011B78E
S2120E46CD46E640C100182C008ACD00646D82B1
S2120E46DBECF080C3001EB746ED406D8019F061
S2110E46E918B7644ABE983C1AF07E18000002
S2110E46F600002031EDF07E8D00002613CD65
S2110E470355F56D8019F018B7644AB7143DD1
S2120E47106CF07C200FCD55F56D80CC00004A67
S2110E471EB7143D6CF07CEDF07E026DF07E63
S2120E472BECF07E167AA1EDF084180242AE185F
S2120E47390240AE167ED72DB9ECF080C30012ED
S2120E4747B746F62372878300016D8EE38EB79B
S2120E475546E6F3007C6B40182000BD69F01897
S2120E4763ECF080C30010B746E640C1002732C9
S2120E4771EDF0801802408A1802428CECF080A2
S2120E477FC30010B746E640876C88CD55ED6D2C
S2120E478D86CD000A6D84CD55E46D8219F018A7
S2110E479B6D804ABE183A2030EDF0801802F0
S2120E47A8408A1802428CECF080C30010B74612
S2120E47B6E640876C88CD55ED6D86CD000A6DFB
S2120E47C484CD55DC6D8219F0186D804ABE1835
S2100E47D23A19F018B7644ABE0A3CB74508
S2120E47DE6EF012ECF080C30011B746E640B740
S2110E47EC144ABE423AB7456EF010ECF0804F
S2120E47F9C30011B746E640B7166D82ECF012FE
S2120E480719F0186D8EE38EA3F0106C80ECF098
S2100E481580C300124ABE983CECF080C334
S2120E482100121BF0820A1B9018008E0000CCB0
S2110E482F0137ED8E13B746CE00066D8CF6E3
S2120E483C237087B746B754136C8ACD23526D81
S2120E484A80E3806C88EC8CCE48CA6E80E380CD
S2120E4858B746E640B716EE88B761E1001826A2
S2120E48660068EC8ACD23536D80E3806C86ECE2
S2120E48748CCE48CB6E80E380B746E640B71675
S2120E4882EE86B761E1002646EC8ACD23546D15
S2120E489080E3806C84EC8CCE48CC6E80E38089
S2120E489EB746E640B716EE84B761E100262454
S2120E48ACEC8ACD23556D80E3806C82EC8CCEAC
S2120E48BA48CD6E80E380B746E640B716EE8217
S2120E48C8B761E1002602200CED8E026D8E8D7D
S2120E48D60006182DFF52EC8E871BF0100A1BE4
S20C0E48E49E4A8000394A890D38
S2110E48EC39F6237087B746CC000613B74684
S2110E48F9CE2352B7646E80E3804A8F8E3950
S2110E49064A97C1391B820A3B1B9EF6237290
S2110E4913B71603B764876C80EC824A83C328
S2110E4920391B841800AECCCD1800AE3F8CAF
S20E0E492DFC26DB167ABF16CDD81650
S2120E49377A0FB7467D26BBF62014C100273534
S2120E4945ED82EE82180202AE180200AE1800C8
S2120E4953AE00001800AE4120EC8AC30004B77A
S2110E496145180202AE180200AE16CDD8168E
S2120E496E7E29306E40306E4218200059ED82C3
S2110E497CEE82180202AE180200AEEC86C3E4
S2110E49890004B745180202AE180200AE1666
S2120E49967E29306E40306E42ED82180242AE22
S2120E49A4180240AEEC86C3000CB74618024250
S2110E49B2AE180240AE167ED72F17EC82C34D
S2120E49BF0008B745ED82180202AE180200AED2
S2120E49CD306E40306E42ED82180242AE180278
S2120E49DB40AEEC86C3000CB746180242AE186D
S2120E49E90240AEEC8AC30004B746180242AE79
S2120E49F7180240AE1800AE00001800AE4120AA
S2120E4A05167F10167E29167ED72F17EC82C34C
S2120E4A130008B745ED82180202AE180200AE7D
S2110E4A21306E40306E42EC824A858F391B97
S20F0E4A2E840A1B9E4A8000394A8A5AF2
S2110E4A3939F6237087B746CC000613B74635
S2110E4A46CE2352B7646E80E3804A8F8E3901
S2110E4A534A97C1391B820A3B1B9EF6237242
S2110E4A60B71603B764876C80EC824A83C3DA
S2110E4A6D391B841800AECCCD1800AE3F8C61
S20E0E4A7AFC26DB167ABF16CDD81602
S2120E4A847A0FB7467D26BBF62014C1002735E6
S2120E4A92ED82EE82180202AE180200AE18007A
S2120E4AA0AE00001800AE4120EC8AC30004B72C
S2110E4AAE45180202AE180200AE16CDD81640
S2120E4ABB7E22306E40306E4218200059ED827C
S2110E4AC9EE82180202AE180200AEEC86C396
S2110E4AD60004B745180202AE180200AE1618
S2120E4AE37E22306E40306E42ED82180242AEDB
S2120E4AF1180240AEEC86C30008B74618024206
S2110E4AFFAE180240AE167ED72C17EC82C302
S2120E4B0C000CB745ED82180202AE180200AE7F
S2120E4B1A306E40306E42ED82180242AE180229
S2120E4B2840AEEC86C30008B746180242AE1822
S2120E4B360240AEEC8AC30004B746180242AE2A
S2120E4B44180240AE1800AE00001800AE41205B
S2120E4B52167F10167E22167ED72C17EC82C308
S2120E4B60000CB745ED82180202AE180200AE2B
S2110E4B6E306E40306E42EC824A858F391B49
S2120E4B7B840A1BF1CFF6237087B746CC0006D1
S2120E4B89136CF02ACD23536D80E380B746E6FC
S2120E4B97406BF02EECF02ACE23586E80E38094
S2120E4BA5B746E6F02E6B40F6237087B746CC6A
S2120E4BB30006136CF028CD23546D80E380B7F9
S2120E4BC146E6406BF02DECF028CE23596E80A3
S2120E4BCFE380B746E6F02D6B40F6237087B7F0
S2120E4BDD46CC0006136CF026CD23556D80E3F5
S2120E4BEB80B746E6406BF02CECF026CE235A32
S2120E4BF96E80E380B746E6F02C6B40F6237017
S2120E4C0787B746CC0006136CF024CD23576DEF
S2120E4C1580E3806CF022ECF024CE23566E80E8
S2120E4C23E380B746E640B716EEF022B761EB1A
S2120E4C3100B7166DF020ECF024CE235B6E80DE
S2120E4C3FE380B746ECF0206B401AF02F1800FC
S2110E4C4D000000CC0137EDF02F13B746CE59
S2120E4C5A00066DF01EF6237087B746B754138D
S2120E4C686CF01CCD23586D80E3806CF01AECB9
S2120E4C76F01ECE48CA6E80E380B746E640B704
S2120E4C8416EEF01AB761E100182600D4ECF01A
S2120E4C921CCD23596D80E3806CF018ECF01EDE
S2120E4CA0CE48CB6E80E380B746E640B716EEE3
S2120E4CAEF018B761E100182600ACECF01CCD35
S2110E4CBC235A6D80E3806CF016ECF01ECED1
S2120E4CC948CC6E80E380B746E640B716EEF097
S2110E4CD716B761E10018260084ECF01CCD27
S2110E4CE4235B6D80E3806CF014ECF01ECEAA
S2120E4CF148CD6E80E380B746E640B716EEF06E
S2120E4CFF14B761E100265E722370F6237087EE
S2120E4D0DB746CC000613B746CE2356B7646ED6
S2120E4D1B80E380B746CC00016B40F62370870F
S2120E4D29B746CC000613B746CE2357B7646EB9
S2120E4D3780E380B746CC00006B40F6237087F4
S2120E4D45B746CC000613B746CE2352B7646EA2
S20E0E4D5380E3804A8F8E394A978A55
S2100E4D5D394A97C139200EEDF02F026D7A
S2110E4D69F02F8D0006182DFEDEEDF02F8DBE
S2120E4D760006182D01201AF02F18000000005F
S2120E4D84CC0137EDF02F13B746CE00066DF0BD
S2120E4D9212F6237087B746B754136CF010CD8A
S2120E4DA023526D80E3806C8EECF012CE48CA65
S2120E4DAE6E80E380B746E640B716EE8EB7610F
S2120E4DBCE100182600CCECF010CD23536D80CF
S2120E4DCAE3806C8CECF012CE48CB6E80E3804D
S2120E4DD8B746E640B716EE8CB761E100182619
S2120E4DE600A6ECF010CD23546D80E3806C8A90
S2120E4DF4ECF012CE48CC6E80E380B746E6405A
S2120E4E02B716EE8AB761E10018260080ECF0B7
S2120E4E1010CD23556D80E3806C88ECF012CE2C
S2120E4E1E48CD6E80E380B746E640B716EE88A7
S2120E4E2CB761E1001826005AF6237087B746C7
S2120E4E3ACC0006136C86CD23576D80E380B732
S2120E4E4846E640876C84EC86CE23566E80E3DC
S2120E4E5680B746E64087B746EE84B7646E8099
S2120E4E64E380830001596C82EDF02FCC0137EF
S2120E4E7213B746CE49EBB7646E80E380B746A4
S2120E4E80EC826D80E380B746ED401540200EA6
S2120E4E8EEDF02F026DF02F8D0006182DFEE8AB
S2120E4E9C1BF0310A1B94F62370C100272873F4
S2120E4EAA2370F6237087B746CC000613B74665
S2110E4EB8CE2352B7646E84E3844A8F8E3983
S20B0E4EC54A978A394A97C18D
S2100E4ECC39182000AEF6237087B746CCCF
S2120E4ED8000613B746CE2352B7646E84E384EC
S2120E4EE6B746CC00006B40F6237087B746CC5E
S2120E4EF4000613B746CE2353B7646E84E384CF
S2120E4F02B746CC00006B40F6237087B746CC41
S2120E4F10000613B746CE2354B7646E84E384B1
S2120E4F1EB746CC00006B40F6237087B746CC25
S2120E4F2C000613B746CE2355B7646E84E38494
S2120E4F3AB746CC00006B401D26E1011D2CFA7A
S2120E4F4801CD00066D82CD55DA6D80CC0200CE
S2100E4F564AAB393818008A00014A801E4B
S2100E4F62384A92A738876C88ED8A026DDC
S2120E4F6E8A8D00082FEB180301E826D3180BC9
S20E0E4F7C012C8B79237179237279CC
S2110E4F8623737923741B8C0A3B1BF1C34A60
S2110E4F93882739876CF0371AF039180000A1
S2120E4FA00000CC0137EDF03713B746CE48CEE4
S2120E4FAEB7646E80E380B746ECF0396D80E394
S2120E4FBC80B746E6406BF034ECF039CE280B8C
S2120E4FCA6E80E380B746E6F0346B40EDF039AD
S2120E4FD8026DF0398D00142FC1F6237087B7C8
S2120E4FE646CC0006136CF02CCD23566D80E3E1
S2120E4FF480B746E640C10018230091ECF02C64
S2120E5002CD23576D80E380B746E640876CF0F0
S2120E50102AECF02CCE23566E80E380B746E6D2
S2120E501E4087B746EEF02AB7646E80E380B782
S2120E502C46CC0015136CF028EDF037CC01378D
S2120E503A13B746CE48CEB7646E80E380B746F8
S2120E5048ECF0286D80E380B74602E640C120ED
S2120E50562638F6237087B746CC000613B746EC
S2120E5064CE2356B7646E80E380B746CC0001AE
S2120E50726B40F6237087B746CC000613B74683
S2120E5080CE2357B7646E80E380B746CC000092
S2120E508E6B40F6237087B746CC0006136CF008
S2120E509C26CD23576D80E3806CF024ECF026B4
S2120E50AACE23566E80E380B746E640B716EE6F
S2120E50B8F024B761EB00C10C2538F623708786
S2120E50C6B746CC000613B746CE2356B7646E1A
S2120E50D480E380B746CC00016B40F623708753
S2120E50E2B746CC000613B746CE2357B7646EFD
S2120E50F080E380B746CC00006B40F623708738
S2120E50FEB746CC000613B746CE2356B7646EE2
S2120E510C80E380B746E640C109182600C8F6B6
S2120E511A237087B746CC000613B746CE235733
S2120E5128B7646E80E380B746E64087B746CC87
S2110E5136001513C300BD6CF022EDF037CC53
S2120E5143013713B746CE48CEB7646E80E380B3
S2120E5151B746ECF0226D80E380B74602E640CD
S2120E515FC1202746F6237087B746CC000613EF
S2120E516DB746CE2357B7646E80E380B7466D06
S2120E517BF020E6F30020B71602EEF020B76125
S2120E51896B00F6237087B746CC000613B746AB
S2120E5197CE2356B7646E80E380B746CC000873
S2120E51A56B402038F6237087B746CC000613F4
S2120E51B3B746CE2356B7646E80E380B746CC62
S2120E51C100016B40F6237087B746CC0006132F
S2120E51CFB746CE2357B7646E80E380B746CC45
S2120E51DD00006B40F6237087B746CC00061314
S2120E51EBB746CE2356B7646E80E380B746E610
S2120E51F940C10018260146F6237087B746CC36
S2120E5207000613B746CE2357B7646E80E380BC
S2120E5215B746E640C1002748F6237087B74618
S2120E5223CC000613B746CE2357B7646E80E354
S2120E523180B7466DF01EE6F3001EB71603EEAF
S2110E523FF01EB7616B00F6237087B746CCE5
S2120E524C000613B746CE2356B7646E80E38078
S2120E525AB746CC00016B40182000E11AF03B60
S2120E5268180000000BCC0015EDF03B13B746F9
S2120E5276CE01376DF01CEDF037B754136CF00A
S2120E52841ACD48CE6D80E380B746ECF01C6D5A
S2120E529280E380B74602E640C120271DECF0F2
S2120E52A01ACD48CE6D80E380B746ECF01C6D3E
S2120E52AE80E380B746E640C1202602200CEDB7
S2120E52BCF03B036DF03B8D00002EA6EDF03B92
S2120E52CA8D00082F3EF6237087B746CC0006E2
S2120E52D813B746CE2356B7646E80E380B746F5
S2120E52E6CC00086B40F6237087B746CC000649
S2120E52F413B746CE2357B7646E80E380B746D8
S2120E5302ECF03B830008876B402039F62370D4
S2120E531087B746CC000613B746CE2356B764B4
S2110E531E6E80E380B746ECF03B876B40F6E2
S2120E532B237087B746CC000613B746CE235720
S2120E5339B7646E80E380B746CC00006B401A59
S2110E5347F03B18000000011AF039180000A7
S2120E53540000F6237087B746CC000613B74649
S2120E5362CE2357B7646E80E380B746E64087CC
S2120E5370B746ECF03B6D80E380B746CC0015DA
S2120E537E136CF018EDF037CC013713B746CE91
S2120E538C48CEB7646E80E380B746ECF0186D20
S2120E539A80E380B746ECF0396D80E380B746B0
S2120E53A8E6406BF034EDF03BCC001513B74626
S2120E53B6CE280BB7646E80E380B746ECF03957
S2120E53C46D80E380B746E6F0346B40EDF039B0
S2120E53D2026DF0398D0014182FFF79EDF03BAA
S2120E53E0026DF03B8D0008182FFF631AF03B8F
S2120E53EE1800000001F6237087B746CC0006A6
S2120E53FC13B746CE2357B7646E80E380B746CF
S2120E540AE64087B746ECF03B6D80E380B74673
S2120E5418036DF016EDF037CC013713B746CE07
S2120E542649CAB7646E80E380B746ECF0166D8A
S2120E543480E380B746E640C10018270337F621
S2120E5442237087B746CC000613B746CE235708
S2120E5450B7646E80E380B746E64087B746EC3C
S2120E545EF03B6D80E380830001596CF014ED78
S2120E546CF037CC013713B746CE49D5B7646E6F
S2120E547A80E380B746ECF0146D80E380B746F4
S2120E54881AF033180240001AF0301808000111
S2120E54961AF03118000000011AF03918000046
S2120E54A400001AF02E18000000001820021548
S2120E54B2F62373C100182600A5F62371C1005E
S2120E54C01827009CF6237087B746CC000613FE
S2120E54CEB746CE2356B7646E80E380B746E62A
S2110E54DC4087ACF03B1826007BEDF02E8DC1
S2110E54E9000018260071F6237087B746CC1B
S2120E54F6000613B746CE2357B7646E80E380CB
S2120E5504B746E64087B746ECF03B6D80E38078
S2120E5512B746036DF012EDF037CC013713B727
S2120E552046CE49CAB7646E80E380B746ECF0FE
S2120E552E126D80E380B746E64087B746036DE3
S2120E553CF010EDF03BCC001513B746CE280B44
S2120E554AB7646E80E380B746ECF0106D80E31B
S2120E555880B746CC003E6B40F6237387ACF051
S2120E5566311826009BF6237087B746CC00063B
S2120E557413B746CE2356B7646E80E380B74656
S2120E5582E64087ACF03B1826007AEDF02E8D34
S2110E5590000018260070F6237087B746CC74
S2120E559D000613B746CE2357B7646E80E38023
S2120E55ABB746E64087B746ECF03B6D80E380D1
S2120E55B9B746036D8EEDF037CC013713B746AE
S2120E55C7CE49CAB7646E80E380B746EC8E6D92
S2120E55D580E380B746E64087E3F039B746031C
S2120E55E36D8CEDF03BCC001513B746CE280BA4
S2120E55F1B7646E80E380B746EC8C6D80E38068
S2120E55FFB746CC003E6B40ECF033C30011B73F
S2110E560D46E640C1002D07ECF0334A858FAF
S2110E561A39ECF033C30012B746ECF02E6DDF
S2120E562780E380B746E640C1001827009DF6C9
S2120E5635237087B746CC000613B746CE235713
S2120E5643B7646E80E380B746E64087B746EC47
S2120E5651F03B6D80E380B746036D8AEDF037B2
S2120E565FCC013713B746CE49CAB7646E80E349
S2120E566D80B746EC8A6D80E380B746E640872F
S2120E567BE3F0396C88EDF03BCC001513B74605
S2120E5689CE280BB7646E80E380B746EC886DB5
S2120E569780E380B7466D86ECF033C30012B784
S2120E56A545ECF02E6E80E380B746E640B71654
S2120E56B3EE86B7616B00EDF039026DF039ED44
S2120E56C1F02E026DF02EEDF0398D0014182F1F
S2110E56CFFDE1ECF033C30020B746ED408D34
S2120E56DC00001827008AEDF03319E8201AF0A9
S2120E56EA3318024000F6237087B746CC000633
S2120E56F813B746CE2357B7646E80E380B746D0
S2120E5706E64087B746ECF03B6D80E380B74674
S2110E5714036D84EDF037CC013713B746CE8B
S2120E572149CAB7646E80E380B746EC846D808E
S2120E572FE380B746E64087E3F0396C82EDF075
S2120E573D3BCC001513B746CE280BB7646E8015
S2110E574BE380B746EC826D80E380B746CC57
S2120E575800206B40EDF039026DF039EDF031A9
S2120E5766026DF031200369F030E6F030C1001F
S2120E57741826FD2EEDF03B026DF03B8D000864
S2120E5782182FFC6D1BF03F0A1B9EF623708739
S2120E5790B746CC000613B746CE2356B7646E49
S2120E579E80E380B746E64087B746CC0015136C
S2120E57ACB746CE280BB7646E80E380B746CCA9
S2110E57BA003E6B401B820A1B954A99EB3988
S2120E57C7180303102CE7180B082CE9792CEBB0
S2110E57D5180B022CEC180B4D2CED180B6566
S2120E57E22CEE180B6E2CEF180B752CF0180B09
S20E0E57F03A2CF1792CF2CC2CE74A85
S2100E57FA98353887C1002607CC88014A77
S20E0E5806B4E9381803000026DFFD93
S2120E581026DF8D000026F8180085000018030F
S2110E581E03102CE7180B072CE9792CEB79FC
S2110E582B2CF118008700004A801E38180069
S2120E5838890000CC0015ED8513B746CE280B62
S2120E5846B7646E80E380B746EC87E3896D800C
S2120E5854E380B746E6406B82EC89CE2CEC6EF7
S2120E586280E380B746E6826B40ED89026D89C4
S2110E58708D00042FC6CC2CE74A98353887DD
S2110E587DC1002607CC88014AB4E93818038E
S2110E588A000426DFFD26DF8D000026F84AFE
S2110E589792A738876C83EC87C300056C87DC
S2110E58A48C000F182FFF87ED85026D858D89
S2120E58B10008182FFF65180303102CE7180BBF
S2100E58BF032CE9792CEB180B032CEC796B
S20C0E58CB2CEDCC2CE74A9835B3
S2100E58D33887C1002607CC88014AB4E9CD
S2110E58DF381803000026DFFD26DF8D0000C2
S2090E58EC26F81B8B0AD6
S2120E58F13B1B9C180303102CE7180B082CE923
S2120E58FF180B142CEB180B022CEC18030000E2
S2120E590D2CF3FC2CF3CD2CED6D80E380B7460C
S2120E591BFC2CF3E384B745E6006B40FD2CF340
S2110E5929027D2CF3FD2CF38D00052FDACC3D
S2100E59362CE74A98353887C1002607CCAF
S2110E594288014AB4E938180B142CEB180334
S2120E594F00062CF32059FD2CF38D001B2D02A6
S2120E595D205E180300002CF5FC2CF5CD2CEC6D
S2120E596B6D80E380B746FC2CF3F32CF5E38438
S2120E5979B745E6006B40FD2CF5027D2CF5FDC5
S2110E59872CF58D00062FD7CC2CE74A983550
S2100E59943887C1002607CC88014AB4E90B
S20A0E59A0384A92A738FCFF
S2110E59A62CF3C300077C2CF3EC844ABE0ADB
S2100E59B33C6C82FD2CF3AD822598180388
S2120E59BF03102CE7180B032CE9180B142CEB18
S2100E59CD180B032CEC792CEDCC2CE74AC2
S2100E59D998353887C1002607CC88014A96
S2110E59E5B4E9381B860A180303102CE718C9
S2120E59F20B082CE9792CEB180B022CEC180B7C
S2120E5A00482CED180B6F2CEE180B6D2CEF18B5
S2120E5A0E0B652CF0180B3A2CF1180B032CF22D
S2110E5A1CCC2CE74A98353887C1002607CCFB
S2110E5A2988014AB4E9381803003026DFFD68
S2120E5A3626DF8D000026F80A1B9019846D825E
S2120E5A4418008403101808860869881808894A
S2120E5A520218088A4318088B6C18088C7218F7
S2120E5A60088D3A18088E03698F1984B7644AAB
S2100E5A6E98353887C1002607CC88014A00
S20E0E5A7AB4E938180300F426DFFD29
S2120E5A8426DF8D000026F81BF0100A1B991F59
S2120E5A9226E1011CF62D04B714B710F62D03F0
S2110E5AA0BC26E2270DF62D04B714B710F63F
S2110E5AAD2D037C26E2F62D2AC5012609F6ED
S2120E5ABA21C8C10018270128F626E1C50118DE
S2120E5AC826011F1D2D2A017921C81803006124
S2120E5AD626DFFD26DF8D000026F81C2CFA01BA
S20F0E5AE44A92A7381803006126DFFD6B
S2110E5AEF26DF8D000026F8CD00066D82CD58
S2100E5AFC55D86D80CC02004AAB393879C4
S2120E5B082370F6237087B746CC000613B746FA
S2120E5B16CE2352B7646E84E384B746CC0000EE
S2120E5B246B40F6237087B746CC000613B746C6
S2120E5B32CE2353B7646E84E384B746CC0000D1
S2120E5B406B40F6237087B746CC000613B746AA
S2120E5B4ECE2354B7646E84E384B746CC0000B4
S2120E5B5C6B40F6237087B746CC000613B7468E
S2120E5B6ACE2355B7646E84E384B746CC000097
S2120E5B786B40F6237087B746CC000613B74672
S2120E5B86CE2356B7646E84E384B746CC000179
S2120E5B946B40F6237087B746CC000613B74656
S2120E5BA2CE2357B7646E84E384B746CC00005D
S2110E5BB06B401C26E101F6237087B746CC2D
S2120E5BBD000613B746CE2352B7646E84E384FA
S20B0E5BCB4A8F8E394A978AB5
S20A0E5BD2394A97C139FCAA
S2110E5BD826E284FFC4F87C26E2792CF979CB
S2110E5BE52CF8792CF7FC26E28400C4018C07
S2120E5BF20000270EF62CF9C1002607180B0130
S2120E5C002CF92016F62CF9C1FF260FFC26E214
S2110E5C0E8400C4018C00002603792CF9FCDE
S2120E5C1B26E28400C4028C0000270EF62CF83B
S2120E5C29C1002607180B012CF82016F62CF8D4
S2120E5C37C1FF260FFC26E28400C4028C00007D
S2110E5C452603792CF8FC26E28400C4048C9D
S2120E5C520000270EF62CF7C1002607180B01D1
S2120E5C602CF72016F62CF7C1FF260FFC26E2B8
S2110E5C6E8400C4048C00002603792CF7FD7C
S2110E5C7B26DB8D000018260080180300F4AE
S2120E5C8826DB1F26E1010220041820006FF610
S2110E5C962CF9C10027094A835639180BFF5A
S2100E5CA32CF9F62CF8C10027094A82E9FD
S2110E5CAF39180BFF2CF8F62CF7C10126163F
S2120E5CBCF621C1C100260F180301E826DB4AAA
S20D0E5CCA8B7D39180BFF2CF7F642
S2110E5CD32CE6C100272BF6237087B746CCB3
S2120E5CE0000613B746CE2352B7646E84E384D6
S2100E5CEE4A8F8E39F62371C10026044A38
S20A0E5CFA978A394A97C195
S2100E5D0039792CE6F62CE6C10027361F7B
S2120E5D0C26E1012AF6237087B746CC00061352
S2120E5D1AB746CE2352B7646E84E3844A8F8E4D
S20F0E5D2839F62371C10026044A978A44
S20C0E5D33394A97C13920044AD3
S20B0E5D3B9A3E39792CE61F93
S2120E5D4226E10105CC00012003CC00001B87D5
S2120E5D500A3B1B820A1BF1721800840000F636
S2100E5D5E0800C1FF26084A9F5339182083
S2110E5D6A013DCC08004ABE0A3C8C0080238A
S2120E5D771C180886FFCD08006D8219866D80FA
S20E0E5D85CC00014A88DE384A821B65
S2110E5D8F3818200115CD00826D82CD08005B
S2110E5D9C6D801986B7644ABE983CCD55F54D
S2110E5DA96D801986B7644AB7143D6CF08CF9
S2120E5DB6CD22BA6DF08A182000B8ECF08C4A9A
S2110E5DC4BE0A3C8C000C231C180886FFCD72
S2120E5DD108006D8219866D80CC00014A88DEB1
S2100E5DDF384A821B38182000C1CD000C7C
S2110E5DEB6D82EDF08C6D80ECF08A4ABE984D
S2100E5DF83CCD55F56D80CC00004AB7146B
S2110E5E043D6CF08C8C000018260060EC84BF
S2120E5E11C300806C84C30800B746E640C1008E
S2110E5E1F2602205FEC84C308004ABE0A3C33
S2120E5E2C8C0080231A180886FFCD08006D82A3
S2100E5E3A19866D80CC00014A88DE384ABE
S2110E5E46821B38205ECD00826D82EC84C378
S2110E5E5308006C801986B7644ABE983CCDD8
S2110E5E6055F56D801986B7644AB7143D6C73
S2120E5E6DF08CECF08AC300226CF08ACD234235
S2120E5E7BADF08A1824FF3ECD22A86DF08820CA
S2110E5E8917CD00006D80ECF0884A83C339FB
S2120E5E961B84ECF088C300226CF088CD2330FF
S2120E5EA4ADF08824E11BF08E0A1BF17A19F081
S2120E5EB2841800400B10E6F30084876C808C7C
S2120E5EC000302D4FED808D00392E48EDF0840B
S2120E5ECE180D402232EDF08402180D402233DD
S2120E5EDCECF084C30002B746180D402234ECDC
S2120E5EEAF084C30003B746180D402235ECF0C8
S2120E5EF884C30004B746180D402236ECF08424
S2120E5F06C30005B746180D4022377922381B09
S2120E5F14F0860A1B98F60B10876C848C0030F5
S2120E5F222D17ED848D00392E10F62232C1306A
S2120E5F302509F62232C13922022015CD223264
S2120E5F3E6D86CD0B106D82ED866D80CC000745
S2110E5F4C4A88DE381B880A1BF16919F0938F
S2120E5F59180040000018008F0000698E198E8A
S2120E5F676D8CCD22BA6DF095182000A3ECF0CE
S2110E5F75954ABE0A3CB7456E8AECF093E3E3
S2120E5F828AB746028D0080241CEDF0956D84C5
S2120E5F90CD55D46D82ECF09319F0116D86E3AC
S2110E5F9E866C804ABE183A2011ECF093195E
S2120E5FABF0106D86E386B746CC00006B40EC19
S2110E5FB9F0954ABE0A3CB7456E88ECF09394
S2120E5FC6E388B746026DF0938D007F2F3AECFF
S2120E5FD48FC308006C8219F0116D80CC008011
S2110E5FE24A88DE38EC8FC300806C8FEDF021
S2120E5FEF956D84CD55D46D8219F0116D804AD5
S20D0E5FFDBE183AECF0954ABE0AF5
S2110E60063CB746026DF093ECF095C30022F9
S2120E60136CF095CD2342ADF0951824FF53EC9D
S2120E6021F09319F0106D86E386B746CC00009D
S2120E602F6B40EC8FC308006C8219F0116D806A
S2110E603DCC00804A88DE38EC8FC308806CDD
S2110E604A82ED8C6D80CC00014A88DE381B7E
S2070E6057F0970AA2
S10F55961B9E4A9A3E39CD00006D80CC6B
S10F55A200014AB58C38180BFF22BA4AED
S10955AE9F53394AB4D2F8
S10E55B4384A821B38CC00001B823DEB
S2120E605A3BED80EC873BEC873B306E40306EA5
S2110E606842EC804A858F391B820A3B1B9E38
S2110E6075ED876D80EC82C300121679E1CD2A
S2110E608200006D80EC824A83C3391B841B20
S2120E608F840A3B1BF1E3EDF0226D801986B7F6
S2110E609D641679E1EDF01D8D000026044A14
S20D0E60AAA10839ECF0224ABE0AE8
S2110E60B33C6C848C001424251AF01B180279
S2120E60C084002014CD55ED6D801986B7644A07
S2110E60CEBF323AEDF01B026DF01BEDF01B1D
S2120E60DB8D00142DE4CC001519866D80EDF0A8
S2120E60E91D13B746CE280BB7646E82E38216E2
S2110E60F779E1E6F025C10027044A97C1396D
S2120E61041BF01F0A1B981800860000CC001514
S2120E6112CD55BF6D82ED8613B746CE280BB761
S2110E6120646E84E3846C804ABE183AED86E9
S20F0E612D026D868D000C2DDA1B880A12
S11155BF20202020202020202020202020201A
S11155CD2020202020200025732C0001000047
S11155DB00252A73252E2A6600252A7325230F
S11155E92E2A66002000252A732573002C004C
S105FB75430047
S105FB77100078
S105FB799101F4
S105FB7B0F0075
S105FB7D4F181B
S105FB7F100070
S105FB8104007A
S105FB8300007C
S105FB8543181F
S105FB87100167
S105FB895354CF
S105FB8B5243DF
S105FB8D431817
S105FB8F10025E
S105FB9102006C
S105FB9301006B
S105FB9543180F
S105FB97100355
S105FB99000066
S105FB9B010063
S105FB9D431807
S105FB9F10044C
S105FBA1FFFF60
S105FBA3FFFF5E
S105FBA54F18F3
S105FBA7200038
S105FBA9030053
S105FBAB000054
S105FBAD4318F7
S105FBAF20012F
S105FBB14153BA
S105FBB3450106
S105FBB54318EF
S105FBB7200226
S105FBB9504FA7
S105FBBB434DB4
S105FBBD4318E7
S105FBBF20031D
S105FBC120001E
S105FBC301003B
S105FBC54F00EB
S105FBC7210017
S105FBC9040032
S105FBCB000034
S105FBCD4300EF
S105FBCF21010E
S105FBD1572EA9
S105FBD3522EAC
S105FBD54300E7
S105FBD7210205
S105FBD9582EA0
S105FBDB2020E4
S105FBDD4300DF
S105FBDF2103FC
S105FBE12020DE
S105FBE32020DC
S105FBE54300D7
S105FBE72104F3
S105FBE92020D6
S105FBEB20FFF5
S105FBED57FFBC
S105FBEFFFFF12
S105FBF1FFFF10
S105FBF3FFFF0E
S2120E34E93B1B820A180B01003C20FE0A1B93AA
S2120E34F71410698C2013CD2CFAE68C876D8A85
S2120E3505E38AB746CC00006B40628CE68CC1A3
S2120E35133825E7CD00006D82CD00146D80CCFD
S2100E3521007D4A900538CD00306D84CD3C
S2110E352D00086D82CD00006D80CC00014AB6
S2110E353A90C838CD00306D84CD00086D822F
S2110E3547CD02146D80CC00034A90C838CD1E
S2120E355400096D84CD00086D82CD01806D805D
S2110E3562CC00024A90C838CD00006D88CD12
S2120E356F00016D86CD00646D84CD00006D8269
S2110E357DCD02006D80CC00014A918D381BEA
S2060E358A8D0A95
S105FBF52B2BB4
S105FBF72B00DD
S105FBF9415471
S105FBFB4500BF
S2120E358C3B1B9CCD56706D82CD2D326D804A47
S20F0E359ABE183ACD23F56D80EC894A72
S20E0E35A5AF69381803004426D7FD60
S2120E35AF26D78D000026F8CD2D326D80EC89C5
S20F0E35BD4AAF69381803006126D7FDE0
S2110E35C826D78D000026F8CD56646D82CDF8
S20D0E35D52D326D804ABE183ACD67
S2100E35DE2D326D80EC894AAF6938180358
S2120E35EA006126D7FD26D78D000026F8ED844C
S2120E35F88D00012717ED848D00022720ED842E
S2120E36068D00032729ED848D00042732203E0A
S2110E3614CD56556D82CD2D326D804ABE18F6
S2110E36213A202ECD56466D82CD2D326D8090
S2100E362E4ABE183A201ECD56376D82CDCF
S20F0E363A2D326D804ABE183A200ECDD1
S2100E364556286D82CD2D326D804ABE18C0
S20F0E36513ACD2D326D80EC894AAF6931
S2110E365C381803004426D7FD26D78D000033
S2110E366926F8CD23F96D80EC894AAF69383E
S2110E36764A801E381B860A3B1B9CCD562034
S2100E36836D82CD2D326D804ABE183ACDF9
S2100E368F23F56D80EC844AAF69381803F2
S2110E369B004426D7FD26D78D000026F8CD5C
S2100E36A82D326D80EC844AAF6938180392
S2110E36B4006126D7FD26D78D000026F8CD26
S2100E36C156186D82CD2D326D804ABE1854
S20F0E36CD3ACD2D326D80EC844AAF69BA
S2110E36D8381803006126D7FD26D78D00009A
S2110E36E526F8CD56106D82CD2D326D804A22
S20F0E36F2BE183ACD2D326D80EC844AD7
S20E0E36FDAF69381803004426D7FD07
S2120E370726D78D000026F8CD23F96D80EC84B3
S20B0E37154AAF69384A801E18
S2110E371C381B860A3B1B9CCD56076D82CDD2
S20D0E37292D326D804ABE183ACD11
S2100E37322D326D80EC844AAF6938180307
S2120E373E004426D7FD26D78D000026F81B86E3
S2120E374C0A3B1B9CCD55FF6D82CD2D326D8037
S2100E375A4ABE183ACD2D326D80EC844A23
S20E0E3766AF69381803004426D7FD9D
S2120E377026D78D000026F81B860A3B1B9CCD26
S2100E377E55F76D82CD2D326D804ABE18B8
S20F0E378A3ACD2D326D80EC844AAF69FC
S2110E3795381803004426D7FD26D78D0000F9
S2090E37A226F81B860A46
S11155F741545E474552520041545E47534EA4
S1115605520041545E47525353490041545ED3
S1115613474B45590041545E474649580041F3
S1115621545E4743484E0041545E534B455976
S111562F3D3434343434340041545E534B451E
S111563D593D3333333333330041545E534B02
S111564B45593D3232323232320041545E5300
S11156594B45593D3131313131310041545E00
S1115667534649583D302C300041545E5343A5
S1085675484E3D330026
S104FBFD08FB
S2110E37A71B9ECD00106D80CC00634AB83A14
S2100E37B438CD00036D80CC000C4AB83AED
S2100E37C0381B820A1B9ECD00086D80CCC4
S2100E37CC00634AB83A38CD00036D80CC7E
S2100E37D800644AB83A381B820A1B9ECDCD
S2100E37E400006D80CC00634AB83A38CD69
S2110E37F000036D80CC00644AB83A381B8288
S2120E37FD0A3B1B9EE683C101260ECD00006D14
S2110E380B80CC00644AB83A38200CCD00037D
S2110E38186D80CC00644AB83A381B840A3B1B
S2120E38251B9EE68387B7466D80F623FD874A08
S2110E3833BC7B38871B840A3B1B9CE68A87ED
S2120E3840B7466D82E68587B7466D80F623FD89
S20C0E384E874ABC37381B860AB8
S104FBFE0002
S2120E38563B1B9E180D832D82F600E3C5201830
S2110E38642600821803000024291803000019
S2120E38712427180B0126B2180B0126B81803D2
S2110E387F000226B61803000126B4180D88A8
S2120E388C242BF62D82CA017B242C1C00E23063
S2120E389A180C2D8200E4180301E826C920182B
S2120E38A8FD26C98D00002610180B0123FECD3E
S20F0E38B657106D804ABE003A2007F641
S2120E38C126B3C10027E17926B3F623FEC1001A
S2120E38CF260E1803000126C9FD26C98D000020
S2110E38DD26F84A801E38F624B287200CCD41
S2110E38EA56F86D804ABE003ACC00FF1B84D7
S2120E38F70A3B1B9EF600E3C520182600791825
S2120E39050D832D8218030000242918030000DF
S2110E391324277926B21803000326B61803E3
S2120E3920000026B4180D88242B180D8A242CB1
S2120E392E1C00E230180C2D8200E4180301E88F
S2120E393C26C92018FD26C98D00002610180B71
S20F0E394A0123FECD56E06D804ABE0045
S2110E39553A2007F626B3C10027E17926B307
S2120E3962F623FEC100260E1803000126C9FD30
S2110E397026C98D000026F84A801E38200954
S2110E397DCD56C76D804ABE003A1B840A3B2D
S2120E398A1B9EF600E3C52018260085180D833A
S2120E39982D8218030000242918030000242791
S2110E39A67926B21803000426B6180300009A
S2120E39B326B4EC87B70187D72C01417B242B58
S2120E39C1E6887B242C180D8A242D1C00E2307E
S2120E39CF180C2D8200E4180301E826C92018F5
S2120E39DDFD26C98D00002610180B0123FECD08
S20F0E39EB56E06D804ABE003A2007F63C
S2120E39F626B3C10027E17926B3F623FEC100E4
S2120E3A04260E1803000126C9FD26C98D0000E9
S2110E3A1226F84A801E382009CD56C76D8056
S2110E3A1F4ABE003A1B840A3B1B9E180D8300
S2110E3A2C2D82F600E3C5201826008E180326
S2110E3A3900002429180300002427180B0196
S2120E3A4626B2180B0126B81803000326B61873
S2120E3A5403000126B4EC87B70187D72C01417C
S2120E3A627B242BE6887B242CF62D82CA017B55
S2120E3A70242D1C00E230180C2D8200E41803E4
S2120E3A7E01E826C92018FD26C98D0000261068
S2110E3A8C180B0123FECD56B06D804ABE000D
S2110E3A993A2007F626B3C10027E17926B3C2
S2120E3AA6F623FEC100260E1803000126C9FDEB
S2100E3AB426C98D000026F84A801E38F643
S2110E3AC024B287200CCD56F86D804ABE004D
S2110E3ACD3ACC00FF1B840A3B1B9EF600E35E
S2110E3ADAC52018260091180D832D821803A6
S2120E3AE7000024291803000024277926B218A2
S2120E3AF503000526B61803000026B4EC87B7AD
S2120E3B030187D72C01417B242BE6887B242CD1
S2120E3B11EC89B70187D72C01417B242DE68A5E
S2120E3B1F7B242E1C00E230180C2D8200E418BB
S2120E3B2D0301E826C92018FD26C98D000026C5
S2120E3B3B10180B0123FECD56986D804ABE0064
S2110E3B493A2007F626B3C10027E17926B311
S2120E3B56F623FEC100260E1803000126C9FD3A
S2110E3B6426C98D000026F84A801E3820095E
S2110E3B71CD56C76D804ABE003A1B840A3B37
S2120E3B7E1B9C180D852D82F600E3C52018261A
S2120E3B8C009A180300002429180300002427B0
S2120E3B9A180B0126B2180B0126B818030003EE
S2120E3BA826B61803000226B4EC89B70187D79E
S2120E3BB62C01417B242BE68A7B242CF62D82D6
S2110E3BC4CA017B242D1C00E230180C2D8249
S2120E3BD100E4180301E826C92018FD26C98D4B
S2120E3BDF00002610180B0123FECD56B06D808A
S2110E3BED4ABE003A2007F626B3C10027E1B7
S2120E3BFA7926B3F623FEC100260E1803000130
S2110E3C0826C9FD26C98D000026F84A801E2E
S2110E3C1538F624B2B714B710F624B3B7462F
S2120E3C226D82B764200CCD56F86D804ABE003B
S2100E3C303ACCFFFF1B860A3B1B9E1803B7
S2110E3C3C00002017E68887596B88180D8843
S2110E3C492421180D8A2422E68351B716F6A4
S2110E3C5602506D80E4817B0250180C242174
S2120E3C6300DD1C00D820F600D8C52026F9F687
S2120E3C710250EA837B02501B840A3B1B9E18F1
S2120E3C7F0300002015180300002017E68887A5
S2120E3C8D596B880C8801180D882421E6835189
S2120E3C9BB716F602506D80E4817B0250180CB0
S2120E3CA9242100DD1C00D820F600D8C52026EB
S2120E3CB7F9F60250EA837B0250F62425871B90
S2120E3CC5840A3B1B9A1800840000F600E3C526
S2120E3CD320182600A4180D872D821803000058
S2110E3CE124291803000024277926B21803A4
S2120E3CEE008326B61803000026B4EC8BB70132
S2120E3CFC87D72C01417B242BE68C7B242C18BC
S2120E3D0A00840000EC84CD242D6D82E382B77B
S2120E3D1846EC84E38DB745E6006B40ED840264
S2110E3D266D848D00802DE11C00E230180C1F
S2110E3D332D8200E4180301E826C92018FDB5
S2110E3D4026C98D00002610180B0123FECD9F
S20F0E3D4D56E06D804ABE003A2007F6D6
S2120E3D5826B3C10027E17926B3F623FEC1007E
S2120E3D66260E1803000126C9FD26C98D000084
S2110E3D7426F84A801E382009CD56C76D80F1
S2110E3D814ABE003A1B880A3B1B9E180D8397
S2120E3D8E2D82ED898D02002F10CD567A6D8097
S2100E3D9C4ABE003ACC0000182000A1F62B
S2120E3DA800E3C5201826008C18030000242900
S2120E3DB6180300002427180B0126B2180B0166
S2120E3DC426B81803000326B618058926B4EC9A
S2120E3DD287B70187D72C01417B242BE6887B12
S2120E3DE0242CF62D82CA017B242D1C00E23008
S2120E3DEE180C2D8200E4180301E826C92018D2
S2120E3DFCFD26C98D00002610180B0123FECDE5
S20F0E3E0A56B06D804ABE003A2007F648
S2120E3E1526B3C10027E17926B3F623FEC100C0
S2120E3E23260E1803000126C9FD26C98D0000C6
S2100E3E3126F84A801E38CC24B2200CCD99
S2110E3E3D56F86D804ABE003ACC00001B847D
S2050E3E4A0A5A
S111567A496E70757420427566666572206C08
S1115688696D6974656420746F203531322EAB
S11156960D0049494320776F726420777269D2
S11156A47465206661696C6564200D004949D7
S11156B24320776F7264207265616420666124
S11156C0696C6564200D0043616E6E6F74208A
S11156CE77726974652E2042757320427573DD
S11156DC792E0D0049494320627974652077C8
S11156EA72697465206661696C6564200D0048
S11156F843616E6E6F7420726561642E2042F1
S1115706757320427573792E0D0049494320B6
S1115714627974652072656164206661696C57
S10857226564200D0088
S104FBFF8A77
S2120E3E4B3B1B9EE68387B7466D80F623FF87E9
S2110E3E594AB85638871B840A3B1B9CE68A27
S2110E3E6687B7466D82E68587B7466D80F6F7
S2110E3E7323FF874AB8F8381B860A1B9ACC28
S2110E3E8000FE4ABE4B387B2D84CC00FF4A58
S20B0E3E8DBE4B387B2D83F6B9
S2120E3E942D83876C84CD5727F62D84876C827F
S2100E3EA26D804ABE003ACD00876D80CCC5
S2100E3EAE00024ABE6138CD00CF6D80CCFD
S2100E3EBA002E4ABE6138CD00006D80CC94
S2100E3EC6003A4ABE6138CD00986D80CCE4
S2100E3ED2000F4ABE6138CD00086D80CC93
S2100E3EDE00104ABE6138CD00906D80CCFE
S20D0E3EEA00114ABE61381B860A5F
S11157270D54503239313520436869702044E6
S111573565766963655F49445F4820307825D6
S1115743303278204465766963655F49445FBF
S10D57514C203078253032780D002A
S111575B4142434445464748494A4B4C4D4E53
S11157694F505152535455565758595A616275
S1115777636465666768696A6B6C6D6E6F705B
S11157857172737475767778797A30313233B5
S10C57933435363738392B2F0068
S2120E61383B1BF1EB18008E00001AF013180039
S2110E61460000001AF01018000000001820CF
S2120E61530196ECF013E3F015B7461AF012188C
S2120E61610A400019F0101802408CED8C026DEC
S2120E616FF010CD575BE6F01287475647566D7A
S2120E617D80E380B746E640B716EC8CE3F01CC7
S2120E618BB745B7616B0019F0101802408AED8A
S2120E61998A026DF010EDF01302B764E3F015F7
S2120E61A7B746E640878400C4F0475647564774
S2120E61B5564756B746E6F012878400C40359C6
S2120E61C35959596D80AA80EA81B746CE575BB1
S2120E61D1B7646E80E380B746E640B716EC8ADB
S2120E61DFE3F01CB745B7616B00EDF01302AD92
S2120E61EDF01A252119F01018024088ED8802CF
S2120E61FB6DF010EC88E3F01CB745C63D6B0049
S2120E6209ED8E026D8E182000E3EDF01302B738
S2120E621764E3F015B7461AF012180A40001986
S2120E6225F01018024086ED86026DF010ECF0BA
S2120E623313C30002E3F015B745E600CD0006D5
S2120E6241878400C4C0B7651679F0B746E6F03F
S2120E624F12878400C40F59596D80AA80EA810A
S2120E625DB746CE575BB7646E80E380B746E654
S2120E626B40B716EC86E3F01CB745B7616B0025
S2120E6279ECF013C30002ACF01A251F19F0103D
S2120E628718024084ED84026DF010EC84E3F0F5
S2120E62951CB745C63D6B00ED8E026D8E205278
S2120E62A3ECF013C30002E3F015B7461AF01225
S2120E62B1180A400019F01018024082ED820204
S2120E62BF6DF010CD575BE6F012878400C43FDC
S2120E62CD6D80E380B746E640B716EC82E3F02F
S2120E62DB1CB745B7616B00ECF013C300036CE6
S2120E62E9F013EDF013ADF01A1825FE60ECF073
S2120E62F710E3F01CB745C6006B00ECF010A3CB
S2110E63058E1BF0170A3B1BF1CAEDF0368D0D
S2120E631200002607CC0000182002A719F02E59
S2120E63201800400000EDF03B03B764E3F036C5
S2120E632EB746E640C13D2607EDF02E026DF096
S2120E633C2EECF03B830002E3F036B746E6404A
S2120E634AC13D2607EDF02E026DF02EECF03B58
S2120E63584949B746CC000313A3F02E6CF03066
S2120E63661AF03418000000001AF0321800006C
S2120E637400001820023DECF034E3F036B7467B
S2120E6382E640C13D260A1AF01818000000006C
S2120E63902021ECF034E3F036B746E640876C7C
S2100E639E80CC575B4ABF813A6CF010CDE5
S2120E63AA575B6D82A3826CF018EDF018351856
S2120E63B800AE00003A6CF0283A6CF028EDF0BD
S2120E63C63402B764E3F036B746E640C13D2615
S2120E63D40A1AF01618000000002023EDF03412
S2120E63E202B764E3F036B746E640876C80CC12
S20D0E63F0575B4ABF813A6C8ECD54
S2120E63F9575B6D82A3826CF016EDF01635180B
S2120E640700AE00003A6CF0243A6CF024ECF076
S2120E641534C30002E3F036B746E640C13D261D
S2120E64230A1AF01418000000002023ECF034C5
S2120E6431C30002E3F036B746E640876C80CC1A
S20D0E643F575B4ABF813A6C8CCD06
S2120E6448575B6D82A3826CF014EDF0143518BF
S2120E645600AE00003A6CF0203A6CF020ECF02F
S2120E646434C30003E3F036B746E640C13D26CD
S2120E64720A1AF01218000000002023ECF03478
S2120E6480C30003E3F036B746E640876C80CCCA
S20D0E648E575B4ABF813A6C8ACDB9
S2120E6497575B6D82A3826CF012EDF012351874
S2120E64A500AE00003A6CF01C3A6CF01CECF0E8
S2120E64B3283BECF0283BCC0012167BDBECF000
S2110E64C1283BECF0283BCC000C167BDB16BF
S2120E64CE7B63ECF0243BECF0243BCC00061671
S2120E64DC7BDB167B63ECF0203BECF0203B16D1
S2120E64EA7B633A6CF02C3A6CF02CEDF032AD73
S2120E64F8F030243819F03218024088ED880273
S2120E65066DF032ECF02C3BECF02C3BCC001083
S2120E6514167BFF1800AE00FF1800AE00001635
S2120E65227B8D1B8333B716EC88E3F03DB74532
S2120E6530B7616B00EDF032ADF030243819F086
S2120E653E3218024086ED86026DF032ECF02C1E
S2120E654C3BECF02C3BCC0008167BFF1800AE86
S2120E655A00FF1800AE0000167B8D1B8333B7B5
S2120E656816EC86E3F03DB745B7616B00EDF01E
S2120E657632ADF030243219F03218024084EDA9
S2120E658484026DF032ECF02C3BECF02C3B1843
S2120E659200AE00FF1800AE0000167B8D1B83B9
S2120E65A033B716EC84E3F03DB745B7616B00DB
S2120E65AEECF034C300046CF034EDF034ADF0B7
S2100E65BC3B1825FDB9ECF0301BF0380A39
S111579C00FFFFFFFFFFFF0004730100010088
S11157AA00000120010380A05A780AEE91A3AA
S11157B8544C99260F505400000001000100CB
S11157C6010001000100010101010101011DAA
S11157D4801871382D40582C45004084630025
S11157E2001E000000FC004143532D57525896
S11157F00A20202020200000001000000000ED
S11157FE000000000000000000000000001089
S111580C00000000000000000000000000008A
S111581A0187000000000000000000000000F4
S111582800000000000000000000000000006E
S1115836000000000000000000000000000060
S1115844000000000000000000000000000052
S1115852000000000000000000000000000044
S1115860000000000000000000000000000036
S111586E000000000000000000000000000028
S111587C00000000000000000000000000001A
S111588A00000000000000000000000000000C
S10758980000000008
S2120E3EF33B1B9A180883011800840000EC840E
S2110E3F01876C80CC00A04AB856386B82EC58
S2120E3F0E84E386B746E682E1402704698320E8
S2120E3F1C0AED84026D848D01002DD8E6838793
S2110E3F2A1B880A3B1B9969841C0001801D34
S2110E3F37000140180302DC26DFFD26DF8D9C
S2110E3F44000026F84A801E38EC874ABEF3B1
S2110E3F513887C100271F1D0001801C0001CF
S2120E3F5E401803006126DFFD26DF8D000026CC
S2110E3F6CF818088401E68487205518008595
S2120E3F790000EC85E387B746E640876C82ECC8
S2110E3F8785876C80CC00A04AB8F838180369
S2120E3F94000526DFFD26DF8D000026F8ED85E3
S2110E3FA2026D858D01002DD1EC874ABEF311
S2110E3FAF386B841D0001801C0001401803B5
S2120E3FBC006126DFFD26DF8D000026F8E68467
S2080E3FCA871B890AAB
S104FC00A25D
S111589CFFFFFFFFFFFFFFFFFFFFFFFFFFFF08
S11158AAFFFFFFFFFFFFFFFFFFFFFFFFFFFFFA
S11158B8FFFFFFFFFFFFFFFFFFFFFFFFFFFFEC
S11158C6FFFFFFFFFFFFFFFFFFFFFFFFFFFFDE
S11158D4FFFFFFFFFFFFFFFFFFFFFFFFFFFFD0
S11158E2FFFFFFFFFFFFFFFFFFFFFFFFFFFFC2
S11158F0FFFFFFFFFFFFFFFFFFFFFFFFFFFFB4
S11158FEFFFFFFFFFFFFFFFFFFFFFFFFFFFFA6
S111590CFFFFFFFFFFFFFFFFFFFFFFFFFFFF97
S111591AFFFF000102030405060708090A0B3B
S11159280C0D0E0F101112131415161718196A
S11159361A1B1C1D1E1F202122232425262798
S111594428292A2B2C2D2E2F303132333435C6
S1115952363738393A3B3C3D3E3F40414243F4
S11159604445464748494A4B4C4D4E4F505122
S111596E52535455565758595A5B5C5D5E5F50
S111597C606162636465666768696A6B6C6D7E
S111598A6E6F707172737475767778797A7BAC
S10759987C7D7E7F11
S2110E65C83B1B9CF6221FC1002607180BA2D7
S2120E65D524002005180BA42400CD589C6D82C1
S2110E65E3ED846D80F62400874ABCC7381B79
S2110E65F0860A3B1B9CF6221FC1002611CD0D
S2110E65FD591C6D82ED846D80F62400874AD1
S2110E660ABCC7381B860A3B1B9CF6221FC120
S2110E6617002607180BA224002005180BA461
S2120E66242400ED896D82ED846D80F6240087CD
S2110E66324ABD88381B860A3B1B9EF6221FAB
S2120E663FC1002607180BA224002005180BA477
S2110E664D2400ED826D80F62400874ABA26E2
S2110E665A38871B840A3B1B9CF6221FC100CE
S2120E66672611E68A876C82ED846D80F624007E
S20C0E6675874AB989381B860A14
S105FC010000FD
S104FC03DC20
S2120E667D3B1B94EDF0158D000F221BEDF01753
S2120E668B8D00002713EDF0178D0010220BEC7D
S2120E6699F015E3F0178C00102307CC00041843
S2120E66A7200089198A6D841AF01118020080E0
S2110E66B518020282E68D874AA7363987C185
S2120E66C2002707CC000118200067EEF017CC5C
S2120E66D0FFFF167A0541516CF017EEF0151608
S2120E66DE7A054151B746EC8A6D86A486E4878F
S2120E66EC6C8AEEF015ECF019A4F017E4F01818
S2120E66FA167A05B746EC8A6D86AA86EA876C77
S2120E67088AB7466D841AF01118020080180229
S2110E67160282E68D874AA7713987C10027DB
S2120E672307180088000120051800880000ECFC
S2120E673188871B8E0A3B1B94180086000018E5
S2120E673F00880002EDF0156D841AF011180297
S2110E674D008018020282E68D874AA7AC393E
S2120E675A87C100270718008A000120051800C8
S2120E67688A0000EC8A871B8E0A3B1B941800D4
S2120E6776860000180088000219F0156D841AB1
S2120E6784F0111802008018020282E68D874A77
S2110E6792A7E83987C100270718008A000106
S2120E679F200518008A0000EC8A871B8E0A3B27
S2120E67AD1B9419F0171802408618024288ED4B
S2120E67BBF0156D841AF01118020080180202F6
S2110E67C982E68D874AA8243987C10027076F
S2120E67D618008A0001200518008A0000EC8AC2
S2120E67E4871B8E0A3B1B9419F0171802408670
S2120E67F218024288EDF0156D841AF01118028A
S2110E6800008018020282E68D874AA8F43941
S2120E680D87C100270718008A00012005180014
S2120E681B8A0000EC8A871B8E0A3B1B93698C44
S2120E6829E68E878400C4FE6C8A8C00C0271D87
S2120E6837ED8A8D00C2273FED8A8D00C418270D
S2110E68450082ED8A8D00C61827005618201A
S2120E6852009AECF01A3BECF01A3B1B82316DEE
S2120E686082EDF0166D80ECF0143BECF0143B5F
S2110E686E1B8231B7644AA9C4396B8C182002
S2120E687B0071ECF01A3BECF01A3B1B82316DEE
S2120E688982EDF0166D80ECF0143BECF0143B36
S2110E68971B8231B7644AAB2A396B8C182071
S2120E68A4004819F0181802408618024288EDB9
S2120E68B2F0166D841AF01218020080180202FC
S2110E68C0824AACFE396B8C2025ECF01A3B9C
S2120E68CDECF01A3B1B82316D82EDF0166D80DC
S2120E68DBECF0143BECF0143B1B8231B7644A13
S2110E68E9AF17396B8CE68C871B8F0A3B1B96
S2110E68F693698CE68E878400C4FE6C8A8C37
S2120E690300C0271DED8A8D00C2273FED8A8D3F
S2110E691100C418270082ED8A8D00C61827D8
S2120E691E00561820009AECF01A3BECF01A3BCE
S2120E692C1B82316D82EDF0166D80ECF0143B82
S2110E693AECF0143B1B8231B7644AAF68398F
S2120E69476B8C18200071ECF01A3BECF01A3B2D
S2120E69551B82316D82EDF0166D80ECF0143B59
S2110E6963ECF0143B1B8231B7644AAF9D3931
S2120E69706B8C1820004819F018180240861876
S2120E697E024288EDF0166D841AF01218020012
S2110E698C80180202824AB008396B8C202556
S2120E6999ECF01A3BECF01A3B1B82316D82EDD1
S2120E69A7F0166D80ECF0143BECF0143B1B82E9
S2110E69B531B7644AAFD2396B8CE68C871B67
S2110E69C28F0A3B1B996986CD00006D80CCB8
S2110E69CF00C04AB221396B86C1002705E6CE
S2120E69DC86872016ED8E6D84ED8C6D82ED870F
S2110E69EA6D80CC00C04AB24E396B86871BFE
S2120E69F7890A3B1B961800880000CD00006D26
S2100E6A0580CC00C04AB22139876C888C09
S2120E6A1100002707EC8887182000A2CD000292
S2120E6A1F6D84198A6D82CD00256D80CC00C068
S2110E6A2D4AB2A839876C888C00002707EC4B
S2120E6A3A88871820007E1800860003CD000206
S2120E6A486D8419866D82CD00276D80CC00C041
S2110E6A564AB2A839876C888C00002705EC24
S2120E6A63888720571800860002CD00026D842C
S2110E6A7119866D82CD00276D80CC00C04AC0
S2110E6A7EB2A839876C888C00002705EC88BE
S2110E6A8B8720304AAAC139876C888C00001F
S2120E6A98270B180300042406EC88872019CD61
S2120E6AA600026D84ED8F6D82CD00266D80CCC5
S2110E6AB400C04AB24E39876C88871B8C0ACC
S2120E6AC11B9218008C00001800880064180047
S2120E6ACF8A0000202FCD00026D84198C6D8279
S2110E6ADDCD00276D80CC00C44AB24E39871E
S2120E6AEA6C8A8C00002705EC8A872031EC8C17
S2120E6AF88400C4046C8CED88036D88ED888DCA
S2120E6B0600002707ED8C8D000027C3ED888D4E
S2120E6B140000270718008600002005180086D1
S2120E6B220003EC86871B8E0A3B1B9618008817
S2120E6B300000ED8A8D00302510ED8A8D0036A1
S2120E6B3E240918008600041820017DED8A8DAD
S2120E6B4C00432510ED8A8D004524091800869C
S2120E6B5A000918200166ED8A8D00622510EDEA
S2110E6B688A8D008324091800860009182067
S2120E6B75014FED8A8D00882510ED8A8D009258
S2120E6B832409180086000918200138ED8A8DA8
S2120E6B9100942510ED8A8D00972409180086B4
S2120E6B9F000918200121ED8A8D009A2510EDB2
S2110E6BAD8A8D009C24091800860009182009
S2120E6BBA010AED8A8D00A02510ED8A8D00D002
S2120E6BC824091800860009182000F3ED8A8DA9
S2120E6BD6010024091800860001182000E3EDC9
S2120E6BE48A8D01002510ED8A8D0140240918B9
S2120E6BF200860005182000CCED8A8D01402589
S2120E6C0010ED8A8D01A02409180086000718D4
S2110E6C0E2000B5ED8A8D01A02510ED8A8DB3
S2120E6C1B01C0240918008600031820009EED06
S2120E6C298A8D01C02510ED8A8D01E024091813
S2120E6C370086000218200087ED8A8D01E025EB
S2120E6C4510ED8A8D01F8240918008600081836
S2110E6C53200070ED8A8D01F82510ED8A8D5B
S2120E6C6002002409180086000A18200059EDBE
S2120E6C6E8A8D0200250EED8A8D0280240718F0
S2120E6C7C008600042044ED8A8D02A0250EED43
S2120E6C8A8A8D030024071800860007202FEDC3
S2120E6C988A8D0300250EED8A8D0380240718C4
S2120E6CA600860006201AED8A8D03C0250EED20
S2120E6CB48A8D03F8240718008600092005189E
S2120E6CC200860000CD00026D8219866D80CC15
S2110E6CD003FF4AAF9D39876C888C000027A5
S2120E6CDD05EC88872018EDF0116D84ED8F6D96
S2110E6CEB82ED8A6D80CC00C24AB24E39870B
S2120E6CF86C88871B8C0A1BF1E219F01A180026
S2120E6D0640000019F01C6D8418008000001866
S2110E6D1400820005CC00C04AA73639876CF9
S2110E6D21F01A8C00002708ECF01A871820D8
S2120E6D2E01E3ECF01C8401C4008C0000270A62
S2120E6D3C1AF012180000100020081AF0121896
S2120E6D4A000008001AF01219F01C1802004085
S2120E6D581820019AECF0233BECF0233BEDF0F6
S2120E6D6620351800AE0000167C6FCC0001160D
S2120E6D747BDBECF0273BECF0273BEDF02435F6
S2120E6D821800AE0000167C7DECF024493B187F
S2120E6D9000AE0000167C6F167BA41B82316DC3
S2120E6D9EF016ECF0233BECF0233BECF0204915
S2120E6DAC3B1800AE0000167C7D1B82316DF08B
S2120E6DBA14ECF01C49B746351800AE00003A31
S2120E6DC86C8C3A6C8CEC8C3BEC8C3BECF02717
S2120E6DD63BECF0273BECF0143BECF0143B16B7
S2120E6DE47C7D167B78ECF02D3BECF02D3B16EE
S2120E6DF27B44230F1AF027198E180200401845
S2120E6E000202422036ECF01C49B7463518004A
S2120E6E0EAE00003A6C883A6C88EC883BEC8836
S2120E6E1C3BECF0273BECF0273BECF0103BEC8B
S2120E6E2AF0103B167C7D167B783A6CF0103A14
S2120E6E386CF010ECF0103BECF0103B1B8231B1
S2120E6E466DF018EDF0166D8418008000001822
S2110E6E5400820003CC00C04AA77139876C7F
S2110E6E61F01A8C00002708ECF01A87182097
S2110E6E6E00A3CD03036D80CC00C04AB221F8
S2110E6E7B39876CF01A8C00002708ECF01A10
S2120E6E888718200086EDF0186D84EDF0256D4F
S2110E6E9682ECF014496C80CC00C64AB24E59
S2110E6EA339876CF01A8C00002708ECF01AE8
S2120E6EB0871820005EECF0293BECF0293BED37
S2120E6EBEF01C351800AE0000167B783A6CF00D
S2120E6ECC293A6CF029ECF0233BECF0233BED5C
S2120E6EDAF01C351800AE0000167B633A6CF006
S2120E6EE8233A6CF023ECF018E3F0256CF02540
S2120E6EF6ECF0293BECF0293B1800AE0000181D
S2120E6F0400AE0000167B441826FE4DECF01A6A
S2110E6F12871BF01E0A3B1B996986ED878DC6
S2120E6F1F00F22707ED878D00F5260DED8C6D22
S2110E6F2D80EC874AA9F93987202ECD020286
S2110E6F3A6D80CC00C44AB221396B86C100B2
S2120E6F472705E686872017ED8E6D84ED8C6D81
S2110E6F5582EC87496C80CC00C44AB24E39DF
S2120E6F626B86871B890A3B1B996986CD00003D
S2110E6F706D80CC00C04AB221396B86C10080
S2120E6F7D2705E686872016ED8E6D84ED8C6D4C
S2110E6F8B82ED876D80CC00C04AB2A8396B2F
S2120E6F9886871B890A3B1B996986CD01016D03
S2110E6FA680CC00C24AB221396B86C100278E
S2120E6FB305E686872016ED8E6D84ED8C6D82BB
S2110E6FC1ED876D80CC00C24AB2A8396B86F3
S2120E6FCE871B890A3B1B996986CD02026D80D1
S2110E6FDCCC00C44AB221396B86C1002705D1
S2120E6FE9E686872017ED8E6D84ED8C6D82EC9D
S2110E6FF787496C80CC00C44AB2A8396B8660
S2110E7004871B890A1BF1E219F01A180040CE
S2120E7011000019F01C6D841800800000180098
S2110E701F820005CC00C04AA73639876CF0FB
S2120E702C1A8C00002708ECF01A87182001E3D5
S2120E703AECF01C8401C4008C0000270A1AF02D
S2120E704812180000100020081AF01218000091
S2120E705608001AF01219F01C1802004018203E
S2120E7064019AECF0233BECF0233BEDF02035CA
S2120E70721800AE0000167C6FCC0001167BDBFD
S2120E7080ECF0273BECF0273BEDF02435180025
S2120E708EAE0000167C7DECF024493B1800AEDA
S2120E709C0000167C6F167BA41B82316DF0165C
S2120E70AAECF0233BECF0233BECF020493B18B9
S2120E70B800AE0000167C7D1B82316DF014ECCF
S2120E70C6F01C49B746351800AE00003A6C8C2A
S2120E70D43A6C8CEC8C3BEC8C3BECF0273BECD9
S2120E70E2F0273BECF0143BECF0143B167C7DD6
S2120E70F0167B78ECF02D3BECF02D3B167B4419
S2120E70FE230F1AF027198E18020040180202F1
S2110E710C422036ECF01C49B746351800AE92
S2120E711900003A6C883A6C88EC883BEC883B9B
S2120E7127ECF0273BECF0273BECF0103BECF0C8
S2120E7135103B167C7D167B783A6CF0103A6C8A
S2120E7143F010ECF0103BECF0103B1B82316DA2
S2120E7151F018EDF0166D841800800000180081
S2110E715F820003CC00C04AA77139876CF081
S2120E716C1A8C00002708ECF01A87182000A3D5
S2110E717ACD03036D80CC00C04AB2213987CC
S2120E71876CF01A8C00002708ECF01A87182001
S2120E71950086EDF0186D84EDF0256D82ECF0A0
S2110E71A314496C80CC00C64AB2A839876C21
S2110E71B0F01A8C00002708ECF01A87182045
S2120E71BD005EECF0293BECF0293BEDF01C35A5
S2120E71CB1800AE0000167B783A6CF0293A6C6F
S2120E71D9F029ECF0233BECF0233BEDF01C35DA
S2120E71E71800AE0000167B633A6CF0233A6C6E
S2120E71F5F023ECF018E3F0256CF025ECF029F4
S2110E72033BECF0293B1800AE00001800AE64
S2120E72100000167B441826FE4DECF01A871B67
S2120E721EF01E0A3B1B9AED8BBD24012605CCF6
S2120E722C0000201B18058B2401CD00026D8479
S2110E723A198B6D82CD04006D80E687874AA5
S2110E7247B2A839871B880A3B1B9B180083D4
S2120E7254000018098224031800830000202074
S2110E7262ED8A6D80E682874ABB7D38B74602
S2120E726FEC8359E38CB7456D00ED8A026D8AEE
S2120E727DED83026D83EC8E49B74603AD832279
S2110E728BD6ED8A6D80E682874ABB7D38B749
S2120E729846EC8359E38CB7456D00CC00001B08
S2110E72A6870A3B1B99180085000018098406
S2120E72B3240318008500002020EC8559E38E7B
S2120E72C1B746ED406D82ED8C6D80E684874AF2
S2110E72CFBAD438ED8C026D8CED85026D85FF
S2120E72DCECF01049B74603AD8522D5EC855969
S2120E72EAE38EB746ED406D82ED8C6D80E68429
S20F0E72F8874ABAD438CC00001B890A67
S105FC040000FA
S105FC060000F8
S105FC080000F6
S105FC0A0000F4
S105FC0C0000F2
S105FC0E0000F0
S105FC100000EE
S105FC120000EC
S105FC140000EA
S104FC1600E9
S104FC1700E8
S104FC1800E7
S111599C0400000000000000000000000000F5
S11159AA000004000000000000000240014064
S11159B80FC20FA7002D00100FFA00000222EC
S11159C600F90FF60000017E0125006A0FDED5
S11159D40FC70FF2000F000C01560116003F22
S11159E200000158011A008B0FFE0FBD0FCFFD
S11159F00003002201560116003F00000100D2
S11159FE00E10094003F00000FE90FEC0FF7EA
S1115A0C010000D7007E002B01000000000006
S1115A1A00000000000000000000000000007A
S1115A2800000000000000000100000000006B
S1115A3600000000000000000000000000005E
S1115A4400000000000000000100000000004F
S1115A52000000000000000000000000000042
S1115A60000000000000000001000000000033
S1115A6E000000000000000000000000000026
S1115A7C00000000000000000200000007000F
S1115A8A000000000000000000000100008089
S1115A980000000002000100000000000004F5
S1115AA6148007000100001000C4010200007B
S1115AB40C62435A0DD30200C3E002304EA22E
S1115AC20C3E0200C3E002304C810E100200C4
S1115AD0C3E002304F1A03E50200C3E00230C7
S1115ADE4D2C02D40200C3E002300000000090
S1115AEC000000000000B1D9101000005F4758
S1115AFA00680B23590710173F08080908100D
S1115B081F1C12120C14001404080608B0002E
S1115B16000044C42710271000000000000007
S1115B2400000000007F08C8380400FF00FFE6
S1115B32FFFF1008000A0001000F0A14000A09
S1115B402600000066505232122AAB329957EA
S1115B4E000000000000063F968A1011FFFFC1
S1115B5CFFFF0304FFFF0000000000006808C4
S1115B6AE8208040000800000000C048000051
S1115B78730A150A00140288000000000000E1
S1115B860000C20800B4002F60D00313A20672
S1115B94000806023C14011001280108FFFF5E
S1115BA2B044000000001F1A00A1F0440000EF
S1115BB0141212440BF83F1000624040105CC7
S1115BBE0000518000010000000E040A0108DE
S1115BCC7F101482050F6C6C000000000000B6
S1115BDA00A0B0000000000000000000000069
S1115BE80800000007FBFFE207EDFFC807D628
S1115BF6FFB107B6FF9E078FFF8E0760FF8189
S1115C04072BFF7706F0FF7006AFFF6B066AF2
S1115C12FF690620FF6805D2FF6A0581FF6D59
S1115C20052DFF7204D7FF790480FF8004284D
S1115C2EFF8803CFFF920376FF9C031EFFA6A0
S1115C3C02C7FFB10272FFBB0220FFC601D0F7
S1115C4AFFD00184FFDA013CFFE300F8FFEB1A
S1115C5800BAFFF20081FFF8004FFFFC0024A9
S1115C66FFFF047001C8047001AB046D018FD0
S1115C74046901740463015A045B0140045284
S1115C8201270447010F043A00F8042C00E146
S1115C90041C00CC040A00B803F700A503E2CC
S1115C9E009303CC008203B50072039D0063E3
S1115CAC038300560368004A034D003E033094
S1115CBA00340314002A02F6002202D8001B54
S1115CC802BA0014029B000F027C000B025E65
S1115CD60007023F0004022100020203000145
S1115CE401E50000060700110A8C177006B4D3
S1115CF201080077001202D000F00003003E0B
S1115D0000020072000F0013000401AD15161E
S1115D0E00010A8C138806C0013900840016B7
S1115D1C02D001200003003F0003008A0013A0
S1115D2A000C000201B0020300100A8C177076
S1115D38035A020D007A002402D001E000009C
S1115D46003E0006003C001E00100009000094
S1115D54111200100A8C13880360027100847F
S1115D62002C02D00240000000400005004466
S1115D700027000C00050000040000201D01A7
S1115D7E1770067202EE01040019050002D02F
S1115D8C00000028000500DC0014006E000575
S1115D9A0000040000201CFA176A067202EED4
S1115DA801040019050002D0000000280005C7
S1115DB600DC0014006E000500001300002045
S1115DC41D01138807BC02EE0104001905003E
S1115DD202D000000028000500DC001401B817
S1115DE0000500003E0000201D010BB80CE47D
S1115DEE02EE01040019050002D00000002896
S1115DFC000500DC001406E0000500003D0078
S1115E0A00201D0109C40F7802EE01040019E6
S1115E18050002D000000028000500DC001484
S1115E260974000500003C00002017340960D8
S1115E340CE402EE01040019050002D0000087
S1115E420028000500DC001406E00005000046
S1115E50050000201CFA17700898046500C0B5
S1115E5E00140780021C0000002C00050094B4
S1115E6C000F00580002044C050000201D0128
S1115E7A176A0898046500C000140780021C13
S1115E880000002C00050094000F00580002DA
S1115E96044C140000201D0113880A500465FA
S1115EA400C000140780021C0000002C000542
S1115EB20094000F02100002052810000020CA
S1115EC03A0217700898046500C00029078094
S1115ECE04380000002C000500940024005845
S1115EDC00040000100000203A02176A089823
S1115EEA046500C00029078004380000002C65
S1115EF80005009400240058000400001F0060
S1115F0600203A0213880A50046500C00029E6
S1115F14078004380000002C000500940024CF
S1115F22021000040000220000201D010BB834
S1115F300898046500C00029078004380000AA
S1115F3E002C0005009400240058000400000C
S1115F4C220000201CFA0BB80898046500C05F
S1115F5A0029078004380000002C0005009484
S1115F680024005800040000210000201D0148
S1115F7609C40A50046500C0002907800438DD
S1115F840000002C000500940024021000040C
S1115F920000200000201D0109600ABE046505
S1115FA000C00029078004380000002C000512
S1115FAE00940024027E0004000001000000A4
S1115FBC09D517700320020D00900023028007
S1115FCA01E000000060000200300021001021
S1115FD8000A0000420000000C4E1D4C03485D
S1115FE601F400B80013028001E00000004046
S1115FF40003007800100010000100004500BA
S111600200000FA017900420027400D8001BA9
S111601003200258000000800004005800170E
S111601E0028000100004700000013561D4C2E
S111602C0420027100F0001803200258000046
S111603A0050000300A000150010000100003B
S1116048490000001964177005400326012862
S111605600230400030000000088000600A0E0
S1116064001D0018000300004B0000001EC3C6
S11160721D4F052003200110001F0400030031
S111608000000060000300B0001C00100001CE
S111608E0000550000002A3017720698042AFC
S111609C0168002905000400000000700003E4
S11160AA00F80026003000010000560000003F
S11160B834BC1D4F0698042A018800290500F7
S11160C6040000000090000300F80026001003
S11160D400010000580000202166177207002A
S11160E2031B0170001805500300000000703D
S11160F00006010000120040000300006C00D6
S11160FE0020217F176C0700031E0164001BA5
S111610C055603000000008F000300D50018A4
S111611A0046000300006D0000202F8F176E5A
S111612807480441017800240578041A000099
S11161360090000400E8002000580003000060
S11161444E0000003F481770087004E201F09E
S11161520031064004B0000000C0000301301C
S1116160002E0040000100006C000020299A6F
S111616E1765077003A60180001F05A00384B7
S111617C00000098000600E80019005000031F
S111618A00006D000020356B1D4A079003AE27
S11161980190002705A0038400000098000673
S11161A600F800210060000300006E000020DD
S11161B43921176B08C0044101C8002406906D
S11161C2041A000000B000060118001E006858
S11161D0000300006F0000202E7C17640730CF
S11161DE04380070001B0690041A0000002014
S11161EC000600500015003000030000700093
S11161FA0020361A1769082004570070001C94
S1116208078004380000002000050050001735
S1116216003000030000710000203C28176BCC
S1116224082004D300700020078004B000009E
S1116232002000060050001A00300003000097
S1116240080901110A8C177006B4010600EE5D
S111624E001205A000F00000007C00030072A6
S111625C000F002600040000080902110A8C3D
S111626A177006B4010700EE001205A000F044
S11162780000007C00030072000F00260004EA
S111628600000A0B0011151817700D68020DA8
S111629401DC00120B4001E0000000F80003E2
S11162A200E4000F004C000406B40C0D0111C2
S11162B0151817700D68010601DC00120B4072
S11162BE00F0000000F8000300E4000F004CA4
S11162CC000400000C0D0211151817700D6867
S11162DA010701DC00120B4000F0000000F888
S11162E8000300E4000F004C000400000E0F41
S11162F600101518177006B4020D00F40024F1
S111630405A001E00000007C00060078001EE9
S1116312002000090000171801110A8C1388DE
S111632006C001380108001605A00120000087
S111632E007E0003008A001300180002000025
S111633C171802110A8C138806C001390108D3
S111634A001605A001200000007E0003008A5A
S11163580013001800020000171803110A8C2D
S1116366138806C0013A0108001605A00120A4
S11163740000007E0003008A001300180002DF
S11163820000191A0011151813880D800271FD
S1116390021000160B400240000000FC000347
S111639E011400130030000206C01B1C011184
S11163AC151813880D800138021000160B40DE
S11163BA0120000000FC000301140013003059
S11163C8000200001B1C0211151813880D8022
S11163D60139021000160B400120000000FCEB
S11163E40003011400130030000300001B1C12
S11163F20311151813880D80013A02100016CD
S11164000B400120000000FC000301140013F7
S111640E0030000400001D1E00101518138835
S111641C06C002710108002C05A00240000019
S111642A00800005008800270018000500000F
S1116438200000201CF909600ABE046500C0A3
S11164460029078004380000002C0005009493
S11164540024027E00040000210000201D012F
S111646209C40A50046500C0002907800438EC
S11164700000002C000500940024021000041B
S111647E0000220000201CF90BB808980465E9
S111648C00C00029078004380000002C000521
S111649A0094002402100004000023240010CB
S11164A82A30176A0D68020D01E800240B402B
S11164B601E0000000F8000600F0001E0040A7
S11164C4000A0000252600102A3013880D80DF
S11164D202710210002C0B4002400000010079
S11164E0000501100028003000050000270010
S11164EE00201C201388090004E20160003E17
S11164FC07800438000000A8000500B800570F
S111650A002000180000280000203A0227108C
S11165180A50046500C0001407800438000017
S1116526002C00050094000F0210000205284E
S1116534290000203A02271007BC02EE0104E1
S11165420019050002D000000028000500DC4E
S111655000140190000500002A2B00101518FD
S111655E2710036000900084002C02D002403D
S111656C00000040000500440027000C00055C
S111657A00002C2D001115182710036002716B
S11165880108001605A002400000003F0003B9
S111659600450013000C000201B02E0000208E
S11165A439F32ED40898046500C00014078053
S11165B204380000002C00050095000F00586E
S11165C00002044C2F00002039F32ED4067282
S11165CE02EE01040019050002D000000028AE
S11165DC000500DC0014006E0005044C303194
S11165EA001015182ED4035A020D007A002456
S11165F802D001E00000003E0006003C001E40
S11166060010000A00003233001115182ED4C3
S1116614035A020D0077001202D001E00000CC
S1116622003E00030039000F0013000401EBDA
S1116630343500102A304E20036002710084BD
S111663E002C02D00240000000400005004481
S111664C0027000C00050000363700112A302C
S111665A4E20036002710084001602D002403C
S11166680000003F000300450013000C000278
S111667601B0383900102A305DC0035A020DFD
S1116684007A002402D001E00000003E00066F
S1116692003C001E0010000900003A3B0011FD
S11166A02A305DC0035A020D0077001202D0AA
S11166AE01E00000003E00030039000F00135D
S11166BC000401AD3C0000200C4E213C0340C4
S11166CA01BD00A0003F0280015E0000004000
S11166D800030060003C0020002000003D0094
S11166E600200C4E213C034001BD00A0002CFE
S11166F40280019000000040000300600029B5
S11167020020000100003E0000200A8C1B60F5
S1116710038401C10000000002D001900000CB
S111671E000000000000000000000000000069
S111672C3F0000200DAC213803A801BE00146C
S111673A002D02D00190000000480003006C06
S1116748002A0024000100004000000009D5D2
S1116756176A0320020D00900023028001E068
S1116764000000600002003000210010000A56
S11167720000410000000C4E1C7103400208A0
S11167800090001F028001E0000000280003CA
S111678E0080001C0080000900004300000091
S111679C0E102134034001FD00A8001C0280F1
S11167AA01E000000038000300800019001810
S11167B800090000440000000E1015F9040052
S11167C6027100C800180320025800000048A9
S11167D40002008000160018000100004600BC
S11167E2000013881C330410029A00B8001D36
S11167F0032002580000007800060040001745
S11167FE0038002500004800000015F9213A7B
S111680C0418027700D8001E03200258000072
S111681A004000030098001B00200001000055
S11168284A0000001D4C1B5F053003260118BA
S1116836002304000300000000880006009008
S111684400130018000300004C00000024EABA
S11168522134056003280130002704000300F0
S111686000000060000300D00024003000019E
S111686E00004D0000002A301D4C064003843B
S111687C0180002304800360000000800003FC
S111688A010000200040000100004F0000202B
S11168981AA9177005A003160070001305005E
S11168A603000000002000070050000C00302A
S11168B400030000500000201F0E1763068032
S11168C2031E0140001B0500030000000080BF
S11168D0000700C00014004000030000510047
S11168DE002027EC178D06A003250140001BA7
S11168EC0500030000000080000700D0001B20
S11168FA005000030000520000202DE621246F
S111690806B00329016000260500030000000C
S11169160088000700D8001F00500003000096
S1116924530000002A301770070803E801A88A
S11169320027050003C00000007000030138B8
S11169400024006000010000540000003A0230
S111694E213406C003F301800032050003C0AB
S111695C000000A0000300E0002F0040000136
S111696A0000570000003D86213606C00430B0
S11169780180002F05000400000000A00003B1
S111698600E000040040000100005900000081
S11169942774176B061804380070001B057872
S11169A2041A0000002000040050001700300A
S11169B0000300005A0000002F8F176E0748E6
S11169BE0441017800240578041A00000090BA
S11169CC000400E800200058000300005B00F7
S11169DA00003CF01D3F0768044B0188002EAE
S11169E80578041A00000090000400F8001660
S11169F60068000300005C000000461E213013
S1116A0407780451019800340578041A000044
S1116A1200980004010000300068000300003A
S1116A205D000000448E1964087004E201F069
S1116A2E0031064004B0000000C00003013037
S1116A3C002E0040000100005E00000049D45E
S1116A4A1B58087004E201F00031064004B04D
S1116A58000000C000030130002E00400001C9
S1116A6600005F0000004F1A1D4C087004E28F
S1116A7401F00031064004B0000000C0000331
S1116A820130002E0040000100006000000002
S1116A9059A62134087004E201F000310640DA
S1116A9E04B0000000C000030130002E0040D0
S1116AAC00010000610000004FFB177009900C
S1116ABA05720210003107000540000000C8FC
S1116AC800030148002E00800001000062005F
S1116AD6000065F41D4C09980589023800483B
S1116AE407000540000000D8000301600045D3
S1116AF20060000100006300000055411770B1
S1116B0009E0059F0240002E074005700000CA
S1116B0E00E000030160002B006000010000A5
S1116B1C6400000070801D4C0A0005DC02407D
S1116B2A006B07400570000000E000030160EE
S1116B380068008000010000650000203C2879
S1116B46176B082004D300700020078004B0F1
S1116B540000002000060050001A003000036C
S1116B620000660000204B7D17640A2004DD4D
S1116B700218002A078004B0000000C80006C6
S1116B7E01500024008800030000670000207E
S1116B8C5FCD1D450A3004E70228003407805F
S1116B9A04B0000000D000060158002E008850
S1116BA800030000680000206DDD212D0A406E
S1116BB604EE0230003B078004B0000000D063
S1116BC4000601600035009000030000690027
S1116BD200005B6817700A2805DC0228003BEF
S1116BE0078005A0000000D000030158003813
S1116BEE0080000100006A00000074041D4CC9
S1116BFC0A5005DC0240003B078005A00000A3
S1116C0A00E00003016000380090000100006B
S1116C186B00000074041D4C0A5005DC0240A1
S1116C26003B078005A0000000E000030160B1
S1116C340038009000010000035A000002D056
S1116C4201E00360000002D00240035A00107B
S1116C5002D001E00360001002D00240067280
S1116C5E001C050002D00672001C050002D0C6
S1116C6C07BC001C050002D00CE4001C05004F
S1116C7A02D00F78001C050002D00CE4001CB0
S1116C88050002D00898000C07800438089814
S1116C96000C078004380A50000C07800438F4
S1116CA40898001C078004380898001C07801C
S1116CB204380A50001C078004380A50001CE5
S1116CC0078004380A50001C078004380A506C
S1116CCE001C078004380ABE001C078004382E
S1116CDC03200010028001E003480010028033
S1116CEA01E00420001C032002580420001CBA
S1116CF803200258054000100400030005208C
S1116D06001C040003000698001C0500040095
S1116D140698001C050004000700001C055032
S1116D2203000700001C055603000748001973
S1116D300578041A0870001C064004B00770B1
S1116D3E001805A003840790001805A0038424
S1116D4C08C000180690041A073000140690C0
S1116D5A041A082000140780043808200014CE
S1076D68078004B0E8
S2120E80001B9A18008400001984B7644AA3B5B4
S20D0E800E3ACC00004A82873A4A79
S20D0E801784803ACC00014A8B026B
S2100E80203ACD00016D80CC00104A8B6F2C
S20D0E802C3ACC00074A8BD93AF64D
S2110E80352418C1012609CC000E4A8C0C3A08
S2110E80422007CC00004A8C0C3ACC00004AF9
S20D0E804F8CA83ACC00004A8D14F0
S2100E80583ACC00004A8D523ACC00004A8A
S20D0E80648D903ACC00004A8DCE38
S2100E806D3ACC00004A8E0C3ACC00004ABA
S20D0E80798E4A3ACC00004A8E88AD
S2100E80823ACC00004A8EC23ACC00004AEF
S20D0E808E8F2D3ACC00014A8F60DA
S2100E80973ACC00014A8FA23ACC00004AF8
S20D0E80A3B5123ACC00004A9077A3
S20F0E80AC3A4A90B93ACD01586D82CDCD
S2100E80B700006D80CC2DA04ABF003ACD14
S2100E80C300006D80CC2DA04A90DF3ACD58
S2100E80CF00006D80CC2DA04A90FC3ACD2F
S2100E80DB00006D80CC2DA04A91193ACD05
S2100E80E700006D80CC2DA04A91363AF6B3
S2120E80F32418C1022607180B012DA120051811
S2120E81010B022DA1F62418C1022607180B023B
S2120E810F2DA22005180B012DA2792DA3180BFC
S2120E811D182DA8792DA9180300202DAA1803D8
S2120E812B00942DAC180300242DAEF62418C1B9
S2120E813902260A792DDE180B062DDF2020F604
S2120E81472418C101260A180B102DDE792DDF26
S2120E8155200FF62418C1002608180B0D2DDE7E
S2120E8163792DDF180300402DE0180B802DE25C
S2110E8171180B802DE3180B802DE4180B80E4
S2110E817E2DE5180B012E42792E43180B220C
S2120E818B2E44180300032E46F62418C10226B4
S2120E819905792E3A2005180B022E3A792E0C7A
S2120E81A7180B062E0D180300402E0E180B8019
S2120E81B52E10180B802E11180B802E12180B83
S2110E81C3802E13180B022DA4792DA518037F
S2110E81D000002EE4180300102EE6180B0417
S2120E81DD2EE8180B122EE918030B482EEACCCD
S20D0E81EB2DA04A92A33A180B01CE
S2120E81F42DA01B860A3B1B98E68EC100271E8A
S2120E8202E68987B746CC0001B765167A05B733
S2120E821046F62417876D86AA86EA877B241705
S2110E821E201EE68987B746CC0001B7651610
S2120E822B7A054151B746F62417876D86A4864F
S2120E8239E4877B2417F6241787B7466D841845
S2110E8247008000001800820278CC00C24AAB
S2110E8254A7713987C1002705CC0001202335
S2110E8261CD00A06D8418008000001800826D
S2110E826E0279CC00C24AA7713987C10027DD
S2120E827B05CC00012003CC00001B8A0A3B1B1C
S2120E8289920F8F010718008C000120051800BA
S2110E82978C0000ED8C6D88CD00016D86CD3F
S2120E82A400056D841800800000180082004051
S2110E82B2CC00C24AA67D3987C1002707CC36
S2110E82BF000118200056E68FC1012607CCE0
S2110E82CC00504A9E043A0F8F010718008AD4
S2120E82D90000200518008A0001ED8A6D88CD83
S2120E82E700016D86CD00016D8418008000002B
S2110E82F51800820043CC00C24AA67D3987D1
S2120E8302C1002705CC00012010E68FC1002614
S2110E831007CC00284A9E043ACC00001BF055
S2120E831D100A3B1B96CD00016D88CD00016D3B
S2120E832B86CD00016D841800800000180082BA
S2110E83390020CC00C04AA67D3987C1002763
S2120E834607CC000118200079ED8A6D84180011
S2120E83548000001800820032CC00C04AA771CE
S2100E83623987C1002705CC0001205ACE3A
S2120E836E0007ECF011167A05AA8FEAF010B78B
S2120E837C466D8418008000001800820034CC77
S2100E838A00C04AA7713987C1002705CC39
S2120E83960001202DCD00006D88CD00016D86F5
S2110E83A4CD00016D841800800000180082C8
S2110E83B10020CC00C04AA67D3987C10027EB
S2120E83BE05CC00012003CC00001B8C0A3B1BD6
S2120E83CC96FD2410AD8A2616FD2412AD8F26C1
S2120E83DA0FFD2414ADF0112607CC000018205F
S2110E83E80093EDF0116D88CD00086D86CD6A
S2120E83F500006D84180080000018008200350F
S2110E8403CC00C04AA67D3987C1002707CCE5
S2120E8410000118200067ED8F6D88CD000D6DF3
S2120E841E86CD00006D841800800000180082C7
S2110E842C0036CC00C04AA67D3987C1002759
S2120E843905CC0001203EED8A6D88CD00066D46
S2120E844786CD000A6D84180080000018008294
S2110E84550042CC00C04AA67D3987C1002724
S2120E846205CC0001201518058A241018058F6B
S2120E847024121AF0111805002414CC00001B5E
S2110E847E8C0A1B94CC2D8A4AA3EC3A87C1BB
S2120E848B002707CC00011820066ACD00006DF3
S2120E849982FD2D888D0000270718008A000C25
S2120E84A7200518008A000FED8A6D80CC0001AD
S2110E84B54A831F3A87C1002707CC00011826
S2110E84C220063ACC00014A9E043A87C100FF
S2110E84CF2707CC000118200627CC24044AEF
S2110E84DCA4233A87C1002707CC0001182004
S2120E84E90614CD072F6D8418008000001800B4
S2110E84F7820094CC00C04AA7713987C100E0
S2120E85042707CC0001182005F2CD00016D8869
S2110E8512CD00016D86CD00006D8418008032
S2110E851F00001800820090CC00C04AA67D19
S2110E852C3987C1002707CC0001182005C6B0
S2120E8539CD00016D88CD00016D86CD00016D62
S2120E85478418008000001800820090CC00C041
S2110E85554AA67D3987C1002707CC00011805
S2120E856220059ACD00016D88CD00016D86CDE8
S2120E857000026D841800800000180082009035
S2110E857ECC00C04AA67D3987C1002707CC69
S2110E858B00011820056ECC00014A9E043A31
S2110E859887C1002707CC00011820055BCD1B
S2120E85A540046D84180080000018008201A7A6
S2110E85B3CC00C24AA7713987C1002707CC3D
S2120E85C0000118200539CD2F806D841800801E
S2110E85CE00001800820093CC00C04AA77172
S2110E85DB3987C1002707CC000118200517B0
S2120E85E8CD00016D88CD00016D86CD000D6DA7
S2120E85F684180080000018008201A7CC00C278
S2110E86044AA67D3987C1002707CC00011855
S2120E86112004EBCD00016D88CD00016D86CDE8
S2120E861F00086D84180080000018008200050A
S2110E862DCC00C04AA67D3987C1002707CCB9
S2120E863A0001182004BFCD00006D88CD000193
S2120E86486D86CD000C6D8418008000001800A4
S2110E86568201A7CC00C24AA67D3987C1005E
S2120E86632707CC000118200493CD00006D886A
S2110E8671CD00016D86CD000B6D84180080C7
S2110E867E000018008201C0CC00C24AA67D86
S2110E868B3987C1002707CC000118200467B0
S2120E8698CD00016D88CD00016D86CD00076DFC
S2120E86A684180080000018008201FBCC00C273
S2110E86B44AA67D3987C1002707CC000118A5
S2120E86C120043BCD00006D88CD00016D86CDE9
S2120E86CF00016D841800800000180082030063
S2110E86DDCC00C24AA67D3987C1002707CC07
S2120E86EA00011820040FCD00006D88CD000193
S2120E86F86D86CD00066D8418008000001800FA
S2110E87068202A0CC00C24AA67D3987C100B3
S2120E87132707CC0001182003E3CD00006D886A
S2110E8721CD00026D86CD000B6D8418008015
S2110E872E000018008201A3CC00C24AA67DF2
S2110E873B3987C1002707CC0001182003B7B0
S2120E8748CD00016D88CD00016D86CD000F6D43
S2120E8756841800800000180082003ECC00C082
S2110E87644AA67D3987C1002707CC000118F4
S2120E877120038B18033B842D96FD2D966D84EB
S2120E877F180080000018008201A0CC00C24A2E
S2110E878DA7713987C1002707CC0001182000
S2120E879A036318031AE42D96180372772D94B7
S2110E87A8FD2D966D841800800000180082CE
S2110E87B501A1CC00C24AA7713987C100276A
S2120E87C207CC000118200335FD2D946D84188B
S2110E87D00080000018008201A2CC00C24AF4
S2110E87DDA7713987C1002707CC00011820B0
S2120E87EA0313CDEAC26D84180080000018003E
S2110E87F88201D5CC00C24AA7713987C10098
S2120E88052707CC0001182002F1CD00106D885A
S2110E8813CD00086D86CD00006D8418008027
S2110E882000001800820005CC00C04AA67DA0
S2110E882D3987C1002707CC0001182002C5B0
S2120E883ACD00036D88CD00026D86CD000B6D51
S2120E88488418008000001800820005CC00C0C8
S2110E88564AA67D3987C1002707CC00011801
S2120E8863200299CD00036D88CD00026D86CDE5
S2120E8871000E6D8418008000001800820006AF
S2110E887FCC00C04AA67D3987C1002707CC65
S2120E888C00011820026DCD00036D84180080CA
S2110E889A00001800820012CC00C04AA77124
S2110E88A73987C1002707CC00011820024BB0
S2120E88B4CD00006D88CD00016D86CD00026DE4
S2120E88C28418008000001800820300CC00C24E
S2110E88D04AA67D3987C1002707CC00011887
S2120E88DD20021FCD00016D88CD00016D86CDE8
S2120E88EB000C6D84180080000018008203003A
S2110E88F9CC00C24AA67D3987C1002707CCE9
S2120E89060001182001F3CD00006D88CD000193
S2120E89146D86CD00076D8418008000001800DA
S2110E89228202A0CC00C24AA67D3987C10095
S2120E892F2707CC0001182001C7CD00016D8869
S2110E893DCD00016D86CD00016D8418008002
S2110E894A00001800820040CC00C24AA67D38
S2110E89573987C1002707CC00011820019BB0
S2120E8964CD00016D88CD00016D86CD00016D33
S2120E89728418008000001800820142CC00C25D
S2110E89804AA67D3987C1002707CC000118D6
S2120E898D20016FCD00006D88CD00016D86CDE9
S2120E899B00036D84180080000018008202058E
S2110E89A9CC00C24AA67D3987C1002707CC38
S2120E89B6000118200143CD00016D88CD000192
S2120E89C46D86CD00086D841800800000180029
S2110E89D2820040CC00C24AA67D3987C10047
S2120E89DF2707CC000118200117CD00016D8869
S2110E89EDCD00016D86CD000A6D8418008049
S2110E89FA0000180082001CCC00C24AA67DAC
S2110E8A073987C1002707CC0001182000EBB0
S2120E8A14CD00006D88CD00016D86CD000A6D7A
S2120E8A22841800800000180082001CCC00C2D3
S2110E8A304AA67D3987C1002707CC00011825
S2110E8A3D2000BF180300002D901803000047
S2120E8A4A2D92180300002D8EFD2D906D8418B3
S2110E8A5800800000180082001ECC00C04AF0
S2110E8A65A7713987C1002707CC0001182025
S2120E8A72008BFD2D926D8418008000001800FB
S2110E8A8082003CCC00C04AA7713987C100A9
S2120E8A8D2707CC000118200069FD2D8E6D887F
S2110E8A9BCD00016D86CD000D6D8418008097
S2110E8AA800001800820045CC00C04AA67DD6
S2110E8AB53987C1002705CC0001203F1803AD
S2120E8AC2000024061803000024081803000007
S2120E8AD0240A18030000240C18030000240EBF
S2120E8ADE79241ACD00006D82CD00006D80CC7E
S2100E8AEC00004A83CA3A87C1002705CC5A
S2120E8AF800012003CC00001B8C0A3B1B96E6EA
S2120E8B068BC1032607180088000120051800F4
S2120E8B14880000ED886D8418008000001800A2
S2110E8B2282003ACC00C04AA7713987C10008
S2120E8B2F2705CC00012036E68BC1032607185C
S2120E8B3D008600002005E68B876C86ED866DA2
S2120E8B4B841800800000180082002ACC00C09D
S2110E8B594AA7713987C1002705CC00012000
S2110E8B66054A9E383A871B8C0A3B1B94E688
S2120E8B738DC110262BE6F012C1002707180142
S2120E8B818A2D92200518008AFFFFED8A6D845D
S2120E8B8F1800800000180082003CCC00C04A81
S2110E8B9DA771398720330FF012010718005C
S2120E8BAA8A0000200518008A0001ED8A6D88EC
S2120E8BB8CD00016D86E68D87B7466D841800DB
S2120E8BC6800000180082003CCC00C04AA67D3F
S2110E8BD439871B8E0A3B1B96E68B876C8836
S2110E8BE1CD00036D86CD00046D8418008057
S2110E8BEE00001800820000CC00C24AA67DD2
S2100E8BFB3987C1002705CC00012003CCF2
S2120E8C0700001B8C0A3B1B96E68B878400C46F
S2120E8C150F876C88CD00046D86CD00006D8432
S2120E8C23180080000018008200A5CC00C24A81
S2110E8C31A67D3987C1002707CC000118204C
S2110E8C3E0065E68B878400C40F876C88CD1A
S2120E8C4B00046D86CD00086D841800800000B3
S2110E8C591800820141CC00C24AA67D398764
S2120E8C66C1002705CC00012036E68B87475648
S2120E8C74475647564756876C88CD00016D86CC
S2110E8C82CD00076D841800800000180082DB
S2110E8C8F0141CC00C24AA67D3987C10027E0
S2120E8C9C05CC00012003CC00001B8C0A3B1BEF
S2120E8CAA96ED8A8D00002605CD599C6D8A1813
S2120E8CB8008600001800880010ED8A6D8418E5
S2110E8CC6008000001800820022CC00C24A7A
S2110E8CD3A7E83987C1002705CC0001203127
S2110E8CE018008600001800880008EC8AC3F5
S2120E8CED0010B7466D84180080000018008236
S2110E8CFB002CCC00C24AA7E83987C100271E
S2120E8D0805CC00012003CC00001B8C0A3B1B82
S2120E8D1696ED8A8D00002605CD5A146D8A182D
S2120E8D2400860000180088001CED8A6D84186C
S2110E8D32008000001800820151CC00C24ADD
S2110E8D3FA7E83987C1002705CC00012003E8
S2120E8D4CCC00001B8C0A3B1B96ED8A8D000099
S2120E8D5A2605CD5A846D8A1800860000180075
S2120E8D68880010ED8A6D84180080000018003A
S2110E8D76820120CC00C24AA7E83987C10052
S2120E8D832705CC00012003CC00001B8C0A3BFB
S2120E8D911B96ED8A8D00002605CD5A946D8A2F
S2120E8D9F18008600001800880008ED8A6D8405
S2120E8DAD18008000001800820068CC00C24A33
S2110E8DBBA7E83987C1002705CC000120036C
S2120E8DC8CC00001B8C0A3B1B96ED8A8D00001D
S2120E8DD62605CD5A9C6D8A18008600001800E1
S2120E8DE4880008ED8A6D8418008000001800C6
S2110E8DF282012ACC00C24AA7E83987C100CC
S2120E8DFF2705CC00012003CC00001B8C0A3B7F
S2120E8E0D1B96ED8A8D00002605CD5AA46D8AA2
S2120E8E1B18008600001800880012ED8A6D847E
S2120E8E2918008000001800820050CC00C24ACE
S2110E8E37A7E83987C1002705CC00012003EF
S2120E8E44CC00001B8C0A3B1B96ED8A8D0000A0
S2120E8E522605CD5AB66D8A180086000018004A
S2120E8E6088000AED8A6D841800800000180047
S2110E8E6E8203F0CC00C24AA7E83987C10087
S2120E8E7B2705CC00012003CC00001B8C0A3B02
S2120E8E891B98E689C100270718008602F920FE
S2110E8E97051800860000ED866D841800801C
S2110E8EA400001800820063CC00C24AA771C1
S2100E8EB13987C1002705CC00012003CC39
S2120E8EBD00001B8A0A3B1B96E68BC100270799
S2120E8ECB18008802F920051800880000ED88B1
S2110E8ED96D8418008000001800820065CC25
S2100E8EE600C24AA7713987C1002705CCD0
S2110E8EF200012034E68BC10027071800860D
S2120E8EFF02F920051800860000ED866D841818
S2110E8F0D008000001800820067CC00C24AEB
S2110E8F1AA7713987C1002705CC0001200382
S2120E8F27CC00001B8C0A3B1B96E68B876C88D4
S2110E8F35CD00086D86CD00086D84180080F6
S2110E8F4200001800820129CC00C24AA67D50
S2100E8F4F3987C1002705CC00012003CC9A
S2120E8F5B00001B8C0A3B1B940F8D010718009E
S2120E8F698A0001200518008A0000ED8A6D8829
S2110E8F77CD00016D86CD00006D84180080C3
S2110E8F8400001800820128CC00C24AA67D0F
S2100E8F913987C1002705CC00012003CC58
S2120E8F9D00001B8E0A3B1B940F8D010718005A
S2120E8FAB8A0001200518008A0000ED8A6D88E7
S2110E8FB9CD00016D86CD00006D8418008081
S2110E8FC60000180082006CCC00C24AA67D8A
S2100E8FD33987C1002705CC00012003CC16
S2120E8FDF00001B8E0A3B1B92E6F014C1002704
S2120E8FED0718008C0003200518008C0000EDFF
S2120E8FFB8C6D88CD00026D86CD00006D84183C
S2110E9009008000001800820150CC00C24A04
S2110E9016A67D3987C1002705CC000120502D
S2120E9023EC8EC30134B746ED408D04002303D9
S2110E903169F014E6F014C100270718008A37
S2120E903E0007200518008A0000ED8A6D88CD0A
S2120E904C00036D86CD00026D841800800000B5
S2110E905A1800820150CC00C24AA67D398750
S2120E9067C1002705CC00012003CC00001BF034
S2120E9075100A3B1B940F8D010718008A00018F
S2120E9083200518008A0000ED8A6D88CD0001CB
S2120E90916D86CD00006D84180080000018005D
S2110E909F8203C0CC00C24AA67D3987C100F0
S2120E90AC2705CC00012003CC00001B8E0A1BED
S2120E90BA9618008600001800880100CD5AE8B1
S2110E90C86D8418008000001800820200CC97
S2110E90D500C24AA7E839871B8A0A3B1B9E7D
S2120E90E2EC82C300AAB745ED876D00CD0000E8
S2110E90F06D80EC824A91573A871B840A3B2E
S2120E90FD1B9EEC82C300ACB745ED876D00CD12
S2110E910B00016D80EC824A91573A871B8456
S2120E91180A3B1B9EEC82C300AEB745ED876D7C
S2110E912600CD00026D80EC824A91573A870C
S2120E91331B840A3B1B9EEC82C300B0B745EDB4
S2110E9141876D00CD00036D80EC824A9157BD
S20D0E914E3A871B840ACC00000AC5
S10D6D6C0000000000000000000019
S2120E91573B1BF1E4CD6D6C1AF010CC00051823
S2120E91650271310434F9EDF0218D000027144E
S2120E9173EDF0218D00012730EDF0218D00026B
S2120E9181274818200064CD5BE86D8CECF01CC1
S2120E918FC300AAB746ED408D00001827006CF0
S2120E919DEDF01C1AE8AA1802008C1820005ED0
S2120E91ABCD5BE86D8CECF01CC300ACB746ED49
S2120E91B9408D0000274AEDF01C1AE8AC180296
S2110E91C7008C203ECD5BE86D8CECF01CC3DA
S2120E91D400AEB746ED408D0000272AEDF01CCB
S2120E91E21AE8AE1802008C201ECD5BE86D8CCF
S2120E91F0ECF01CC300B0B746ED408D00002715
S2120E91FE0AEDF01C1AE8B01802008C1AF01AD1
S2120E920C180000000018200070CD00046D82C1
S2120E921AECF01A5959E38C6C8019F010B764FC
S2110E92284ABEBC3AECF01A8A00CA80B74661
S2120E9235ECF021B710C76D8AAA8AEA8BB746F0
S2120E92436DF0181800860000180088000A1934
S2120E9251F0106D841800800000180082013B9D
S2110E925FCC00C24AA7E83987C1002705CC0F
S2100E926C0001202F4A91533A876C8E8C1E
S2120E9278000027022011EDF01A026DF01AED1E
S2120E9286F01A8D00401825FF86ED8E8D000224
S2120E92942606180300062406EC8E871BF01E18
S2120E92A20A3B1B96CD00016D80EC8A4AA25246
S2110E92B03A87C1002707CC0001182000CD1C
S2110E92BDCD00016D80EC8A4AA0DD3A87C117
S2120E92CA002707CC0001182000B6CD0F006D51
S2120E92D884180080000018008200F2CC00C43D
S2110E92E64AA7713987C1002707CC00011872
S2110E92F3200094CC00014A9E043ACD0900DE
S2110E93006D84180080000018008200F2CC6C
S2100E930D00C44AA7713987C1002707CCA0
S2110E931900011820006BCC00014A9E043A9D
S2110E9326CD0A006D8418008000001800822D
S2110E933300F2CC00C44AA7713987C100278E
S2110E934005CC00012044CC00014A9E043AE4
S2120E934DCD00006D88CD00086D86CD00086D33
S2120E935B8418008000001800820026CC00C485
S2110E93694AA67D3987C1002705CC000120DD
S2110E937613EC8A4A97E53A87C1002705CC0E
S2120E938300012003CC00001B8C0A3B1B920F31
S2110E93918F010718008C0001200518008CB7
S2120E939E0000ED8C6D88CD00016D86CD0008AA
S2110E93AC6D841800800000180082012ECC83
S2100E93B900C44AA67D3987C1002705CCEB
S2120E93C5000120180F8F010718008A000120E5
S2120E93D30518008A0000E68B7B2416CC0000E0
S2120E93E11BF0100A3B1B92E6F014876C80EC15
S2110E93EF8E4A94623A87C1002707CC000113
S2120E93FC1820005EE6F014C100270718008A3F
S2120E940A0003200518008A0000ED8A6D88CD3E
S2120E941800026D86CD00006D841800800000E8
S2110E9426180082013ECC00C44AA67D398790
S2120E9433C1002705CC00012022198C6D84186E
S2110E944100800000180082013ECC00C44AD8
S2110E944EA7363987C1002705CC0001200384
S2120E945BCC00001BF0100A3B1BF1DAE6F02CDC
S2120E9469C1002607CC00001820036DCD0000B3
S2120E94776D88CD00016D86CD00006D84180048
S2120E9485800000180082013ECC00C44AA67D70
S2110E94933987C1002707CC000118200341C1
S2110E94A0CC00024A9AF63A87C1002707CC88
S2120E94AD00011820032ECD000E6D82CD00009D
S2110E94BB6D8019F018B7644ABF003AECF049
S2120E94C826C3003EB746E64087B746CC0024C5
S2120E94D613B746CE5CE8B7646E8AE38AB746D6
S2120E94E41AF016180A4000E6F016C1042738D5
S2120E94F2E6F016C1052731E6F016C110272A41
S2120E9500E6F016C1132723E6F016C114271C3C
S2120E950EE6F016C11F2715E6F016C120270E32
S2120E951CE6F016C1212707E6F016C122260A33
S2120E952A1AF012180000800020081AF0121810
S2120E953800004000ECF018AAF012EAF0136CD9
S2110E9546F018ECF026C30144B746ED408D3C
S2120E95530000260AECF018843FC4FF6CF018D9
S2120E9561ECF026C3003EB746E64087B746CC73
S2120E956F002413B746CE5CEBB7646E8AE38A12
S2120E957DB7461AF016180A4000E6F016874794
S2120E958B5647564756475687C102260A1AF00E
S2120E959910180000200020081AF0101800000F
S2120E95A71000ECF018AAF010EAF0116CF01896
S2120E95B58A08CA006CF018ECF026C30144B704
S2120E95C346ED408D0000260C1AF01819F01812
S2120E95D1180200402025ECF026C30144B746D3
S2120E95DFED408D0001260CECF0188A00CA40F6
S2120E95ED6CF018200AECF0188A00CA206CF0FB
S2120E95FB18ECF026C3003EB746E64087B7468D
S2120E9609CC002413B746CE5CE8B7646E8AE338
S2120E96178AB7461AF016180A4000E6F016C17C
S2110E962501230EE6F016C13C240718008E39
S2120E96320001200518008E0002ECF018AA8E1D
S2120E9640EA8F6CF018ECF026C30003B746E671
S2120E964E40876C8C8C00042707ED8C8D000573
S2120E965C2631ECF026C3006CB746E64087B704
S2120E966A46CC002413B746CE5CE8B7646E8A74
S2120E9678E38AB746C7A640B746ECF01A6D8AD0
S2110E9686AA8AEA8B6CF01A202FECF026C391
S2120E9693003EB746E64087B746CC002413B717
S2120E96A146CE5CE8B7646E8AE38AB746C7A666
S2120E96AF40B746ECF01A6D8AAA8AEA8B6CF06B
S2120E96BD1AECF026C3003EB746E64087B746C8
S2120E96CBCC002413B746CE5CEBB7646E8AE373
S2120E96D98AB7461AF016180A4000E6F01687F4
S2120E96E78400C40F87B746ECF01C6D8AAA8A64
S2120E96F5EA8BB7466DF01C1AF0141808000D1E
S2120E9703E6F014CB846BF01569F017201819DB
S2120E9711F018E6F017876D8AE38AB746E6F084
S2120E971F15EB406BF01562F017E6F017C10E54
S2120E972D25E1CD02826D841800800000180023
S2110E973B820140CC00C44AA7713987C100D8
S2120E97482707CC000118200090E6F01587B714
S2120E975646CC01006D8AA38AB710E6F014B753
S2120E9764466D8418008000001800820142CC6C
S2100E977200C44AA7713987C1002707CC37
S2120E977E00011820005DE6F01487C3000116E9
S2120E978C7DF1316D88316D8819F0186D8418D8
S2110E979A008000001800820144CC00C44A76
S2110E97A7A7E83987C1002705CC0001202D4C
S2120E97B4CD00036D88CD00026D86CD00006DD3
S2120E97C2841800800000180082013ECC00C401
S2110E97D04AA67D3987C1002705CC00012072
S2120E97DD03CC00001BF0280A3B1B94EC8CC33A
S2110E97EB014C6C8ACD6E396D804ABE003A78
S2120E97F8CD00206D88CD00086D86CD00006D6C
S2120E98068418008000001800820082CC00C479
S2110E98144AA67D3987C1002707CC00011833
S2110E9821200177CC00014A938D3A87C100D6
S2120E982E2707CC000118200164CD00016D88BE
S2110E983CCD00016D86CD00006D84180080F5
S2110E984900001800820008CC00C44AA67D60
S2110E98563987C1002707CC00011820013805
S2120E9863CD00026D88CD00086D86CD00086D16
S2120E98718418008000001800820078CC00C418
S2110E987F4AA67D3987C1002707CC000118C8
S2110E988C20010CEC8C4AB4603A87C1002710
S2110E989907CC0001182000FAEC8C4AAAC27B
S2110E98A63A87C1002707CC0001182000E805
S2100E98B3EC8C4AA4683A87C1002707CC4C
S2110E98BF0001182000D6EC8C4A9C073A8754
S2120E98CCC1002707CC0001182000C4CD0001F5
S2110E98DA6D80EC8C4A93E53A87C100270797
S2110E98E7CC0001182000ADCD00006D88CD20
S2120E98F400016D86CD00086D84180080000001
S2110E9902180082000ECC00C44AA67D3987E0
S2120E990FC1002707CC000118200081CD0001F4
S2110E991D6D80EC8C4A9B8A3A87C1002707A6
S2120E992ACC00011820006ACD58006D8418007F
S2120E99388000001800820070CC00C44AA77192
S2100E99463987C1002705CC0001204ACD51
S2120E995258006D841800800000180082007405
S2110E9960CC00C44AA7713987C1002705CC7C
S2120E996D0001202AEC8AC30006B745C6006B22
S2110E997B00EC8AC30007B745C6006B00CC93
S2100E998800004A9F2E3A87C1002705CC2F
S2120E999400012003CC00001B8E0A3B1BF1E7E1
S2120E99A2E6F01FC1002607CC0000182001427A
S2120E99B0CD00006D88CD00016D86CD00046DD5
S2120E99BE841800800000180082013ECC00C403
S2110E99CC4AA67D3987C1002707CC0001187A
S2110E99D9200116CC00204A9AF63A87C100EF
S2120E99E62707CC000118200103CD000A6D8263
S2110E99F4CD00006D80198EB7644ABF003A94
S2120E9A01ECF019C3014AB746EC408480C40050
S2120E9A0F8C00002708EC8E8A00CA066C8E1895
S2120E9A1D088C0AE68CCB856B8D69F01820152A
S2120E9A2B198EE6F018876D8AE38AB746E68D2A
S2120E9A39EB406B8D62F018E6F018C10A25E4BD
S2110E9A47CD01846D8418008000001800828A
S2110E9A540180CC00C44AA7713987C10027D7
S2120E9A6107CC000118200089E68D87B746CC8C
S2120E9A6F01006D8AA38AB710E68CB7466D848A
S2120E9A7D18008000001800820182CC00C44A39
S2110E9A8BA7713987C1002707CC00011820EF
S2120E9A980058E68C87167DF1316D88316D888C
S2120E9AA6198E6D841800800000180082018450
S2110E9AB4CC00C44AA7E83987C1002705CCB0
S2120E9AC10001202DCD00036D88CD00026D86AF
S2110E9ACFCD00046D84180080000018008283
S2110E9ADC013ECC00C44AA67D3987C1002786
S2120E9AE905CC00012003CC00001BF01B0A3B30
S2120E9AF71B92E68F876C8C18008A0064203C4B
S2120E9B05198C6D841800800000180082013E38
S2110E9B13CC00C44AA7363987C1002707CC00
S2120E9B20000118200060E68F87B746EC8C6DAD
S2110E9B2E86A486E4876C8CED8A036D8ACCC7
S2110E9B3B00014A9E043AED8A8D00002707B1
S2120E9B48E68F87AC8C27B6ED8A6D84ED8C6D9D
S2110E9B5682CD6E0F6D804ABE003AED8A8DF0
S2110E9B6300002609CD6DF26D804ABE003A58
S2120E9B70ED8A8D0000270718008800002005DD
S2120E9B7E1800880002EC88871BF0100A3B1BAE
S2110E9B8C92E6F014876C80EC8E4A999E3A95
S2120E9B9987C1002707CC00011820005EE6F0FC
S2120E9BA714C100270718008A000320051800B8
S2110E9BB58A0000ED8A6D88CD00026D86CD0B
S2120E9BC200046D841800800000180082013E1C
S2110E9BD0CC00C44AA67D3987C1002705CCFF
S2120E9BDD00012022198C6D84180080000018DE
S2110E9BEB0082013ECC00C44AA7363987C161
S2120E9BF8002705CC00012003CC00001BF01049
S2110E9C060A3B1B96CC00014A9F2E3A87C1E2
S2120E9C13002707CC0001182000A2CD00006D21
S2110E9C2180EC8A4AA2523A87C1002707CC73
S2120E9C2E00011820008BCD00036D88CD0008B7
S2120E9C3C6D86CD00086D84180080000018009E
S2110E9C4A820004CC00C44AA67D3987C100F6
S2110E9C572705CC00012061CC00014A9E04BA
S2100E9C643ACD00006D88CD00086D86CD50
S2120E9C7000086D8418008000001800820004A4
S2110E9C7ECC00C44AA67D3987C1002705CC50
S2120E9C8B00012030CD00016D80EC8A4AA252F8
S2100E9C993A87C1002705CC0001201BCC2A
S2100E9CA500004A9F2E3A87C1002705CC0F
S2100E9CB10001200ACC00404A9E043ACC6B
S2120E9CBD00001B8C0A3B1B9AEDF300066D840E
S2120E9CCB18008000001800820278CC00C24AF4
S2110E9CD9A7713987C1002707CC000118209F
S2120E9CE60119E68C875959C30080B7466D8467
S2120E9CF418008000001800820279CC00C24ACA
S2110E9D02A7713987C1002707CC0001182075
S2120E9D0F00F0EC86C30002B746ED406D8418D9
S2110E9D1D008000001800820278CC00C24ABA
S2110E9D2AA7713987C1002707CC000118204D
S2120E9D3700C8E68C875959C30081B7466D8466
S2120E9D4518008000001800820279CC00C24A78
S2110E9D53A7713987C1002707CC0001182024
S2120E9D60009FEC86C30004B746ED406D8418D7
S2110E9D6E008000001800820278CC00C24A69
S2110E9D7BA7713987C1002707CC00011820FC
S2120E9D880077E68C875959C30082B7466D8465
S2120E9D9618008000001800820279CC00C24A27
S2110E9DA4A7713987C1002705CC000120509D
S2120E9DB1EC86C30006B746ED406D84180080A3
S2110E9DBF00001800820278CC00C24AA77180
S2110E9DCC3987C1002705CC0001202AE68C41
S2110E9DD9875959C30083B7466D8418008065
S2110E9DE600001800820279CC00C24AA77158
S2100E9DF33987C1002705CC00012003CCE8
S2120E9DFF00001B880A3B1800AE24001800AEAB
S2120E9E0D4474EC84167ABF1800AE00001800DF
S2110E9E1BAE447A167F1016CDD8167A0F7C40
S2120E9E2826D1FD26D18D000026F8CC00001B9C
S2120E9E36820A1B96CD00016D88CD00016D864A
S2110E9E44CD00066D84180080000018008208
S2110E9E5101A0CC00C24AA67D3987C10027AD
S2120E9E5E07CC0001182000C5CD00006D88CD83
S2120E9E6C00016D86CD000D6D8418008000007E
S2110E9E7A18008201A7CC00C24AA67D3987CB
S2120E9E87C1002707CC000118200099CD000060
S2110E9E956D8418008000001800820070CC4E
S2100E9EA200C04AA7713987C1002707CC04
S2120E9EAE000118200077CD00016D841800808C
S2110E9EBC00001800820070CC00C04AA7718E
S2100E9EC93987C1002705CC00012057CDBC
S2120E9ED500016D88CD00016D86CD000D6D84EA
S2120E9EE3180080000018008201A7CC00C24AAC
S2110E9EF1A67D3987C1002705CC0001202D67
S2120E9EFECD00006D88CD00016D86CD00066D80
S2120E9F0C84180080000018008201A0CC00C24F
S2110E9F1A4AA67D3987C1002705CC00012020
S2120E9F2703CC00001B8A0A3B1B91F62416C1C3
S2120E9F35002607CC000018200121198D6D8421
S2120E9F43180080000018008201DECC00C44A12
S2110E9F51A7363987C1002707CC000118205F
S2120E9F5E0100E6F010C1002710EC8DB701874B
S2120E9F6CC1012607CC0000182000E9E6F01012
S2120E9F7AC1002610EC8DB70187C1102607CC4D
S2120E9F880000182000D2CD00006D88CD00021D
S2120E9F966D86CD000A6D84180080000018003F
S2110E9FA482013ECC00C44AA67D3987C1005E
S2110E9FB12707CC0001182000A64AA0643A2F
S2120E9FBE6B8CC1012607E68C8718200095E6F0
S2120E9FCC8CC1022607CC000018200088E6F096
S2120E9FDA10C100270718008A00012005180087
S2110E9FE88A0010ED8A6D88CD00086D86CDBE
S2120E9FF500086D84180080000018008201DE41
S2110EA003CC00C44AA67D3987C1002705CCC7
S2120EA0100001204CCD00036D88CD00026D863B
S2110EA01ECD000A6D84180080000018008228
S2110EA02B013ECC00C44AA67D3987C1002731
S2110EA03805CC00012022198D6D84180080C5
S2110EA0450000180082013ECC00C44AA7366B
S2100EA0523987C1002705CC00012003CC86
S2120EA05E00001BF0110A1B9418008A0800184A
S2110EA06C008800642033198A6D8418008069
S2110EA0790000180082013ECC00C44AA73637
S2110EA0863987C1002705CC00012049EC8A61
S2120EA0938408C4006C8AED88036D88CC00012C
S2110EA0A14A9E043AED888D00002707ED8AD2
S2120EA0AE8D080027BFED886D84ED8A6D82CD7D
S2110EA0BC6DCF6D804ABE003AED888D000017
S2120EA0C92707180086000020051800860002E5
S2120EA0D7EC86871B8C0A3B1B92EC8EC3014C4C
S2120EA0E56C8C0FF014010718008A000120057F
S2120EA0F318008A0000ED8A6D88CD00016D867D
S2110EA101CD00086D84180080000018008246
S2110EA10E013CCC00C44AA67D3987C100274F
S2120EA11B07CC00011820012BCD00006D88CD5C
S2120EA12900026D86CD000C6D841800800000BE
S2110EA1371800820076CC00C44AA67D39873B
S2120EA144C1002707CC0001182000FFCD00003A
S2120EA1526D88CD00016D86CD000F6D84180051
S2120EA1608000001800820076CC00C44AA67D51
S2110EA16E3987C1002707CC0001182000D34A
S2120EA17BCD00006D88CD00016D86CD00086DFE
S2120EA1898418008000001800820026CC00C449
S2110EA1974AA67D3987C1002707CC000118A7
S2120EA1A42000A7CD00006D88CD00016D86CD83
S2120EA1B200076D8418008000001800820076EC
S2110EA1C0CC00C44AA67D3987C1002707CC07
S2120EA1CD00011820007BCD00006D88CD00012D
S2120EA1DB6D86CD00096D8418008000001800F9
S2110EA1E9820026CC00C44AA67D3987C10030
S2110EA1F62705CC00012051CD00006D88CD50
S2120EA20300016D86CD00086D841800800000E8
S2110EA211180082000ECC00C44AA67D3987C8
S2120EA21EC1002705CC00012027E6F014C10073
S2120EA22C260BEC8CC30006B745C6006B00E68C
S2120EA23AF014C100260BEC8CC30007B745C609
S2120EA248006B00CC00001BF0100A3B1B92ECC5
S2120EA2568EC3014C6C8CCD00006D88CD0002C0
S2120EA2646D86CD000C6D84180080000018006C
S2110EA272820076CC00C44AA67D3987C10056
S2120EA27F2707CC000118200129CD00006D889F
S2110EA28DCD00016D86CD000F6D841800808B
S2110EA29A00001800820076CC00C44AA67D97
S2110EA2A73987C1002707CC0001182000FDE6
S2120EA2B4CD00006D88CD00016D86CD00086DC4
S2120EA2C28418008000001800820026CC00C40F
S2110EA2D04AA67D3987C1002707CC0001186D
S2120EA2DD2000D1CD00006D88CD00016D86CD1F
S2120EA2EB00076D8418008000001800820076B2
S2110EA2F9CC00C44AA67D3987C1002707CCCD
S2120EA3060001182000A5CD00006D88CD0001C8
S2120EA3146D86CD00096D8418008000001800BE
S2110EA322820026CC00C44AA67D3987C100F5
S2120EA32F2707CC000118200079CD00006D889F
S2110EA33DCD00016D86CD00086D84180080E1
S2110EA34A0000180082000ECC00C44AA67D4E
S2110EA3573987C1002705CC0001204F0FF0FE
S2110EA36414010718008A0001200518008A53
S2120EA3710000ED8A6D88CD00016D86CD0000D1
S2110EA37F6D8418008000001800820008CCC7
S2100EA38C00C44AA67D3987C1002705CC08
S2120EA39800012015E6F014C100260BEC8CC357
S2120EA3A60007B745C6006B00CC00001BF0107B
S2120EA3B40A3B1B9AED866D841800800000187A
S2110EA3C200820000CC00C04AA7363987C1C5
S2120EA3CF002705CC00012012EDF300066D826D
S2110EA3DDCD6DB36D804ABE003ACC00001B5D
S2120EA3EA880A3B1B9AED866D841800800000D4
S2110EA3F81800820004CC00C04AA736398734
S2120EA405C1002705CC00012012EDF300066DF7
S2110EA41382CD6D956D804ABE003ACC0000DD
S2110EA4201B880A3B1B9AED866D8418008083
S2110EA42D00001800820007CC00C04AA736BB
S2110EA43A3987C1002705CC00012020ECF369
S2120EA44700068400C401B746EE866D00EDF3E7
S2110EA45500066D82CD6D766D804ABE003A13
S2120EA462CC00001B880A3B1BF1EAECF016C37A
S2120EA47001486CF014CD00006D88CD00016D15
S2120EA47E86CD00006D84180080000018008247
S2110EA48C0114CC00C44AA67D3987C10027F6
S2120EA49907CC0001182003E7CD00016D88CD1C
S2120EA4A700016D86CD00096D84180080000041
S2110EA4B5180082000CCC00C44AA67D398724
S2120EA4C2C1002707CC0001182003BBEDF014D6
S2110EA4D06D80ECF0164AA88C3A87C1002766
S2120EA4DD07CC0001182003A3EDF01402E64093
S2120EA4EB878400C40F876C88CD00086D86CD62
S2120EA4F900086D8418008000001800820120F6
S2110EA507CC00C44AA67D3987C1002707CCBC
S2120EA51400011820036EE6F30014C10418268C
S2110EA52200E5CD00006D88CD00046D86CDE1
S2120EA52F000C6D841800800000180082011CBF
S2110EA53DCC00C44AA67D3987C1002707CC86
S2120EA54A000118200338CD00006D88CD0008E5
S2120EA5586D86CD00006D841800800000180081
S2110EA56682011ECC00C44AA67D3987C100B6
S2120EA5732707CC00011820030CCD00006D88C3
S2110EA581CD00016D86CD00096D841800809A
S2110EA58E00001800820114CC00C44AA67D01
S2110EA59B3987C1002707CC0001182002E00A
S2110EA5A8CC00064A9E043ACD00036D88CD09
S2120EA5B500086D86CD00006D84180080000034
S2110EA5C31800820114CC00C44AA67D39870C
S2120EA5D0C1002707CC0001182002ADCD0000FA
S2120EA5DE6D88CD00026D86CD00096D841800C6
S2120EA5EC800000180082012ECC00C44AA67D08
S2110EA5FA3987C100182701CBCC00011820B0
S2120EA607027FECF014C30002B746EC40B7011B
S2120EA615876C88CD00086D86CD00006D84180B
S2110EA623008000001800820124CC00C44AFE
S2110EA630A67D3987C1002707CC0001182033
S2120EA63D0249ECF014C30002B746EC40B7011B
S2120EA64B87B746EEF01408E600878400C40FAC
S2120EA65987595959596D8AAA8AEA8B878A1034
S2120EA667CA006CF012B7466D84180080000014
S2110EA6751800820122CC00C44AA771398756
S2110EA682C1002707CC0001182001FBE6F3EF
S2120EA68F0014876C88CD00026D86CD00006D1F
S2120EA69D841800800000180082011CCC00C439
S2110EA6AB4AA67D3987C1002707CC0001188E
S2120EA6B82001CDECF014C30002B746EC408431
S2120EA6C600C4FF876C88CD00086D86CD000898
S2110EA6D46D841800800000180082011CCC5A
S2100EA6E100C44AA67D3987C1002707CCAE
S2120EA6ED000118200195CD00016D88CD0001EC
S2120EA6FB6D86CD00096D8418008000001800D4
S2110EA709820114CC00C44AA67D3987C1001B
S2110EA7162707CC000118200169CC00064A6A
S2110EA7239E043AECF014C30002B746EC405C
S2120EA7308480C4008C0000270718008E000FD1
S2120EA73E2011E6F3001487B746CC0001B7656F
S2120EA74C167A056C8E19F01218028E40ECF07E
S2120EA75A1287595959598A00CA01876C88CD44
S2120EA76800086D86CD00006D8418008000007F
S2110EA7761800820114CC00C44AA67D398757
S2120EA783C1002707CC0001182000FAEDF012D8
S2120EA7918D000F260718008C000120051800FC
S2110EA79F8C0000ED8C6D88CD00026D86CD11
S2120EA7AC00096D841800800000180082012E31
S2110EA7BACC00C44AA67D3987C1002707CC07
S2120EA7C70001182000BBCD00006D88CD0001ED
S2120EA7D56D86CD00096D8418008000001800F9
S2110EA7E382000CCC00C44AA67D3987C1004A
S2120EA7F02707CC00011820008F19F0106D847C
S2120EA7FE1800800000180082013ECC00C44AEF
S2110EA80CA7363987C1002707CC000118209B
S2110EA819006DECF0164A9C073A87C100272A
S2120EA82607CC00011820005AEDF0106D8418B5
S2110EA83400800000180082013ECC00C44AD1
S2110EA841A7713987C1002705CC0001203A0B
S2120EA84EEDF01402E64087475647564756472B
S2120EA85C56876C88CD00086D86CD00006D8484
S2120EA86A18008000001800820102CC00C44ABE
S2110EA878A67D3987C1002705CC0001200300
S2110EA885CC00001BF0180A3B1BF1E8E6F3B2
S2120EA892001DC1041826008219F0126D8418DF
S2110EA8A0008000001800820118CC00C44A8B
S2110EA8ADA7363987C1002707CC00011820FA
S2110EA8BA0202CD00036D88CD00086D86CD20
S2120EA8C700006D841800800000180082011438
S2110EA8D5CC00C44AA67D3987C1002707CCEB
S2120EA8E20001182001D6EDF01D026D8EE6F375
S2120EA8F0000EC4F0B716EE8EB7616B00EDF0DC
S2120EA8FE1D026D8CECF0128400C40F87B74658
S2120EA90CE6F3000C6D8AEA8BB716EE8CB7617A
S2120EA91A6B00EDF01D02E640878400C40F872A
S2120EA9286CF0108C00002755EDF0108D00021E
S2120EA936275EEDF0108D00032734EDF0108D29
S2120EA9440000182D0099EDF0108D0008275516
S2120EA952EDF0108D000A1827005AEDF0108D4D
S2120EA960000C1827005FEDF0108D000E182765
S2120EA96E00641820006F1AF014180000000087
S2120EA97C18000210001820006B1AF0141800B7
S2120EA98A00000018000218801820005A1AF05E
S2110EA9981418000000001800021800182009
S2110EA9A500491AF0141800000000180002F9
S2120EA9B23100203A1AF01418000000001800AB
S2120EA9C0023000202B1AF014180000000018AB
S2120EA9CE00026200201C1AF014180000000092
S2110EA9DC1800026000200D1AF0141800007E
S2120EA9E900001800020000ECF0163BECF01614
S2120EA9F73B1800AEFFFF1800AE0000167B8D5C
S2110EAA051B8231B7648400C4FF876C88CDB9
S2120EAA1200086D86CD00086D841800800000CA
S2110EAA201800820102CC00C44AA67D3987BC
S2120EAA2DC1002707CC000118200086ECF0169C
S2110EAA3B3BECF0163B1800AEFFFF1800AE09
S2120EAA480000167B8D1B8231B764B701876C3B
S2120EAA5688CD00086D86CD00006D8418008039
S2110EAA6400001800820104CC00C44AA67D36
S2110EAA713987C1002705CC00012042ECF00D
S2120EAA7E163BECF0163BCC0010167BFF1B8230
S2120EAA8C31B7648400C4FF876C88CD00086D59
S2120EAA9A86CD00086D8418008000001800821D
S2110EAAA80104CC00C44AA67D3987C10027E4
S2120EAAB505CC00012003CC00001BF01A0A3B55
S2110EAAC31B94EC8C4AAB7B3A87C10027072C
S2110EAAD0CC0001182000A1EC8C4AB2883A8A
S2120EAADD87C1002707CC00011820008FEC8CD6
S2110EAAEB4AB2ED3A87C1002707CC000118CD
S2120EAAF820007D198A6D84180080000018005C
S2110EAB0682013ECC00C44AA7363987C10036
S2120EAB132707CC00011820005CEC8C4A9C072D
S2110EAB213A87C1002705CC0001204CED8AB6
S2110EAB2E6D841800800000180082013ECCD9
S2100EAB3B00C44AA7713987C1002705CC5C
S2120EAB470001202DCD00006D88CD00026D861B
S2110EAB55CD00006D841800800000180082F0
S2110EAB620048CC00C44AA67D3987C10027E6
S2120EAB6F05CC00012003CC00001B8E0A3B1BFB
S2120EAB7DF1E11AF01D18000000001AF018186C
S2120EAB8B0000000069F01CECF01FC3006CB753
S2120EAB9945E600CD6C3C875959596D8AE38A05
S2120EABA76CF01AECF01FC30003B746E64087AC
S2120EABB56CF0108C00042708EDF0108D0005D5
S2120EABC32611ECF01FC3006DB7461AF01C18D4
S2120EABD10A4000200FECF01FC3003FB7461AD6
S2110EABDFF01C180A4000E6F01CC1001826F7
S2120EABEC0067ECF01FC30144B7461AF01618A9
S2120EABFA024000EDF0168D00002714EDF0164A
S2120EAC088D00012720EDF0168D0003272C1868
S2120EAC162001791AF01D18000000001AF01822
S2120EAC241800000000182001651AF01D18001A
S2110EAC320000201AF018180000000618206A
S2120EAC3F01511AF01D18000000201AF0181809
S2120EAC4D000000071820013DE6F01CC101189D
S2120EAC5B260067ECF01FC30144B7461AF0162B
S2120EAC6918024000EDF0168D00002714EDF0D8
S2120EAC77168D00012720EDF0168D0003272CFB
S2120EAC85182001091AF01D18000000381AF0EB
S2120EAC93181800000000182000F51AF01D1804
S2120EACA1000000001AF0181800000000182020
S2120EACAF00E11AF01D18000000201AF018180A
S2120EACBD00000001182000CDE6F01CC106189F
S2120EACCB260067ECF01FC30144B7461AF016BB
S2120EACD918024000EDF0168D00002714EDF068
S2120EACE7168D00012720EDF0168D0003272C8B
S2120EACF5182000991AF01D180000003E1AF0E6
S2120EAD03181800000000182000851AF01D1803
S2120EAD11000000061AF01818000000001820A9
S2120EAD1F00711AF01D18000000221AF0181807
S2120EAD2D000000001820005DECF01FC301446D
S2110EAD3BB7461AF01618024000EDF0168D01
S2120EAD4800002712EDF0168D0001271CEDF010
S2120EAD56168D0003272620341AF01D18000056
S2120EAD64003C1AF018180000000020221AF00C
S2120EAD721D18000000041AF01818000000004D
S2120EAD8020101AF01D18000000201AF01818E9
S2120EAD8E00000000EDF01D6D88CD00066D86EF
S2110EAD9CCD00006D841800800000180082A7
S2110EADA9004ACC00C44AA67D3987C100279B
S2120EADB607CC00011820023BEDF0186D88CD7C
S2120EADC400036D86CD00086D8418008000001A
S2110EADD21800820048CC00C44AA67D3987C2
S2120EADDFC1002707CC00011820020FCD000081
S2120EADED6D88CD00086D86CD00006D841800B2
S2120EADFB8000001800820048CC00C44AA67DD8
S2110EAE093987C1002707CC0001182001E391
S2120EAE16ECF01FC30003B746E640876C8E8C2A
S2120EAE2400042709ED8E8D000518260095EC0D
S2120EAE32F01AC30002B746EC408400C4108C23
S2120EAE400000270A1AF0161800000000200860
S2120EAE4E1AF016180000000419F0161AF01D61
S2120EAE5C18024000ECF01AC30002B746EC4097
S2120EAE6A8400C4088C0000270A1AF014180084
S2120EAE7800000020081AF0141800000002EC6D
S2120EAE86F01DAAF014EAF0156CF01DECF01A92
S2120EAE94C30002B746EC408400C4048C0000D7
S2120EAEA2270A1AF012180000000020081AF0F8
S2120EAEB0121800000001ECF01DAAF012EAF0D7
S2120EAEBE136CF01D18200091ECF01FC3004818
S2120EAECCB746EC408400C4108C0000270A1A0D
S2120EAEDAF016180000000020081AF0161800D9
S2120EAEE800000419F0161AF01D18024000ECB9
S2120EAEF6F01FC30048B746EC408400C4088C1C
S2120EAF040000270A1AF014180000000020089D
S2120EAF121AF0141800000002ECF01DAAF0143F
S2120EAF20EAF0156CF01DECF01FC30048B746A5
S2120EAF2EEC408400C4048C0000270A1AF012B1
S2110EAF3C180000000020081AF01218000081
S2120EAF490001ECF01DAAF012EAF0136CF01DDB
S2120EAF57EDF01D6D88CD00036D86CD000C6DE1
S2120EAF658418008000001800820032CC00C453
S2110EAF734AA67D3987C1002707CC000118BD
S2120EAF80200076ECF01FC30003B746E64087AF
S2120EAF8E6C8C8C00042707ED8C8D00052610AB
S2120EAF9CECF01FC3006CB746E640876CF01D47
S2120EAFAA200EECF01FC3003EB746E640876C46
S2110EAFB8F01DECF01D874AAFFD3A87C10074
S2110EAFC52705CC0001202DCD00016D88CD96
S2120EAFD200016D86CD00006D84180080000014
S2110EAFE0180082004ACC00C44AA67D3987B0
S2120EAFEDC1002705CC00012003CC00001BF08F
S2120EAFFB210A3B1B92E68F87B746CC00241326
S2120EB009B746CE5CFCB7646E8AE38AB746186E
S2110EB01702408CEC8C8400C4FF876C88CD44
S2120EB02400086D86CD00006D841800800000BA
S2110EB032180082003ECC00C44AA67D398769
S2120EB03FC1002707CC00011820023AE68F87C4
S2120EB04DB746CC002413B746CE5D06B7646E2B
S2120EB05B8AE38AB7461802408CED8C6D841878
S2110EB069008000001800820040CC00C44A93
S2110EB076A7713987C1002707CC00011820EE
S2120EB08301FFE68F87B746CC002413B746CEE5
S2120EB0915D0AB7646E8AE38AB7461802408CD4
S2120EB09FED8C6D8418008000001800820042B2
S2110EB0ADCC00C44AA7713987C1002707CC16
S2120EB0BA0001182001C4E68F87B746CC00248E
S2120EB0C813B746CE5CFEB7646E8AE38AB746B2
S2120EB0D61802408CED8C6D8418008000001859
S2110EB0E400820044CC00C44AA7713987C113
S2120EB0F1002707CC000118200189E68F87B7CE
S2120EB0FF46CC002413B746CE5D08B7646E8AA4
S2120EB10DE38AB7461802408CEC8C8400C4FF12
S2120EB11B876C88CD00086D86CD00006D8418FA
S2110EB129008000001800820046CC00C44ACC
S2110EB136A67D3987C1002707CC0001182022
S2120EB143013FE68F87B746CC002413B746CEE4
S2120EB1515D00B7646E8AE38AB7461802408C1D
S2120EB15FEC8C8400C4FF876C88CD00086D86CD
S2110EB16DCD00086D841800800000180082CA
S2110EB17A0046CC00C44AA67D3987C10027CA
S2120EB18707CC0001182000F5E68F87B746CCE1
S2120EB195002413B746CE5CF4B7646E8AE38AC7
S2120EB1A3B7461802408CED8C6D88CD000C6DF4
S2120EB1B186CD00006D84180080000018008207
S2110EB1BF0032CC00C44AA67D3987C1002799
S2120EB1CC07CC0001182000B0E68F87B746CCE1
S2120EB1DA002413B746CE5CF6B7646E8AE38A80
S2110EB1E8B7461802408CED8C6D8418008062
S2110EB1F500001800820034CC00C44AA7717A
S2110EB2023987C1002707CC00011820007503
S2120EB20FE68F87B746CC002413B746CE5CF803
S2120EB21DB7646E8AE38AB7461802408CED8C34
S2110EB22B6D8418008000001800820036CCDE
S2100EB23800C44AA7713987C1002705CC58
S2120EB2440001203CE68F87B746CC002413B7D9
S2120EB25246CE5CFAB7646E8AE38AB7461802DA
S2120EB260408CED8C6D84180080000018008265
S2110EB26E0038CC00C44AA7713987C10027EE
S2120EB27B05CC00012003CC00001BF0100A3B91
S2120EB2891B91EC8FC30146B746EC408400C402
S2120EB297108C0000270718008C0001200518EA
S2120EB2A5008C0000E68D6B8E0F8E01071800D3
S2120EB2B38A0001200518008A0000ED8A6D88BC
S2110EB2C1CD00016D86CD00016D8418008055
S2110EB2CE00001800820008CC00C44AA67DC1
S2100EB2DB3987C1002705CC00012003CCEB
S2120EB2E700001BF0110A3B1BF1E9ECF017C33A
S2120EB2F50146B746EC408400C4018C000027CC
S2120EB3030A1AF014180000000120081AF014A2
S2120EB3111800000000E6F0156BF016C10027BF
S2120EB31F0A1AF012180000000220081AF01289
S2120EB32D1800000001EDF0126D88CD00026DC6
S2120EB33B86CD000E6D8418008000001800826D
S2110EB3490048CC00C44AA67D3987C10027F7
S2120EB35607CC0001182000FEE6F016C10027F8
S2120EB3640A1AF010180000000220081AF01048
S2120EB3721800000000EDF0106D88CD00026D84
S2120EB38086CD00066D84180080000018008230
S2110EB38E004ACC00C44AA67D3987C10027B0
S2120EB39B07CC0001182000B9E6F016C10027F8
S2120EB3A90718008E0001200518008E0000ED1D
S2120EB3B78E6D88CD00016D86CD00056D841856
S2110EB3C500800000180082004ACC00C44A2A
S2110EB3D2A67D3987C1002707CC0001182084
S2120EB3DF007BE6F016C100270718008C00064D
S2120EB3ED200518008C0004ED8C6D88CD000334
S2120EB3FB6D86CD000B6D8418008000001800C5
S2110EB40982012ECC00C44AA67D3987C100F4
S2120EB4162705CC0001203FE6F016C1002707E2
S2120EB42418008A0001200518008A0000ED8A26
S2120EB4326D88CD00016D86CD000E6D8418005F
S2120EB440800000180082012ECC00C44AA67DA5
S2100EB44E3987C1002705CC00012003CC76
S2120EB45A00001BF0190A3B1B94EC8CC3014835
S2110EB4686C8ACD00036D88CD00086D86CD74
S2120EB47500006D84180080000018008201147E
S2110EB483CC00C44AA67D3987C1002707CC31
S2110EB490000118200079ED8A6D80EC8C4AC4
S2110EB49DA88C3A87C1002707CC00011820A6
S2110EB4AA0063CD00026D88CD00086D86CDC6
S2120EB4B700086D841800800000180082010048
S2110EB4C5CC00C44AA67D3987C1002705CCF1
S2120EB4D200012039ED8A02E64087475647569F
S2110EB4E047564756876C88CD00086D86CD02
S2120EB4ED00006D841800800000180082010218
S2110EB4FBCC00C44AA67D3987C1002705CCBB
S2120EB50800012003CC00001B8E0A3B1B920F88
S2110EB5168F010718008C0001200518008C10
S2120EB5230000ED8C6D88CD00016D86CD000308
S2110EB5316D841800800000180082002ACCE1
S2100EB53E00C24AA67D3987C1002705CC46
S2120EB54A0001203C0F8F010718008A0001201A
S2120EB5580518008A0000ED8A6D88CD00016D84
S2120EB56686CD00006D8418008000001800824E
S2110EB574002ACC00C24AA67D3987C10027EA
S2120EB58105CC00012003CC00001BF0100A3B88
S2110EB58F1B9EE688876C80EC824AB5C13A9A
S2120EB59C87C1002705CC00012018E688876CB4
S2110EB5AA80EC824AB6EE3A87C1002705CC2B
S2120EB5B700012003CC00001B840A3B1BF1ECA7
S2120EB5C5ECF014C300B26CF012C3000AB746C8
S2120EB5D3EC408420C4008C0000270718008C65
S2120EB5E10001200518008C000018028C8EE665
S2120EB5EFF01AC1002607CC0000182000EEEC65
S2120EB5FDF012C3000CB746ED408D0500240775
S2120EB60B18008A0000200518008A0002E6F0DD
S2120EB6191A875959AA8AEA8B6CF010ECF012BA
S2120EB627C3000AB746EC408400C4108C000028
S2120EB635260AECF0108A00CA016CF010ECF03B
S2110EB64312C3000AB746EC408408C4008C03
S2120EB6500000260AECF0108A00CA206CF010DD
S2120EB65EEDF0106D88CD00066D86CD00006DE9
S2120EB66C8418008000001800820042CC00C237
S2110EB67A4AA67D3987C1002707CC000118AF
S2120EB687200060CD00016D88CD00016D86CDD1
S2120EB69500076D841800800000180082004228
S2110EB6A3CC00C24AA67D3987C1002705CC13
S2120EB6B000012036CD00006D88CD00036D869D
S2120EB6BECD000D6D84CC0049A38EB746351810
S2120EB6CC00AE0000306E82306E82CC00C04A99
S2110EB6DAA67D3987C1002705CC0001200390
S2120EB6E7CC00001BF0160A3B1BF1EAECF01628
S2120EB6F5C300B26CF010C3000AB746EC4084D9
S2120EB70320C4008C0000270718008E000120C0
S2120EB7110518008E00001AF01218028E00E6C2
S2120EB71FF01CC1002707CC0000182000FBCD42
S2120EB72D00006D88CD00066D86CD00006D8482
S2120EB73B18008000001800820042CC00C24AA1
S2110EB749A67D3987C1002707CC0001182009
S2110EB75600CFCD00006D88CD00016D86CDB4
S2120EB76300076D841800800000180082004259
S2110EB771CC00C24AA67D3987C1002707CC42
S2120EB77E0001182000A319F0146D8418008028
S2110EB78C00001800820002CC00C24AA7364C
S2110EB7993987C1002707CC0001182000815B
S2120EB7A6EDF0128D00002711CE0004ECF0140C
S2120EB7B41679FB8400C4036C8C200FCE000C9E
S2120EB7C2ECF0141679FB8400C4036C8C19F0A0
S2120EB7D01418028C40EDF0148D000226071899
S2120EB7DE008A0001200518008A000019F014DB
S2120EB7EC18028A40EDF0146D88CD00036D86AF
S2120EB7FACD000D6D84CC0049A3F012B7463577
S2120EB8081800AE0000306E82306E82CC00C08D
S2110EB8164AA67D3987C1002705CC0001200B
S2120EB82303CC00001BF0180A3B1B96E68B8724
S2120EB8316C88CD00046D86CD00026D84180066
S2120EB83F8000001800820043CC00C24AA67D90
S2100EB84D3987C1002705CC00012003CC73
S2090EB85900001B8C0A26
S1116D764D44494E3378785F47657456657214
S1116D8473696F6E4944203D20307825303409
S1116D92580D004D44494E3378785F476574C0
S1116DA04465766963654944203D20307825BA
S1116DAE3034580D004D44494E3378785F4719
S1116DBC6574436869704944203D2030782591
S1116DCA3034580D002844697361626C6520F2
S1116DD84350292076616C3D307825303258C6
S1116DE62C20636F756E743D25640D002044EF
S1116DF4697361626C6520496E666F46726158
S1116E026D65204572726F722121210D0028EA
S1116E1044697361626C6520496E666F467258
S1116E1E616D65292076616C3D307825303237
S1116E2C582C20636F756E743D25640D00496B
S1116E3A6E697448444D495458282921212179
S1056E480D0037
S104FC19FFE7
S104FC1A00E5
S1116E4A020000000000000002000000000032
S1116E58000002000000FE00FE000000020028
S1116E66020001FC010200320084FF6B00E117
S1116E74FFB4FF44FFDC00E10000000000005A
S10B6E8200400200020001FCC3
S2110EC0003B1B9EEC82C3014C6C804A81BF38
S2110EC00D3B87C1002707CC000118200088D5
S2100EC01AEC804A81423B87C1002707CC11
S2110EC026000118200076EC804A82E53B876C
S2120EC033C1002705CC00012066EC804A854A27
S2110EC0413BEC80C30006B746E640C1012664
S2110EC04E40EC824AA5453C87C1002705CC74
S2110EC05B00012043EC824A86E93B87C100B7
S2110EC0682705CC00012033EC824A85F13B03
S2110EC07587C1002705CC00012023EC824A6F
S2110EC08280A53B87C1002705CC00012013CA
S2100EC08FEC824A81093B87C1002705CCD5
S2120EC09B00012003CC00001B840A3B1B9EEC0B
S2120EC0A982C3014C6C80C30006B746E640C14B
S2110EC0B702261E4A834E3B87C1012605CC8D
S2110EC0C40000203EEC824A97E53A87C10048
S2120EC0D12705CC0001202EEC80C30006B746D5
S2110EC0DFE640C103261E4A834E3B87C10075
S2110EC0EC2605CC00002013EC824A83693B2B
S2120EC0F987C1002705CC00012003CC00001BDB
S2120EC107840A3B1B9EEC82C3014CB7466D802D
S2120EC115F62EFAC10A2405CC0000201EEC8081
S2120EC123C30006B745C6036B00EC824A80A525
S2100EC1313B87C1002705CC00012003CC84
S2120EC13D00001B840A3B1B9719876D841800A2
S2120EC14B8000001800820008CC00C44AA736FA
S2110EC1593987C1002705CC00012058EC8761
S2120EC1668402C4008C00002739EC89C3000644
S2120EC174B746E640C1002705CC0000203BF67D
S2120EC1822EF9B71602B7616B86180D862EF9CB
S2120EC190E686C10A2405CC00002021EC89C3E9
S2120EC19E0006B745C6016B002011792EF97902
S2120EC1AC2EFAEC89C30006B745C6006B00CC13
S2120EC1BA00001B8B0A3B1B90198E6D8418001E
S2120EC1C88000001800820070CC00C44AA73615
S2110EC1D63987C1002707CC0001182000FE97
S2120EC1E3EC8E8400C4018C00002607CC0000F3
S2120EC1F1182000EC18008600001800880004C7
S2120EC1FF198A6D8418008000001800820070E9
S2110EC20DCC00C44AA7AC3987C1002707CC69
S2120EC21A0001182000C11800860000180088CB
S2120EC2280004198A6D8418008000001800822B
S2110EC2360070CC00C44AA7E83987C1002767
S2120EC24307CC000118200096198E6D84180088
S2120EC2518000001800820008CC00C44AA736F3
S2110EC25F3987C1002707CC00011820007596
S2120EC26CEC8A8440C4008C00002717EC8E84EB
S2120EC27A02C4008C0000260CECF010C300066A
S2110EC288B745C6006B00EC8A8440C4008CDF
S2120EC2950000271CEC8E8402C4008C000026CF
S2120EC2A311EC8E8402C4006C82CD70566D8037
S2100EC2B14ABE003A1800860000180088EE
S2120EC2BD0004198A6D84180080000018008296
S2110EC2CB0070CC00C44AA7E83987C10027D2
S2120EC2D805CC00012003CC00001BF0120A3B22
S2120EC2E61B94EC8CC30006B746E640876C8AA7
S2120EC2F48C0000272CED8A8D000127022046B6
S2120EC302CD00016D88CD00016D86CD00086D54
S2120EC310841800800000180082013CCC00C489
S2110EC31E4AA67D39872026CD00006D88CDFD
S2120EC32B00016D86CD00086D8418008000009F
S2110EC339180082013CCC00C44AA67D398750
S2120EC3462003CC00001B8E0A1B9EF62416C18A
S2110EC3540027071800800001200518008045
S2120EC3610000EC80871B820A3B1B96CD7046B2
S2100EC36F6D804ABE003ACD00206D88CDD1
S2120EC37B00086D86CD00006D84180080000050
S2110EC3891800820082CC00C44AA67D3987BB
S2120EC396C1002707CC0001182001A6CC00001F
S2110EC3A44A938D3A87C1002707CC0001187A
S2120EC3B1200193CD00016D88CD00016D86CD66
S2120EC3BF00006D841800800000180082000832
S2110EC3CDCC00C44AA67D3987C1002707CCD8
S2120EC3DA000118200167CD00026D88CD000808
S2120EC3E86D86CD00086D8418008000001800CB
S2110EC3F6820078CC00C44AA67D3987C100AF
S2120EC4032707CC00011820013BEC8A4A9C0746
S2110EC4113A87C1002707CC0001182001292C
S2120EC41EEC8AC30144B745CD00006D00EC8AD3
S2110EC42C4AAAC23A87C1002707CC000118A5
S2110EC43920010BEC8A4AA4683A87C1002742
S2110EC44607CC0001182000F9EC8A4A9C076E
S2110EC4533A87C1002707CC0001182000E72D
S2120EC460CD00006D88CD00026D86CD00096DF4
S2120EC46E841800800000180082000CCC00C45B
S2110EC47C4AA67D3987C1002707CC0001189F
S2120EC4892000BBCD00006D88CD00016D86CD67
S2120EC49700086D841800800000180082000E4B
S2110EC4A5CC00C44AA67D3987C1002707CCFF
S2120EC4B200011820008FCD00106D88CD0008FA
S2120EC4C06D86CD00086D8418008000001800F2
S2110EC4CE8201DECC00C44AA67D3987C1006F
S2120EC4DB2707CC000118200063CD00006D84EC
S2120EC4E91800800000180082013ECC00C44AE7
S2110EC4F7A7713987C1002705CC0001204330
S2110EC504CD40006D841800800000180082E7
S2110EC5110070CC00C44AA7713987C1002700
S2120EC51E05CC00012023CD40006D8418008051
S2110EC52C00001800820074CC00C44AA771EF
S2100EC5393987C1002705CC00012003CC7A
S2120EC54500001B8C0A3B1B9CEC84C30006B742
S2110EC55346F62419E14026041820008FCD70
S2110EC56070386D804ABE003AEC84C30006AB
S2120EC56DB746E640876C828C00002717ED82DC
S2120EC57B8D0001271BED828D0002271FED821C
S2110EC5898D00032723202CCD702E6D804ACA
S20F0EC596BE003A202ACD70226D804AAF
S20F0EC5A1BE003A201FCD70186D804AB9
S20F0EC5ACBE003A2014CD700F6D804AC2
S20F0EC5B7BE003A2009CD70066D804ACB
S2110EC5C2BE003AEC84C30006B746180D40C6
S2120EC5CF2419EC84C30006B746E640C10226C9
S2120EC5DD05180B0121FF180307A126CD180B1B
S2120EC5EB0121FE1B860A3B1B99EC87C3014CF2
S2120EC5F96C84EC87C30146B746EC408400C443
S2120EC607208C00002607CC0000182000D2EC77
S2120EC61584C30003B746E640876C828C000096
S2120EC6232707ED828D00FF2607CC000018209C
S2120EC63100B36986204CE68687B746CC0024FA
S2120EC63F13B746CE5CE8B7646E80E380B7464F
S2120EC64DEC84C30003B745E600E1402602204B
S2110EC65B2DE68687B746CC002413B746CED4
S2110EC6685CE9B7646E80E380B746EC84C3D1
S2120EC6750003B745E600E14026022008628666
S2110EC683E686C11425AEE686C1142605CC4B
S2120EC69000002052EC87C3003EB746E640E19F
S2120EC69E862610E6F30007C4F7B716EE87B72B
S2120EC6AC616B00200EE6F30007CA08B716EE06
S2120EC6BA87B7616B00EC84C30002B746E640FD
S2120EC6C887B746EC87C30144B7456D00E6867D
S2120EC6D6B716EC87C3003EB745B7616B00CCB7
S2120EC6E400001B890A3B1B9CEC84C30152B758
S2120EC6F246E640876C828C0002270CED828D89
S2120EC70000032705CC0000205FEC844AAAC278
S2110EC70E3A87C1002705CC0001204FEC84B1
S2120EC71BC30152B746E640C1022705CC000009
S2110EC729203DEC844A9C073A87C100270588
S2110EC736CC0001202DCD00016D80EC844A54
S2110EC74393E53A87C1002705CC00012018AB
S2110EC750CD00016D80EC844A9B8A3A87C1AD
S2120EC75D002705CC00012003CC00001B860A28
S2120EC76B3B1B9CE6F30004C1002607CC000024
S2120EC779182001C3CD0000EE84B7616B00CD14
S2110EC78700006D80EC844A980C3B87C100C4
S2120EC7942707CC0001182001A3EC844AA0FC57
S2110EC7A23C87C1002707CC0001182001912E
S2110EC7AFCD00016D80EC844A80003C87C1F1
S2120EC7BC002707CC00011820017ACD00006D74
S2110EC7CA80EC844A80003C87C1002707CC17
S2110EC7D7000118200163EC844AB7703B8702
S2120EC7E4C1002707CC000118200151EC844A34
S2110EC7F289883C87C1002707CC000118205F
S2110EC7FF013FEC844AA0443C87C10027078A
S2110EC80CCC00011820012DEC844A93873CC9
S2120EC81987C1002707CC00011820011BEC84F7
S2110EC8274ABEE33B87C1002707CC00011870
S2110EC834200109EC844AB1E13B87C10027C4
S2120EC84107CC0001182000F7CD00086D82CD42
S2110EC84F00006D80EC84C3005C4ABF003A0A
S2110EC85CCD00086D82CD00006D80EC84C30B
S20F0EC869008A4ABF003AEC844A9B1D72
S2110EC8743B87C1002707CC0001182000BF2F
S2100EC881EC844AA4273B87C1002707CC96
S2110EC88D0001182000ADEC844A9E7B3C870F
S2120EC89AC1002707CC00011820009BEC844A34
S2110EC8A89A093B87C1002707CC0001182017
S2110EC8B50089EC844AA6803B87C100270749
S2110EC8C2CC000118200077EC844AA9D43B68
S2110EC8CF87C1002705CC00012067EC844AC7
S2110EC8DC849D3D87C1002705CC0001205726
S2100EC8E9EC844A8A4C3B87C1002705CC25
S2110EC8F500012047EC844A86E93B87C1000F
S2110EC9022705CC000120374A9E383A87C123
S2120EC90F002705CC00012029CC00644A89437F
S2100EC91D3B87C1002705CC00012018CD7A
S2110EC92900016D80EC844A980C3B87C1001F
S2120EC9362705CC00012003CC00001B860A3B12
S2120EC9441B96ED8A6D88CD000D6D86CD00001B
S2110EC9526D8418008000001800820099CC3D
S2100EC95F00C24AA67D3987C1002707CC0F
S2120EC96B0001182000D8ED8A6D88CD000B6DE9
S2120EC97986CD00006D84180080000018008227
S2110EC9870143CC00C24AA67D3987C10027A9
S2120EC99407CC0001182000ADCD00006D88CD3A
S2120EC9A200016D86CD000F6D8418008000001B
S2110EC9B01800820099CC00C24AA67D398779
S2120EC9BDC1002707CC000118200081CD000017
S2120EC9CB6D88CD00016D86CD000B6D841800B4
S2120EC9D98000001800820143CC00C24AA67DE4
S2100EC9E73987C1002705CC00012057CD73
S2120EC9F300016D88CD00016D86CD000F6D849F
S2120ECA0118008000001800820099CC00C24A71
S2110ECA0FA67D3987C1002705CC0001202D1D
S2120ECA1CCD00016D88CD00016D86CD000B6D30
S2120ECA2A8418008000001800820143CC00C263
S2110ECA384AA67D3987C1002705CC000120D7
S2120ECA4503CC00001B8C0A3B1BF1A3ECF05D2D
S2120ECA53C300B26CF055ECF05DC3009A6CF0AA
S2120ECA615BECF05DC300A2B7466DF0511AF006
S2120ECA6F57180000000069F04EE6F3005BC19B
S2120ECA7D052507CC000318200D81ECF051C3E2
S2120ECA8B0006B746EC408408C4008C00002758
S2120ECA992CEDF05B1AF04E180A4000CD000190
S2120ECAA7EEF05BB7616B00ECF055C3000A6C48
S2120ECAB5F016ECF300168A00CA10B746EEF026
S2120ECAC3166D00E6F3005B876CF04C8C0000E0
S2120ECAD12722EDF04C8D00011827016EEDF0B9
S2120ECADF4C8D0002182702BAEDF04C8D0003A7
S2120ECAED1827040618200558ECF055C3000A4C
S2120ECAFBB746EC408400C4108C0000270A1AC2
S2120ECB09F04A180000003120081AF04A1800F4
S2120ECB1700006219F04A1AF04F18024000ECA9
S2120ECB25F055C3000AB746EC408400C4108CD0
S2120ECB330000270A1AF04818000000312008ED
S2120ECB411AF048180000006219F0481AF05359
S2120ECB4F18024000ECF055C3000AB746EC4044
S2120ECB5D8400C4108C0000270A1AF04618003A
S2120ECB6B00000320081AF0461800000006EC24
S2120ECB79F04687B746ECF05BC30002B745B732
S2120ECB87616B00ECF055C3000AB746EC408416
S2120ECB9500C4108C0000270A1AF04418000088
S2120ECBA3000120081AF0441800000002ECF004
S2120ECBB14487B746ECF05BC30003B745B7618A
S2120ECBBF6B00ECF055C3000AB746EC4084003F
S2110ECBCDC4108C0000270A1AF04218000053
S2120ECBDA000320081AF0421800000006ECF0C9
S2120ECBE84287B746ECF05BC30004B745B76154
S2120ECBF66B00ECF055C3000AB746EC40840008
S2110ECC04C4108C0000270A1AF0401800001D
S2120ECC11000120081AF0401800000002ECF099
S2120ECC1F4087B746ECF05BC30005B745B7611D
S2120ECC2D6B00ECF05BC30006B745C6026B004C
S2120ECC3BECF05BC30007B745C6026B00182070
S2120ECC490460ECF055C3000AB746EC408400BB
S2110ECC57C4108C0000270A1AF03E180000CC
S2120ECC64002020081AF03E180000006219F09C
S2120ECC723E1AF04F18024000ECF055C3000AB2
S2120ECC80B746EC408400C4108C0000270A1A3B
S2120ECC8EF03C180000002020081AF03C18009B
S2120ECC9C00006219F03C1AF05318024000EC2D
S2120ECCAAF055C3000AB746EC408400C4108C4A
S2120ECCB80000270A1AF03A18000000022008A4
S2120ECCC61AF03A1800000006ECF03A87B74651
S2120ECCD4ECF05BC30002B745B7616B00ECF0E8
S2110ECCE255C3000AB746EC408400C4108C03
S2120ECCEF0000270A1AF0381800000000200871
S2120ECCFD1AF0381800000000ECF03887B74624
S2120ECD0BECF05BC30003B745B7616B00ECF0AF
S2110ECD1955C3000AB746EC408400C4108CCB
S2120ECD260000270A1AF0361800000002200839
S2120ECD341AF0361800000006ECF03687B746EA
S2120ECD42ECF05BC30004B745B7616B00ECF077
S2110ECD5055C3000AB746EC408400C4108C94
S2120ECD5D0000270A1AF0341800000000200806
S2120ECD6B1AF0341800000002ECF03487B746BB
S2120ECD79ECF05BC30005B745B7616B00ECF03F
S2120ECD875BC30006B745C6026B00ECF05BC33E
S2120ECD950007B745C6026B001820030AECF026
S2110ECDA355C3000AB746EC408400C4108C41
S2120ECDB00000270A1AF0321800000031200884
S2120ECDBE1AF032180000006219F0321AF04F0A
S2120ECDCC18024000ECF055C3000AB746EC40C5
S2120ECDDA8400C4108C0000270A1AF0301800D1
S2120ECDE800003120081AF03018000000621904
S2110ECDF6F0301AF05318024000ECF055C352
S2120ECE03000AB746EC408400C4108C000027D0
S2120ECE110A1AF02E180000000320081AF02E43
S2120ECE1F1800000006ECF02E87B746ECF05B0F
S2110ECE2DC30002B745B7616B00ECF055C3AD
S2120ECE3A000AB746EC408400C4108C00002799
S2120ECE480A1AF02C180000000120081AF02C12
S2120ECE561800000002ECF02C87B746ECF05BDE
S2110ECE64C30003B745B7616B00ECF055C375
S2120ECE71000AB746EC408400C4108C00002762
S2120ECE7F0A1AF02A180000000320081AF02ADD
S2120ECE8D1800000006ECF02A87B746ECF05BA5
S2110ECE9BC30004B745B7616B00ECF055C33D
S2120ECEA8000AB746EC408400C4108C0000272B
S2120ECEB60A1AF028180000000120081AF028AC
S2120ECEC41800000002ECF02887B746ECF05B74
S2110ECED2C30005B745B7616B00ECF05BC3FF
S2120ECEDF0006B745C6006B00ECF05BC30007FE
S2120ECEEDB745C6006B00182001B4ECF055C316
S2120ECEFB000AB746EC408400C4108C000027D8
S2120ECF090A1AF026180000002020081AF0263D
S2120ECF17180000006219F0261AF04F1802409D
S2120ECF2500ECF055C3000AB746EC408400C47C
S2120ECF33108C0000270A1AF0241800000020AA
S2120ECF4120081AF024180000006219F0241AB8
S2120ECF4FF05318024000ECF055C3000AB74629
S2120ECF5DEC408400C4108C0000270A1AF02246
S2110ECF6B180000000220081AF02218000020
S2120ECF780006ECF02287B746ECF05BC3000214
S2120ECF86B745B7616B00ECF055C3000AB74610
S2120ECF94EC408400C4108C0000270A1AF02011
S2110ECFA2180000000020081AF020180000ED
S2120ECFAF0000ECF02087B746ECF05BC30003E4
S2120ECFBDB745B7616B00ECF055C3000AB746D9
S2120ECFCBEC408400C4108C0000270A1AF01EDC
S2110ECFD9180000000220081AF01E180000B6
S2120ECFE60006ECF01E87B746ECF05BC30004A8
S2120ECFF4B745B7616B00ECF055C3000AB746A2
S2120ED002EC408400C4108C0000270A1AF01CA6
S2110ED010180000000020081AF01C18000082
S2120ED01D0002ECF01C87B746ECF05BC3000575
S2120ED02BB745B7616B00ECF05BC30006B74569
S2120ED039C6006B00ECF05BC30007B745C600E2
S2120ED0476B001820005EECF055C3000AB746CC
S2120ED055EC408400C4108C0000270A1AF01A55
S2110ED063180000003120081AF01A18000000
S2120ED070006219F01A1AF04F18024000ECF08B
S2110ED07E55C3000AB746EC408400C4108C63
S2120ED08B0000270A1AF01818000000312008C0
S2120ED0991AF01818000000621AF01819F0535C
S2120ED0A718020040ECF05DC30003B746E640EC
S2110ED0B5876CF04A8C0004270EEDF04A8DB5
S2120ED0C200051827015A182002A8ECF055C3D8
S2120ED0D0000AB746EC408400C4108C00002701
S2120ED0DE0A1AF048180000003120081AF04812
S2120ED0EC180000006319F0481AF04F180240A4
S2120ED0FA00ECF055C3000AB746EC408400C4A6
S2120ED108108C0000270A1AF0461800000031A0
S2120ED11620081AF046180000006319F0461A9C
S2120ED124F05318024000ECF055C3000AB74652
S2120ED132EC408400C4108C0000270A1AF0444D
S2110ED140180000000320081AF04418000026
S2120ED14D0006ECF04487B746ECF05BC300021B
S2120ED15BB745B7616B00ECF055C3000AB74639
S2120ED169EC408400C4108C0000270A1AF04218
S2110ED177180000000120081AF042180000F3
S2120ED1840002ECF04287B746ECF05BC30003E9
S2120ED192B745B7616B00ECF055C3000AB74602
S2120ED1A0EC408400C4108C0000270A1AF040E3
S2110ED1AE180000000320081AF040180000BC
S2120ED1BB0006ECF04087B746ECF05BC30004AF
S2120ED1C9B745B7616B00ECF055C3000AB746CB
S2120ED1D7EC408400C4108C0000270A1AF03EAE
S2110ED1E5180000000120081AF03E18000089
S2120ED1F20002ECF03E87B746ECF05BC300057D
S2120ED200B745B7616B00ECF05BC30006B74592
S2120ED20EC6026B00ECF05BC30007B745C60207
S2120ED21C6B0018200152ECF055C3000AB74600
S2120ED22AEC408400C4108C0000270A1AF03C5C
S2110ED238180000003120081AF03C18000007
S2120ED245006219F03C1AF04F18024000ECF092
S2110ED25355C3000AB746EC408400C4108C8C
S2120ED2600000270A1AF03A18000000312008C7
S2120ED26E1AF03A180000006219F03A1AF05341
S2120ED27C18024000ECF055C3000AB746EC4010
S2120ED28A8400C4108C0000270A1AF038180014
S2120ED29800000320081AF0381800000006ECFE
S2120ED2A6F03887B746ECF05BC30002B745B70C
S2120ED2B4616B00ECF055C3000AB746EC4084E2
S2120ED2C200C4108C0000270A1AF03618000062
S2120ED2D0000020081AF0361800000000ECF0E1
S2120ED2DE3687B746ECF05BC30003B745B76164
S2120ED2EC6B00ECF055C3000AB746EC4084000B
S2110ED2FAC4108C0000270A1AF0341800002D
S2120ED307000320081AF0341800000006ECF0A2
S2120ED3153487B746ECF05BC30004B745B7612D
S2120ED3236B00ECF055C3000AB746EC408400D3
S2110ED331C4108C0000270A1AF032180000F7
S2120ED33E000020081AF0321800000002ECF074
S2120ED34C3287B746ECF05BC30005B745B761F7
S2120ED35A6B00ECF05BC30006B745C6026B0018
S2120ED368ECF05BC30007B745C6026B00ECF098
S2120ED37655C3000AB7461AF01418024000EC13
S2120ED384F0148400C4108C00002626ECF01464
S2110ED3928401C4008C0000261AECF05BC36C
S2120ED39F0004B745C6086B00ECF0538400C4BD
S2120ED3AD0F8A00CA806CF053ECF05BC30007CC
S2120ED3BBB746E640876CF010ECF05BC300063B
S2120ED3C9B746E640876C8EECF05BC30005B7E9
S2120ED3D746E640876C8CECF05BC30004B7464F
S2120ED3E5E640876C8AECF05BC30003B746E6A4
S2120ED3F340876C88ECF05BC30002B746E6403F
S2120ED401876C86EDF0536D84EDF04F6D82CD88
S2110ED40F6FC36D804ABE003ACD00036D88D7
S2110ED41CCD00026D86CD00006D84180080D8
S2110ED4290000180082001ECC00C24AA67D30
S2110ED4363987C1002707CC0001182003C55A
S2120ED443ECF04FB710C7AAF053EAF054B746F7
S2110ED4516D841800800000180082001FCCAD
S2100ED45E00C24AA7713987C1002707CC10
S2120ED46A000118200398ECF0538400C4FF87D0
S2120ED478475647564756475687B746ECF04F70
S2120ED4868400C4FF87475647564756475687BC
S2120ED494595959596DF012AAF012EAF0138784
S2120ED4A26CF0596C88CD00086D86CD00006DBE
S2120ED4B08418008000001800820209CC00C20C
S2110ED4BE4AA67D3987C1002707CC0001184D
S2120ED4CB20033ACD00006D88CD00056D86CD8F
S2120ED4D9000B6D8418008000001800820144BF
S2110ED4E7CC00C24AA67D3987C1002707CCAF
S2120ED4F400011820030ECD00046D88CD000436
S2120ED5026D86CD000C6D84180080000018009B
S2110ED5108201C0CC00C24AA67D3987C1003C
S2120ED51D2707CC0001182002E2EDF0576D84B1
S2120ED52BECF05BC30003B746ECF05BC30002E9
S2120ED539B745E600EB40876C82CD00006D8095
S2110ED547ECF05D4A8F4F3C87C1002707CCE5
S2120ED5540001182002AEECF057F32D866CF098
S2120ED562576C84ECF051C30004B746EC4084C0
S2120ED57000C4108C0000270A1AF0481800009F
S2120ED57E000120081AF0481800000000EDF01C
S2120ED58C4802ECF05BC30004B745E6008713BA
S2120ED59A876C82CD00046D80ECF05D4A8F4FDC
S2110ED5A83C87C1002707CC00011820025357
S2120ED5B5ECF057F32D866CF0576C84ECF05BA2
S2120ED5C3C30005B746E640876C82CD00016DAC
S2110ED5D180ECF05D4A8F4F3C87C1002707A7
S2120ED5DECC000118200223ECF057F32D866CBD
S2120ED5ECF0576C84ECF05BC30006B746E640C4
S2120ED5FA876C82CD00026D80ECF05D4A8F4F7E
S2110ED6083C87C1002707CC0001182001F357
S2120ED615ECF057F32D866CF0576C84ECF05B41
S2120ED623C30007B746E640876C82CD00066D44
S2110ED63180ECF05D4A8F4F3C87C100270746
S2110ED63ECC0001182001C319F05918004049
S2120ED64B0008EDF0596D8418008000001800DF
S2110ED6598201D1CC00C24AA7713987C100EC
S2120ED6662707CC00011820019919F05918005C
S2120ED674401100EDF0596D841800800000186D
S2110ED682008201D2CC00C24AA7713987C1C2
S2120ED68F002707CC00011820016F19F059185D
S2120ED69D00400080EDF0596D841800800000ED
S2110ED6AB18008201D3CC00C24AA771398741
S2120ED6B8C1002707CC00011820014519F059B5
S2110ED6C618004022AAEDF0596D8418008061
S2110ED6D3000018008201D4CC00C24AA771D8
S2110ED6E03987C1002707CC00011820011B5A
S2120ED6EDECF05DC30003B746E640C104260A05
S2120ED6FB1AF046180000822020081AF0461874
S2120ED7090000412019F0461AF0591802400092
S2110ED717EDF0596D84180080000018008299
S2110ED72401DDCC00C24AA7713987C100276F
S2120ED73107CC0001182000CFECF05DC30003FD
S2120ED73FB746E640C104260A1AF0441800004B
S2120ED74D802020081AF044180000302019F034
S2120ED75B441AF05918024000EDF0596D84186D
S2110ED7690080000018008201DECC00C24ACF
S2110ED776A7713987C1002707CC00011820C7
S2120ED7830083FD2D8C6D8418008000001800AB
S2110ED7918201F8CC00C24AA7713987C1008C
S2120ED79E2705CC00012063FC2D8CC3000FB7B0
S2120ED7AC466D84180080000018008201F9CC2D
S2100ED7BA00C24AA7713987C1002705CCB3
S2120ED7C60001203EFC2D8CC300107C2D8CCD59
S2120ED7D400106D84FD2D8C6D82CD6F9E6D80C7
S2110ED7E24ABE003AECF051C30006B746EC06
S2120ED7EF408408C4008C0000270CE6F04EB7EF
S2120ED7FD16EEF05BB7616B00CC00001BF05F03
S2120ED80B0A3B1BF1E3E6F023C100270A1AF0D3
S2120ED8191A180000000120081AF01A18000057
S2110ED8270000EDF01A6D88CD00016D86CD67
S2120ED83400056D84180080000018008200406B
S2110ED842CC00C24AA67D3987C1002707CC50
S2120ED84F0001182001B0E6F023C1002709F6EE
S2120ED85D241A876CF01820081AF0181800000F
S2110ED86B0001EDF0186D88CD00016D86CD24
S2120ED87800016D84180080000018008200402B
S2110ED886CC00C24AA67D3987C1002707CC0C
S2120ED89300011820016CEDF01D02E640C501E6
S2120ED8A1270A1AF016180000000120081AF0CA
S2120ED8AF161800000000E6F0176BF01CE6F0F0
S2120ED8BD23C1002709E6F01C876CF014200825
S2120ED8CB1AF0141800000000EDF0146D88CD53
S2120ED8D900016D86CD00006D841800800000E4
S2110ED8E71800820142CC00C24AA67D398789
S2120ED8F4C1002707CC000118200106EDF01D1E
S2110ED90202E640C502270A1AF012180000B1
S2120ED90F000120081AF0121800000000E6F0C4
S2120ED91D136BF01CE6F023C1002709E6F01C83
S2120ED92B876CF01020081AF01018000000018D
S2120ED939EDF0106D88CD00016D86CD00016DEF
S2120ED9478418008000001800820142CC00C238
S2110ED9554AA67D3987C1002707CC000118B1
S2120ED9622000A0ECF01DC30003B746E640C141
S2110ED97003260718008E0001200518008EF5
S2120ED97D0000E68F6BF01CE6F023C1002708B4
S2120ED98BE6F01C876C8C200518008C0000ED54
S2120ED9998C6D88CD00016D86CD00066D84184F
S2110ED9A7008000001800820144CC00C24A29
S2110ED9B4A67D3987C1002705CC0001204452
S2120ED9C1E6F023C100270718008A0001200595
S2120ED9CF18008A0000ED8A6D88CD00016D8668
S2110ED9DDCD00036D84180080000018008237
S2110ED9EA0205CC00C24AA67D3987C1002773
S2110ED9F705CC00012008CC00284A9E043AFC
S2110EDA04871BF01F0A3B1BF1EEECF012C361
S2120EDA1100C46CF010C30004B746EEF300100F
S2120EDA1FAE40220918008E0000182000A3EC60
S2120EDA2DF010C30004B74618024088ED888D30
S2120EDA3B04002510ED888D05A0240918008E17
S2120EDA49000118200080ECF010C30004B74653
S2120EDA5718024086ED868D02D02510ED868DC7
S2120EDA650400240918008E00021820005DEC46
S2120EDA73F010C30004B74618024084ED848DF2
S2120EDA810280250EED848D02D0240718008E2E
S2120EDA8F0003203CECF010C30004B74618024D
S2120EDA9D4082ED828D01E0250EED828D028018
S2110EDAAB240718008E0004201BECF010C39C
S2120EDAB80004B746ED408D01E0240718008EE0
S2120EDAC60004200518008E0000EDF300108DF3
S2120EDAD40780270518008E0000CC0018ED8E79
S2120EDAE213B746CE599CB7646E80E3806C8CEC
S2110EDAF04A8CA83A87C1002705CC000120FD
S2120EDAFD1BED8E8D0000270718008A000120F4
S2110EDB0B0518008A0000EC8A874AB5123A0B
S2110EDB18871BF0140A3B1BF1D4ECF02CC357
S2120EDB2500B26CF026ECF02CC3003E6CF02422
S2110EDB33ECF02CC300C46CF02AECF026C3F8
S2120EDB40000AB746EC408420C4008C00002776
S2120EDB4E0A1AF020180000000120081AF02017
S2120EDB5C180000000019F0201AF022180240E1
S2120EDB6A00CD00406D82CD00006D80ECF02CDC
S2110EDB78C300C44ABF003AECF026C3000CF2
S2120EDB85B746EEF02AED40B754C30018B7456B
S2120EDB936D00ECF026C3000EB746EEF02AED3F
S2120EDBA140B754C3001AB7456D00ECF02C4A80
S2110EDBAFB89B3B87C1002717CD00086D827E
S2120EDBBCECF02CC300546C80ECF02AC300185C
S2110EDBCA4ABEBC3AECF02AC3001C6CF016E6
S2120EDBD7ECF026C30004B746ECF30016E3404F
S2120EDBE5B746EEF0166D00ECF02AC3001E6C6E
S2120EDBF3F014ECF026C30006B746ECF3001452
S2110EDC01E340B746EEF0146D00ECF024C3C1
S2120EDC0E000CB746EEF02AED40B754C30028C1
S2120EDC1CB7456D00ECF024C3000EB746EEF0D2
S2120EDC2A2AED40B754C3002AB7456D00ECF045
S2110EDC382C4AB8FD3B87C1002717CD00080B
S2120EDC456D82ECF02CC300646C80ECF02AC3EB
S2110EDC5300284ABEBC3AECF02CC30003B706
S2120EDC6046E640C1052615ECF02AC300286CD9
S2120EDC6EF012ECF3001249B746EEF0126D00FF
S2120EDC7CECF02AC30018B746ED40EEF02A6D07
S2120EDC8A00ECF02AC3001AB746EEF02AED4064
S2110EDC98B754C30002B7456D00ECF02AC36A
S2120EDCA50018B746EEF02AED40B754C3000442
S2120EDCB3B7456D00ECF02AC3001AB746EEF029
S2120EDCC12AED40B754C30006B7456D00ECF0D2
S2120EDCCF2AC30028B746ECF02AC30018B74545
S2120EDCDDEE00AE402316ECF02AC30028B74623
S2120EDCEBEEF02AED40B754C30004B7456D00A8
S2110EDCF9ECF02C4AB5A43B87C1002716ECB4
S2120EDD06F02CC30006B746EEF02AED40B754DA
S2120EDD14C30004B7456D00ECF02AC30004B73A
S2120EDD2246EEF02AED40B754C30030B7456DFE
S2120EDD3000ECF02AC30006B746EEF02AED40D1
S2110EDD3EB754C30032B7456D00ECF02AC393
S2120EDD4B0004B746EEF02AED40B754C3002093
S2120EDD59B7456D00ECF02AC30006B746EEF096
S2120EDD672AED40B754C30022B7456D00ECF00F
S2110EDD752C4AB8CC3B87C1002717CD0008FE
S2120EDD826D82ECF02CC3005C6C80ECF02AC3B5
S2110EDD9000204ABEBC3AECF02AC30020B7B5
S2120EDD9D46EEF02AED40B754C30008B7456DAB
S2120EDDAB00ECF02AC30022B746EEF02AED403A
S2110EDDB9B754C3000AB7456D00ECF02AC340
S2120EDDC60028B746EEF02AED40B754C3000C08
S2120EDDD4B7456D00ECF02AC3002AB746EEF0F7
S2120EDDE22AED40B754C3000EB7456D00ECF0A8
S2120EDDF02AC30020B746EEF02AED40B754C305
S2120EDDFE0010B7456D00ECF02AC30022B746A3
S2120EDE0CEEF02AED40B754C30012B7456D0077
S2120EDE1AECF02AC30028B746EEF02AED40B70D
S2120EDE2854C30014B7456D00ECF02AC3002A52
S2120EDE36B746EEF02AED40B754C30016B745B9
S2120EDE446D00ECF02AC3001AB746ED406D8452
S2110EDE52ECF02AC30018B746ED406D82CDE9
S2100EDE5F6F816D804ABE003AECF02CC3BA
S2120EDE6B0056B746ED406D84ECF02CC3005406
S2120EDE79B746ED406D82CD6F646D804ABE00DA
S2110EDE873AECF02AC3002AB746ED406D8433
S2110EDE94ECF02AC30028B746ED406D82CD97
S2100EDEA16F476D804ABE003AECF02CC3B2
S2120EDEAD0066B746ED406D84ECF02CC30064A4
S2120EDEBBB746ED406D82CD6F2A6D804ABE00D2
S2110EDEC93AECF02AC30032B746ED406D84E9
S2110EDED6ECF02AC30030B746ED406D82CD4D
S2100EDEE36F0D6D804ABE003AECF02AC3AC
S2120EDEEF0022B746ED406D84ECF02AC30020EC
S2120EDEFDB746ED406D82CD6EF06D804ABE00CB
S2110EDF0B3AECF02CC3005EB746ED406D8478
S2110EDF18ECF02CC3005CB746ED406D82CDDC
S2100EDF256ED36D804ABE003AECF02AC3A4
S2120EDF31001EB745EC00CE00061679FB6C8877
S2120EDF3FCD00076D86ECF022595959B7466D87
S2120EDF4D8418008000001800820003CC00C26C
S2110EDF5B4AA67D3987C1002707CC000118A5
S2120EDF682004B8ECF02AC3001EB745EC00CD20
S2120EDF76000A8400C43FB765167A05B746EC5F
S2120EDF84F02AC3001CB745EC008403C4FFB79A
S2120EDF9245B7646E8AAA8AEA8B6CF0286C84F9
S2120EDFA0CC0005A3F022B746351800AE0000E2
S2110EDFAE306E82306E82CC00C24AA77139EA
S2120EDFBB87C1002707CC00011820045CECF08E
S2120EDFC92AC30018B746ECF02AC3001CB74554
S2120EDFD7EC0084FCC400595959AA40EA416C6D
S2120EDFE5F0286C84ECF02259B746CC00086D7E
S2120EDFF38AA38AB746351800AE0000306E823E
S2110EE001306E82CC00C24AA7713987C1006E
S2110EE00E2707CC00011820040CECF02AC3E6
S2120EE01B001AB746ED406D84ECF02259B7465B
S2110EE029CC00096D8AA38AB746351800AEE6
S2120EE0360000306E82306E82CC00C24AA77199
S2110EE0443987C1002707CC0001182003D233
S2120EE051ECF02AC30024B746ED406D8418008E
S2120EE05F8000001800820030CC00C24AA77166
S2110EE06D3987C1002707CC0001182003A933
S2120EE07AECF02AC30026B746ED406D84180063
S2120EE0888000001800820031CC00C24AA7713C
S2110EE0963987C1002707CC00011820038033
S2120EE0A318008600001800880008ECF02AC34D
S2120EE0B10020B7466D8418008000001800820E
S2110EE0BF0032CC00C24AA7E83987C1002700
S2120EE0CC07CC00011820034F1800860000181F
S2120EE0DA00880008ECF02AC30028B7466D84B6
S2120EE0E818008000001800820036CC00C24AD7
S2110EE0F6A7E83987C1002707CC00011820C7
S2120EE103031EEDF3002A6D841800800000182F
S2110EE1110082003ACC00C24AA7713987C1C1
S2120EE11E002707CC0001182002FBECF02AC3E7
S2120EE12C0004B746ED406D8418008000001803
S2110EE13A0082003CCC00C24AA7713987C196
S2120EE147002707CC0001182002D2ECF02AC3E7
S2120EE1550006B746ED406D84180080000018D8
S2110EE1630082003DCC00C24AA7713987C16C
S2110EE170002707CC0001182002A918008613
S2120EE17D00001800880008ECF02AC30008B751
S2120EE18B466D8418008000001800820108CC35
S2100EE19900C24AA7E83987C1002707CC51
S2120EE1A5000118200278180086000018008868
S2120EE1B30008ECF02AC30010B7466D84180064
S2120EE1C1800000180082010CCC00C24AA7E8AF
S2110EE1CF3987C1002707CC00011820024733
S2120EE1DCECF02AC30020B745EC00CE018018EA
S2120EE1EA10B746CE000CB76418108C00002737
S2120EE1F81DECF02AC30020B745EC00CE0180C9
S2120EE2061810B746CE000CB76418106EF01E39
S2120EE214201ECD0180ECF02AC30020B745EC8C
S2120EE22200B7651810B746CE000CB76418107D
S2120EE230096EF01E19F01E1AF0281802400095
S2120EE23EEDF0288D0008230C1AF02819F01C9F
S2120EE24C1802004020081AF01C1800000008E9
S2120EE25AECF01C8400C41F6C88CD00056D868B
S2110EE268CD00086D8418008000001800829E
S2110EE2750206CC00C24AA67D3987C10027DE
S2120EE28207CC000118200199ECF02AC30020EC
S2120EE290B745EC00CE00C01810B746CE0006FE
S2110EE29EB76418108C0000271DECF02AC384
S2120EE2AB0020B745EC00CE00C01810B746CEC9
S2120EE2B90006B76418106EF01A201ECD00C0B8
S2120EE2C7ECF02AC30020B745EC00B765181021
S2120EE2D5B746CE0006B7641810096EF01A197A
S2110EE2E3F01A1AF02818024000EDF0288DF3
S2120EE2F00008230C1AF02819F0181802004029
S2120EE2FE20081AF0181800000008ECF018841D
S2120EE30C00C41F6C88CD00056D86CD00006D1A
S2120EE31A8418008000001800820206CC00C296
S2110EE3284AA67D3987C1002707CC000118D4
S2120EE3352000EBECF026C3000AB746EC408440
S2120EE34300C4108C00002615ECF02AC3003223
S2120EE3516CF010ECF3001049B746EEF0106DAF
S2120EE35F00ECF024C3000AB746EC408400C45F
S2120EE36D108C00002613ECF02AC3002A6C8ECD
S2120EE37BECF3000E49B746EE8E6D00EDF02464
S2120EE38902E640876C8C8C0006270EED8C8DFF
S2120EE39700072707CC000018200081ECF02AA5
S2120EE3A5C30028B746EC4059B7466D841800E4
S2120EE3B38000001800820036CC00C24AA77109
S2110EE3C13987C1002705CC00012057ECF06F
S2120EE3CE2AC3000CB746EC4059B7466D8418AD
S2110EE3DC00800000180082010ACC00C24A24
S2110EE3E9A7713987C1002705CC0001202D35
S2120EE3F6ECF02AC30014B746EC4059B7466D3D
S2120EE404841800800000180082010ECC00C2A4
S2110EE4124AA7713987C1002705CC000120EE
S2120EE41F03CC00001BF02E0A3B1BF1EAECF0BD
S2120EE42D16C300C46CF014ECF016C3003E6C62
S2120EE43BF010C3000AB746EC408400C4108CE6
S2120EE4490000262FECF014C3002AB746EC4057
S2120EE4575959B746ECF014C30002B745AD0097
S2120EE465220718008E000F200518008E000AE3
S2110EE4731AF01218028E00202CECF014C3C6
S2110EE480002AB746EC4059B746ECF014C320
S2120EE48D0002B745AD00220718008C000F20C7
S2120EE49B0518008C000A1AF01218028C00ECFF
S2120EE4A9F0128A00CAA06C88CD00086D86CDD3
S2120EE4B700086D841800800000180082010018
S2110EE4C5CC00C24AA67D3987C1002707CCC1
S2120EE4D20001182001A4CD00006D88CD0001BB
S2120EE4E06D86CD00076D8418008000001800B3
S2110EE4EE820100CC00C24AA67D3987C1000F
S2120EE4FB2707CC000118200178CD00006D8892
S2110EE509CD00016D86CD00026D84180080D9
S2110EE51600001800820100CC00C24AA67D4F
S2110EE5233987C1002707CC00011820014CD7
S2120EE530ECF014C30032B746ECF014C300062F
S2120EE53EB745EE00AE402320ECF014C3002AC4
S2120EE54CB746EC4059B746ECF014C30022B7A3
S2120EE55A45AD00240718008A000120051800A3
S2120EE5688A000019F01218028A40ECF014C356
S2120EE5760032B746ED406D84ECF014C300067E
S2120EE584B746ED406D82CD6EAE6D804ABE007F
S2110EE5923AECF014C3002AB746ED406D8437
S2110EE59FECF014C30022B746ED406D82CDA1
S2110EE5AC6E8A6D804ABE003AEDF0126D8844
S2110EE5B9CD00016D86CD00016D841800802A
S2110EE5C600001800820100CC00C24AA67D9F
S2110EE5D33987C1002707CC00011820009CD8
S2120EE5E0ECF016C300AAB746ED408D000026DE
S2120EE5EE32ECF016C300ACB746ED408D0000C2
S2110EE5FC2623ECF016C300AEB746ED408D9C
S2120EE60900002614ECF016C300B0B746ED4027
S2120EE6178D00002605CC0000205BCD00006DA9
S2110EE62580ECF0164A91573A87C100270583
S2120EE632CC00012045CD00016D80ECF0164A9E
S2110EE64091573A87C1002705CC0001202F08
S2110EE64DCD00026D80ECF0164A91573A870C
S2120EE65AC1002705CC00012019CD00036D80EF
S2110EE668ECF0164A91573A87C1002705CCF4
S2120EE67500012003CC00001BF0180A3B1BF120
S2120EE683C8ECF038C300B26CF034ECF038C3BE
S2120EE69100A26CF036ECF038C300C46CF0300D
S2110EE69FECF038C3003E6CF032ECF034C3E5
S2120EE6AC000AB746EC408400C4108C0000270F
S2120EE6BA1AECF036C300066CF02EECF3002EB3
S2120EE6C884FFC4FEB746EEF02E6D002018EC52
S2120EE6D6F036C300066CF02CECF3002C8A0017
S2120EE6E4CA01B746EEF02C6D00E6F300348742
S2120EE6F26CF02A8C00012708EDF02A8D00072A
S2110EE700261AECF036C300066CF028ECF37B
S2120EE70D00288A00CA02B746EEF0286D0020DD
S2120EE71B18ECF036C300066CF026ECF3002663
S2120EE72984FFC4FDB746EEF0266D00ECF03011
S2120EE737C3002AB746EC4059B746ECF030C386
S2120EE7450022B745AD00241AECF036C30006CF
S2120EE7536CF024ECF300248A00CA08B746EEDB
S2120EE761F0246D002018ECF036C300066CF0A7
S2120EE76F22ECF3002284FFC4F7B746EEF0222B
S2120EE77D6D00ECF030C3002AB746EC4059B7DC
S2120EE78B46ECF030C30022B745AD00241AEC63
S2120EE799F036C300066CF020ECF300208A006B
S2120EE7A7CA10B746EEF0206D002018ECF036C5
S2120EE7B5C300066CF01EECF3001E84FFC4EFCD
S2120EE7C3B746EEF01E6D00ECF030C3002AB71F
S2120EE7D146ECF030C30022B745EE00AE4023F5
S2120EE7DF1AECF036C300066CF01CECF3001CB1
S2120EE7ED8A00CA20B746EEF01C6D002018EC0F
S2120EE7FBF036C300066CF01AECF3001A84FF1C
S2120EE809C4DFB746EEF01A6D00E6F300348755
S2120EE8176CF0188C00062708EDF0188D000722
S2110EE825261AECF036C300066CF016ECF367
S2120EE83200168A01CA00B746EEF0166D0020DC
S2120EE84018ECF036C300066CF014ECF3001461
S2110EE84E84FEC4FFB746EEF0146D00E6F330
S2120EE85B0034876CF0128C00082718EDF012B1
S2120EE8698D00092710EDF0128D000A2708ED1F
S2120EE877F0128D00172700ECF036C300066C6C
S2120EE885F010ECF300108A02CA00B746EEF052
S2120EE893106D002016ECF036C300066C8EECF0
S2120EE8A1F3000E84FDC4FFB746EE8E6D00EC3F
S2120EE8AFF036C30006B746EC408400C4018C5B
S2120EE8BD0000272EECF030C3002AB746ECF013
S2120EE8CB30C30022B745EE00AE402218ECF029
S2120EE8D936C300066C8CECF3000C8A00CA40A8
S2120EE8E7B746EE8C6D002016ECF036C300061B
S2120EE8F56C8AECF3000A84FFC4BFB746EE8AA8
S2120EE9036D00ECF036C30006B746EC408401FD
S2120EE911C4008C00002708E6F30032C1002773
S2120EE91F1BECF036C30006B746EC408401C46F
S2120EE92D008C00002720E6F30032C1012618EB
S2120EE93BECF036C300066C88ECF300088A0873
S2120EE949CA00B746EE886D002016ECF036C3F8
S2120EE95700066C86ECF3000684F7C4FFB74687
S2120EE965EE866D00E6F30032876C848C00079B
S2120EE973272AED848D00082723ED848D0009DB
S2120EE981271CED848D00102715ED848D0011D9
S2120EE98F270EED848D00122707ED848D0013E3
S2120EE99D2618ECF036C300046C82ECF3000273
S2120EE9AB8A00CA08B746EE826D002016ECF003
S2120EE9B936C300046C80ECF3000084FFC4F737
S2120EE9C7B746EE806D00CC00001BF03A0A3B01
S2120EE9D51BF1CAECF036C300A26CF034ECF068
S2120EE9E336C300C46CF032ECF036C3003E6C49
S2120EE9F1F030ECF034C30006B746EC4084005F
S2110EE9FFC4408C0000270A1AF02E180000E7
S2120EEA0C000120081AF02E1800000000EDF093
S2120EEA1A2E6D88CD00016D86CD00066D84181B
S2110EEA28008000001800820040CC00C24A9C
S2110EEA35A67D3987C1002707CC00011820EA
S2120EEA420799ECF034C30006B746EC4084008D
S2110EEA50C4408C0000270A1AF02C18000097
S2120EEA5D000120081AF02C1800000000ECF045
S2110EEA6B2C8A00CA026C88CD00036D86CD85
S2120EEA7800006D841800800000180082010158
S2110EEA86CC00C24AA67D3987C1002707CCFA
S2120EEA93000118200744ECF034C30006B74608
S2120EEAA1EC408400C4018C0000270A1AF02AEE
S2110EEAAF180000000120081AF02A180000BA
S2110EEABC0000EDF02A6D88CD00016D86CDB0
S2120EEAC900076D8418008000001800820205FB
S2110EEAD7CC00C24AA67D3987C1002707CCA9
S2120EEAE40001182006F3ECF034C30006B74609
S2120EEAF2EC408400C4018C0000270A1AF0289F
S2110EEB00180000000120081AF0281800006A
S2110EEB0D0000EDF0286D88CD00016D86CD60
S2120EEB1A00066D8418008000001800820205AA
S2110EEB28CC00C24AA67D3987C1002707CC57
S2120EEB350001182006A2ECF034C30006B74608
S2120EEB43EC408400C4018C0000270A1AF0264F
S2110EEB51180000000120081AF0261800001B
S2110EEB5E0000EDF0266D88CD00016D86CD11
S2120EEB6B00046D84180080000018008202055B
S2110EEB79CC00C24AA67D3987C1002707CC06
S2120EEB86000118200651ECF034C30006B74608
S2120EEB94EC408400C4048C0000270A1AF024FD
S2110EEBA2180000000120081AF024180000CC
S2110EEBAF0000EDF0246D88CD00016D86CDC2
S2120EEBBC00016D84180080000018008202050D
S2110EEBCACC00C24AA67D3987C1002707CCB5
S2120EEBD7000118200600ECF034C30006B74608
S2120EEBE5EC408400C4088C0000270A1AF022AA
S2110EEBF3180000000120081AF0221800007D
S2110EEC000000EDF0226D88CD00016D86CD72
S2120EEC0D000D6D8418008000001800820208AC
S2110EEC1BCC00C24AA67D3987C1002707CC63
S2120EEC280001182005AFECF034C30006B74608
S2120EEC36EC408400C4018C0000270A1AF02061
S2110EEC44180000000120081AF0201800002D
S2110EEC510000EDF0206D88CD00016D86CD23
S2120EEC5E000B6D84180080000018008202085D
S2110EEC6CCC00C24AA67D3987C1002707CC12
S2120EEC7900011820055EECF034C30006B74608
S2120EEC87EC408400C4018C0000270A1AF01E12
S2110EEC95180000000120081AF01E180000DE
S2110EECA20000EDF01E6D88CD00016D86CDD4
S2120EECAF000A6D84180080000018008202080D
S2110EECBDCC00C24AA67D3987C1002707CCC1
S2120EECCA00011820050DCD00126D88CD000835
S2120EECD86D86CD00086D8418008000001800B2
S2110EECE6820211CC00C24AA67D3987C100FD
S2110EECF32707CC0001182004E1ECF032C318
S2120EED000032B746CE0003ED40B75413494915
S2120EED0EB7466D841800800000180082025171
S2110EED1CCC00C24AA7713987C1002707CC6C
S2120EED290001182004AEECF034C30006B74608
S2120EED37EC408400C4018C0000270A1AF01C63
S2110EED45180000000120081AF01C1800002F
S2110EED520000EDF01C6D88CD00016D86CD25
S2120EED5F00076D841800800000180082026DFA
S2110EED6DCC00C24AA67D3987C1002707CC10
S2120EED7A00011820045DECF034C30006B74608
S2120EED88EC408401C4008C000018270080ECBE
S2120EED96F030C3000AB746EC408400C4108C62
S2120EEDA400001827006BECF032C3002AB746AC
S2120EEDB2ED408D021C1822005ACD00026D8810
S2110EEDC0CD00026D86CD000C6D841800800F
S2110EEDCD00001800820249CC00C24AA67D46
S2110EEDDA3987C1002707CC0001182003F66C
S2120EEDE7CD00016D88CD00026D86CD00006D4C
S2120EEDF58418008000001800820252CC00C265
S2100EEE034AA67D3987C1001827005FCC98
S2120EEE0F0001182003C8CD00016D88CD00024C
S2120EEE1D6D86CD000C6D841800800000180067
S2110EEE2B820249CC00C24AA67D3987C1007E
S2120EEE382707CC00011820039CCD00036D8822
S2110EEE46CD00026D86CD00006D8418008094
S2110EEE5300001800820252CC00C24AA67DB6
S2110EEE603987C1002707CC0001182003706B
S2120EEE6DECF034C30006B746EC408408C40032
S2120EEE7B8C0000270A1AF01A1800000001205C
S2120EEE89081AF01A1800000000EDF01A6D8838
S2110EEE97CD00016D86CD00036D8418008041
S2110EEEA400001800820100CC00C24AA67DB8
S2110EEEB13987C1002707CC00011820031F6B
S2120EEEBEECF034C30006B746EC408408C400E1
S2120EEECC8C0000270A1AF0181800000001200D
S2120EEEDA081AF0181800000000EDF0186D88EB
S2110EEEE8CD00016D86CD000F6D84180080E4
S2110EEEF500001800820208CC00C24AA67D5E
S2110EEF023987C1002707CC0001182002CE6B
S2120EEF0FECF034C30006B746EC408408C4008F
S2120EEF1D8C0000270A1AF016180000000120BD
S2120EEF2B081AF0161800000000EDF0166D889D
S2110EEF39CD00016D86CD00056D841800809C
S2110EEF4600001800820083CC00C24AA67D93
S2110EEF533987C1002707CC00011820027D6B
S2120EEF60ECF034C30006B746EC408400C40145
S2120EEF6E8C0000272CCD00016D88CD00016DA5
S2120EEF7C86CD00066D841800800000180082F8
S2110EEF8A0083CC00C24AA67D3987C1002741
S2120EEF9758CC00011820023EECF034C30004E5
S2120EEFA5B746EC408400C4088C0000270A1AFB
S2120EEFB3F014180000000020081AF0141800C3
S2120EEFC1000001EDF0146D88CD00016D86CDBA
S2120EEFCF00066D841800800000180082008375
S2110EEFDDCC00C24AA67D3987C1002707CC9E
S2120EEFEA0001182001EDECF034C30006B74609
S2120EEFF8EC408401C4008C0000270A1AF014A8
S2110EF006180000001820081AF0141800005C
S2110EF0130014EDF0146D88CD00086D86CD4E
S2120EF02000006D841800800000180082025852
S2110EF02ECC00C24AA67D3987C1002707CC4C
S2120EF03B00011820019CECF034C30006B74608
S2120EF049EC408401C4008C0000270A1AF01258
S2110EF057180000001E20081AF01218000007
S2110EF0640028EDF0126D88CD00086D86CDEB
S2120EF07100006D841800800000180082025AFF
S2110EF07FCC00C24AA67D3987C1002707CCFB
S2120EF08C00011820014BE6F30034876C80EC72
S2100EF09AF0364ABD383B87C1002707CC75
S2120EF0A6000118200131EDF03402E640876CB2
S2110EF0B480ECF0364ABD953B87C10027075D
S2120EF0C1CC000118200115ECF034C30002B787
S2110EF0CF46E640876C80ECF0364AB5DF3B17
S2120EF0DC87C1002707CC0001182000F5ECF0C7
S2110EF0EA34C30004B746EC408400C4018C0D
S2120EF0F70000270A1AF010180000000120086C
S2120EF1051AF0101800000000ECF010876C8058
S2110EF113ECF0364AB3143C87C1002707CC3B
S2120EF1200001182000B7ECF034C30004B7460A
S2120EF12EEC408400C4028C0000270718008EEA
S2120EF13C0001200518008E0000EC8E876C80F9
S2110EF14AECF0364AB4893B87C1002707CC8F
S2120EF157000118200080ECF034C30004B7460A
S2120EF165EC408400C4048C0000270718008CB3
S2120EF1730001200518008C0000EC8C876C80C6
S2110EF181ECF0364ABE033B87C1002705CCD6
S2120EF18E0001204BECF034C30004B746EC40F4
S2120EF19C8400C4108C0000270718008A00019D
S2120EF1AA200518008A0000ED8A6D88CD000143
S2120EF1B86D86CD00046D8418008000001800D1
S2110EF1C6820040CC00C24AA67D3987C100EB
S2120EF1D32705CC00012003CC00001BF0380AE6
S2120EF1E13B1BF1B2ECF04EC3003E6CF01CEC85
S2120EF1EFF04EC3006CB7466DF01AE6F3001C29
S2120EF1FD87B746CC003013B746CEC000B764B8
S2120EF20B6E8AE38A6CF018ECF01CC30010B787
S2120EF21946ED408D0000270DEDF01C1AE81095
S2120EF22719F01818020040CD00306D82EDF082
S2110EF235186D8019F01EB7644ABEBC3AEC88
S2120EF242F01CC3000AB746EC408400C4108CC5
S2120EF2500000270A1AF014180000000020080E
S2120EF25E1AF0141800008000ECF040AAF0140F
S2120EF26CEAF0156CF040EDF01C02E640876CE2
S2120EF27AF0108C00062708EDF0108D0007260B
S2120EF28829ECF024596CF02464F04666F0472C
S2120EF296ECF026596CF026ECF028596CF02899
S2120EF2A4ECF02A596CF02AECF02C596CF02C7B
S2120EF2B2ECF04EC30003B746E640C104182625
S2120EF2C00071CD00066D82E6F3001A87B74683
S2120EF2CECC003013B746CEC024B7646E8AE36B
S2110EF2DC8A6C8019F042B7644ABEBC3AE652
S2120EF2E9F3001A876C8E8C000D2715ED8E8D99
S2120EF2F7000E270EED8E8D00102707ED8E8D65
S2120EF305001126081AF024180000043AE6F34B
S2110EF313001A876C8C8C000F270EED8C8D6B
S2120EF32000122707ED8C8D001326081AF02417
S2120EF32E1800000442ECF04EC30003B746E68D
S2120EF33C40C105261264F02466F02564F02605
S2120EF34A66F02764F02866F02918008600008C
S2110EF358180088000619F01E6D841800803F
S2110EF36500001800820084CC00C24AA7E803
S2110EF3723987C1002707CC000118200106C0
S2120EF37F1800860000180088001E19F0246D77
S2120EF38D8418008000001800820088CC00C293
S2110EF39B4AA7E83987C1002707CC000118E5
S2120EF3A82000DACD00016D88CD00026D86CDF8
S2120EF3B600026D84180080000018008200977A
S2110EF3C4CC00C24AA67D3987C1002707CCB3
S2120EF3D10001182000AEECF01CC30002B7467A
S2120EF3DFEC408400C4408C0000270A1AF01280
S2110EF3ED180000000120081AF0121800008B
S2120EF3FA0000ECF0128AD2CA046CF016B7466B
S2110EF4086D8418008000001800820098CC5D
S2100EF41500C24AA7713987C1002707CC39
S2120EF42100011820005ECD00106D84180080CD
S2110EF42F0000180082009ACC00C24AA77199
S2100EF43C3987C1002705CC0001203ECD0C
S2120EF44880806D841800800000180082009BE5
S2110EF456CC00C24AA7713987C1002705CC2D
S2120EF4630001201EEDF0466D82EDF0446D8029
S2110EF471ECF0424AB92E3B87C1002705CCB1
S2120EF47E00012003CC00001BF0500A3B1BF1D1
S2120EF48CE9ECF017C300A26CF015C30006B72D
S2120EF49A46EC408400C4028C0000270A1AF0CE
S2120EF4A812180000000120081AF012180000BC
S2120EF4B60000E6F0136BF014E6F01DC1002702
S2120EF4C418ECF015C300046C8CECF3000C8AEA
S2120EF4D200CA02B746EE8C6D002016ECF01542
S2120EF4E0C300046C8AECF3000A84FFC4FDB76A
S2120EF4EE46EE8A6D00ECF015C30006B746EC2F
S2120EF4FC408400C4018C0000260369F01DEC4F
S2120EF50AF015C30006B746EC408401C4008C14
S2120EF5180000270369F01D0FF01D010A1AF001
S2120EF52610180000000120081AF01018000041
S2110EF5340000EDF0106D88CD00016D86CD47
S2120EF541000E6D84180080000018008202482E
S2110EF54FCC00C24AA67D3987C1002705CC28
S2120EF55C00012040E6F01DE5F014270718000B
S2120EF56A8E0001200518008E0000ED8E6D88B6
S2110EF578CD00016D86CD00056D8418008057
S2110EF58500001800820205CC00C24AA67DCA
S2100EF5923987C1002705CC00012003CCF1
S2120EF59E00001BF0190A3B1B9AEC86C300C435
S2120EF5AC6C84EC86C30006B74618024080ED4F
S2120EF5BA808D0000270DEC84C30004B746EECD
S2120EF5C880AE402307180082000020051800B3
S2120EF5D6820001EC82871B880A3B1BF1E419AB
S2120EF5E4F0161808403CECF01CC300B26CF09B
S2120EF5F218ECF01CC300A26CF01AECF018C356
S2120EF600000AB7461802408CEC8C8400C4102C
S2120EF60E8C0000272DEC8C8402C4008C0000AD
S2120EF61C2722FD24048D0000260A1AF014186C
S2120EF62A0000002120081AF01418000000320E
S2120EF638E6F0156BF01720071AF017180800EC
S2120EF6463CE6F022E1F0172309E6F017876C7B
S2120EF654F0122007E6F022876CF012ECF01291
S2120EF66287B746ECF01AC30002B745B7616BC9
S2120EF67000ECF01AC30002B746E64087B74617
S2120EF67EE6F016876D8AA38A6C88CD00066DA0
S2120EF68C86CD00006D841800800000180082E7
S2110EF69A0260CC00C24AA67D3987C100274B
S2120EF6A707CC0001182000BDECF01AC30002BE
S2120EF6B5B746E64087B746E6F016876D8AA380
S2120EF6C38A6C88CD00066D86CD00006D84180C
S2110EF6D100800000180082026ACC00C24ABB
S2110EF6DEA67D3987C1002707CC0001182035
S2120EF6EB007FECF018C3000AB746EC4084020F
S2120EF6F9C4008C0000274AECF01AC30002B7BD
S2110EF70746E640C12B230A1AF0101800002B
S2120EF714000020081AF0101800000001EDF09C
S2120EF722106D88CD00016D86CD00086D841822
S2110EF730008000001800820260CC00C24A65
S2110EF73DA67D3987C1002705CC00012022CD
S2120EF74AECF01AC30002B746E640C1322307A3
S2120EF75818008E0001200518008E0000EC8EA4
S2110EF766874ABA1E3B871BF01E0A3B1BF19E
S2120EF773ECECF014C300B26CF012ECF014C303
S2120EF7810002B746E640876CF0108C0000279C
S2110EF78F12EDF0108D0001270AEDF0108D22
S2120EF79C00022702202CCD00126D82ECF01417
S2110EF7AAC300086C80ECF0124ABEBC3AECB0
S2120EF7B7F012C3000A6C8CECF3000C8A20CA0B
S2120EF7C500B746EE8C6D00202ACD00126D8227
S2120EF7D3ECF014C3001A6C80ECF0124ABEBCAA
S2110EF7E13AECF012C3000A6C8AECF3000A34
S2120EF7EE84DFC4FFB746EE8A6D00ECF012C341
S2120EF7FC000AB746EC408420C4008C0000279E
S2120EF80A0718008E0001200518008E0000ED77
S2120EF8188E6D88CD00016D86CD00036D8418B2
S2110EF826008000001800820040CC00C24A90
S2110EF833A67D3987C1002705CC00012057A1
S2120EF840CD00006D88CD00016D86CD00026DE8
S2120EF84E8418008000001800820040CC00C215
S2110EF85C4AA67D3987C1002705CC00012085
S2120EF8692DCD00006D88CD00016D86CD000001
S2110EF8776D8418008000001800820040CC42
S2100EF88400C24AA67D3987C1002705CCBD
S2120EF89000012003CC00001BF0160A3B1B9E48
S2120EF89EEC82C30054B746ED408D0000270ED8
S2120EF8ACEC82C30056B746ED408D00002607D0
S2120EF8BA180080000020051800800001EC806B
S2120EF8C8871B840A3B1B9EEC82C3005CB74671
S2120EF8D6ED408D0000270EEC82C3005EB74696
S2120EF8E4ED408D00002607180080000020055F
S2120EF8F21800800001EC80871B840A3B1B9ECC
S2120EF900EC82C30064B746ED408D0000270E65
S2120EF90EEC82C30066B746ED408D000026075D
S2120EF91C180080000020051800800001EC8008
S2120EF92A871B840A3B1B96FD240AAD8A261602
S2120EF938FD240CAD8F260FFD240EADF011260D
S2120EF94607CC0000182000CDCD00016D88CD38
S2120EF95400016D86CD00006D84180080000048
S2110EF9621800820020CC00C04AA67D398712
S2120EF96FC1002707CC0001182000A1ED8A6DFE
S2120EF97D841800800000180082002CCC00C0FB
S2110EF98B4AA7713987C1002707CC00011866
S2120EF998200080ED8F6D841800800000180091
S2110EF9A682002ECC00C04AA7713987C10022
S2120EF9B32707CC00011820005FEDF0116D84C2
S2120EF9C118008000001800820030CC00C04AED
S2110EF9CFA7713987C1002705CC0001203F27
S2120EF9DCCD00006D88CD00016D86CD00006D4D
S2120EF9EA8418008000001800820020CC00C09A
S2110EF9F84AA67D3987C1002705CC000120E8
S2120EFA051518058A240A18058F240C1AF011FF
S2120EFA13180500240ECC00001B8C0A3B1BF1BF
S2120EFA21DE19F0206D8418008000001800829A
S2110EFA2F0260CC00C24AA7363987C10027F8
S2120EFA3C07CC0001182002F0ECF0208406C461
S2120EFA4A008C0600270369F023E6F023C100A9
S2120EFA58270A1AF01E18000000FF20081AF0EB
S2120EFA661E1800000014EDF01E6D88CD000870
S2120EFA746D86CD00086D841800800000180008
S2110EFA82820264CC00C24AA67D3987C10000
S2120EFA8F2707CC00011820029CE6F023C100CB
S2120EFA9D270A1AF01C18000000FF20081AF0A8
S2120EFAAB1C1800000012EDF01C6D88CD000831
S2120EFAB96D86CD00006D8418008000001800CB
S2110EFAC7820264CC00C24AA67D3987C100BB
S2120EFAD42707CC000118200257E6F023C100CB
S2120EFAE2270A1AF01A180000000720081AF05D
S2120EFAF01A1800000004EDF01A6D88CD000303
S2120EFAFE6D86CD00046D841800800000180082
S2110EFB0C820265CC00C24AA67D3987C10074
S2120EFB192707CC000118200212E6F023C100CA
S2120EFB27270A1AF018180000000720081AF019
S2120EFB35181800000004EDF0186D88CD0003C1
S2120EFB436D86CD00006D841800800000180040
S2110EFB51820265CC00C24AA67D3987C1002F
S2120EFB5E2707CC0001182001CDE6F023C100CB
S2120EFB6C270A1AF016180000000020081AF0DD
S2120EFB7A161800000008EDF0166D88CD00047B
S2120EFB886D86CD00006D8418008000001800FB
S2110EFB96820266CC00C24AA67D3987C100E9
S2120EFBA32707CC000118200188E6F023C100CB
S2120EFBB1270A1AF014180000000320081AF097
S2120EFBBF141800000000EDF0146D88CD000244
S2120EFBCD6D86CD000E6D8418008000001800A8
S2110EFBDB820267CC00C24AA67D3987C100A3
S2120EFBE82707CC000118200143E6F023C100CB
S2120EFBF6270A1AF012180000000020081AF057
S2120EFC0412180000003FEDF0126D88CD0006BF
S2120EFC126D86CD00086D841800800000180068
S2110EFC20820267CC00C24AA67D3987C1005D
S2120EFC2D2707CC0001182000FEE6F023C100CB
S2120EFC3B270A1AF010180000000020081AF013
S2120EFC49101800000010EDF0106D88CD0008AB
S2120EFC576D86CD00006D84180080000018002B
S2110EFC65820267CC00C24AA67D3987C10018
S2120EFC722707CC0001182000B9E6F023C100CB
S2120EFC80270718008E0003200518008E0002BF
S2120EFC8EED8E6D88CD00026D86CD00046D8461
S2120EFC9C18008000001800820268CC00C24AD3
S2110EFCAAA67D3987C1002707CC0001182063
S2120EFCB7007BE6F023C100270718008C000322
S2120EFCC5200518008C0002ED8C6D88CD000216
S2120EFCD36D86CD00006D8418008000001800AF
S2110EFCE1820268CC00C24AA67D3987C1009B
S2120EFCEE2705CC0001203FE6F023C1002707B5
S2120EFCFC18008A0000200518008A0003ED8A04
S2120EFD0A6D88CD00086D86CD00086D8418003D
S2120EFD18800000180082023BCC00C24AA67D78
S2100EFD263987C1002705CC00012003CC55
S2120EFD3200001BF0240A3B1B94EC8CC300A2B0
S2120EFD40B7466D8AE6F012B716EE8AB7616BFE
S2120EFD4E00EC8AC30006B746EC408400C401E3
S2120EFD5C8C0000260369F012E6F012876C8803
S2110EFD6ACD00026D86CD000C6D8418008055
S2110EFD7700001800820210CC00C24AA67DC5
S2100EFD843987C1002705CC00012003CCF7
S2120EFD9000001B8E0A3B1B94EC8CC300A2B721
S2120EFD9E466D8AE6F012B716EE8A08B7616B4F
S2120EFDAC00EC8AC30006B746EC408400C40185
S2120EFDBA8C0000260369F012EC8CC30003B713
S2120EFDC846E640C104260369F012E6F01287E6
S2120EFDD66C88CD00036D86CD000C6D84180073
S2120EFDE48000001800820250CC00C24AA67D97
S2100EFDF23987C1002705CC00012003CC89
S2110EFDFE00001B8E0A3B1BF1EAECF016C34C
S2120EFE0B00A2B7466DF014E6F01CC1002718D4
S2120EFE19ECF014C300046C8EECF3000E8A00A0
S2120EFE27CA04B746EE8E6D002016ECF014C31D
S2120EFE3500046C8CECF3000C84FFC4FBB74686
S2120EFE43EE8C6D00ECF014C30006B7461802E7
S2120EFE51408AEC8A8400C4048C0000270EEC57
S2120EFE5F8A8400C4018C0000260369F01C196C
S2120EFE6DF0126D841800800000180082020548
S2110EFE7BCC00C24AA7363987C1002705CC39
S2120EFE8800012053ECF0128400C4208C000003
S2120EFE96270369F01C0FF01C010A1AF0101854
S2120EFEA40000000120081AF0101800000000E2
S2120EFEB2EDF0106D88CD00016D86CD00056D4D
S2120EFEC08418008000001800820208CC00C2D3
S2110EFECE4AA67D3987C1002705CC0001200D
S2120EFEDB03CC00001BF0180A3B1BF1EEECF0F9
S2120EFEE912C3003EB7466D8AE6F3000AC11439
S2120EFEF72507CC0003182000E0E6F3000A876D
S2120EFF05B746CC004C13B746CEC720B7646E78
S2120EFF1386E3866C8EEC8AC30014B746ED406D
S2120EFF218D00002709ED8A1AE8141802008ECD
S2120EFF2FEC8AC3000AB746EC408408C4008C69
S2120EFF3D0000260518008E0000EC8AC3000A8F
S2120EFF4BB746EC408410C4008C000026051845
S2120EFF59008E00001AF010180000000018208F
S2120EFF67006AED8E8D0000260718008800003A
S2120EFF75200CECF01059E38EB74618024088AA
S2120EFF831802888CED8C6D8418008000001815
S2110EFF91008200AECC00C24AA7713987C1AF
S2120EFF9E002705CC0001203AECF0108A00CAAF
S2110EFFAC80B7466D84180080000018008295
S2110EFFB900AFCC00C24AA7713987C10027E1
S2120EFFC605CC00012014EDF010026DF010EDCB
S2120EFFD4F0108D00251825FF8CCC00001BF0BB
S2060EFFE2140AEC
S1116E8A704D46432D3E73745352432E683DA3
S1116E9825642C20704D46432D3E73744453E4
S1116EA6542E683D25640D00704D46432D3E6C
S1116EB473744646432E64683D25642C20709A
S1116EC24D46432D3E73744D454D2E683D25BF
S1116ED0640D005B4D41494E5D205A4F4F4DFD
S1116EDE2E773D25642C205A4F4F4D2E683DD3
S1116EEC25640D005B4D41494E5D20735352E9
S1116EFA432E773D25642C20735352432E689B
S1116F083D25640D005B4D41494E5D20734DE7
S1116F16454D2E773D25642C20734D454D2EA0
S1116F24683D25640D005B4D41494E5D2056CD
S1116F324945572E773D25642C205649455776
S1116F402E683D25640D005B4D41494E5D20D9
S1116F4E734453542E773D25642C2073445312
S1116F5C542E683D25640D005B4D41494E5D89
S1116F6A2043524F502E773D25642C20435275
S1116F784F502E683D25640D005B4D41494E7F
S1116F865D20734355542E773D25642C2073F3
S1116F944355542E683D25640D0075736564E5
S1116FA22046425B415544494F5D20726F7793
S1116FB02069732025642C20476574524F57C6
S1116FBE3D25640D006E756D593D307825300B
S1116FCC3258206E756D433D307825303258B2
S1116FDA20595F6D3D256420596E723D25647B
S1116FE820435F6D3D256420596D683D25648E
S1116FF620595F783D256420435F783D256473
S11170040D00556E6B6E6F776E0D004456498D
S1117012204F75740D0048444D49204F75748D
S11170200D00636865636B20454449440D0010
S111702E504C5547204F75740D007B48444D5F
S111703C492D50726F637D3A2000496E6974CD
S111704A445649545828292121210D00486F2D
S111705874506C756720696E74657272757081
S11170667420646574656374696F6E21212162
S10C7074203D20253034580D00A4
S111707D0200000000000000020A003B0000B8
S111708B0026020DFFC0FE00FE0000400200C1
S1117099020001FC020000330062000001FB53
S11170A7FFC80000FFDB01F8FFC0FE00FE0082
S11170B500400200020001FC0254FF93FEEFB3
S11170C30254043B0000025400000396FFC078
S11170D1FE00FE0000000000000001FC02545E
S11170DFFF38FE600254040900000254000051
S11170ED0331FFC0FE00FE00000000000000A2
S11170FB01FC02000207020E0216021D02240E
S1117109022B0232023902400247024E0254A7
S1117117025B02620269026F0276027D02834D
S1117125028A02900297029D02A302A902B000
S111713302B602BC02C202C802CE02D402DAC4
S111714102E002E602EB02F102F702FC030296
S111714F0307030D03120318031D0322032775
S111715D032C03310336033B03400345034A6E
S111716B034F03530358035D03610366036A75
S1117179036E03730377037B037F0383038793
S1117187038B038F03930396039A039E03A1C5
S111719503A503A803AC03AF03B203B503B80C
S11171A303BB03BE03C103C403C703CA03CC6A
S11171B103CF03D103D403D603D903DB03DDDC
S11171BF03DF03E103E303E503E703E903EB66
S11171CD03EC03EE03EF03F103F203F403F506
S11171DB03F603F703F803F903FA03FB03FCBE
S11171E903FD03FD03FE03FE03FF03FF03FF8C
S11171F704000400040004000400040004006A
S111720503FF03FF03FF03FE03FE03FD03FD6F
S111721303FC03FB03FA03F903F803F703F685
S111722103F503F403F203F103EF03EE03ECB1
S111722F03EB03E903E703E503E303E103DFF5
S111723D03DD03DB03D903D603D403D103CF4F
S111724B03CC03CA03C703C403C103BE03BBC1
S111725903B803B503B203AF03AC03A803A547
S111726703A1039E039A03960393038F038BE4
S111727503870383037F037B03770373036E96
S1117283036A03660361035D03580353034F5C
S1117291034A03450340033B03360331032C39
S111729F03270322031D03180312030D030724
S11172AD030202FC02F702F102EB02E602E029
S11172BB02DA02D402CE02C802C202BC02B63B
S11172C902B002A902A3029D02970290028A5B
S11172D70283027D0276026F02690262025B8C
S11172E50254024E0247024002390232022BCA
S11172F30224021D0216020E0207FC89FC8D05
S1117301FC92FC96FC9AFC9FFCA3FCA8FCAD3D
S111730FFCB1FCB6FCBBFCC0FCC5FCCAFCCF48
S111731DFCD4FCD9FCDEFCE3FCE8FCEEFCF343
S111732BFCF9FCFEFD04FD09FD0FFD15FD1A25
S1117339FD20FD26FD2CFD32FD38FD3EFD44F9
S1117347FD4AFD50FD57FD5DFD63FD69FD70BF
S1117355FD76FD7DFD83FD8AFD91FD97FD9E75
S1117363FDA5FDACFDB2FDB9FDC0FDC7FDCE1C
S1117371FDD5FDDCFDE3FDEAFDF2FDF9FE00B5
S111737FFE07FE0FFE16FE1DFE25FE2CFE343C
S111738DFE3BFE43FE4AFE52FE59FE61FE69BF
S111739BFE70FE78FE80FE88FE8FFE97FE9F39
S11173A9FEA7FEAFFEB7FEBFFEC7FECFFED7A7
S11173B7FEDFFEE7FEEFFEF7FEFFFF07FF0F0F
S11173C5FF17FF20FF28FF30FF38FF40FF496D
S11173D3FF51FF59FF61FF6AFF72FF7AFF83CB
S11173E1FF8BFF93FF9CFFA4FFACFFB5FFBD25
S11173EFFFC5FFCEFFD6FFDFFFE7FFEFFFF87D
S11173FD00000008001100190021002A0032CF
S111740B003B0043004B0054005C0064006D25
S11174190075007D0086008E0096009F00A77F
S111742700AF00B700C000C800D000D800E0DD
S111743500E900F100F901010109011101193A
S11174430121012901310139014101490151A1
S111745101590161016901710178018001880E
S111745F01900197019F01A701AE01B601BD86
S111746D01C501CC01D401DB01E301EA01F108
S111747B01F902000207020E0216021D02248D
S1117489022B0232023902400247024E025424
S1117497025B02620269026F0276027D0283CA
S11174A5028A02900297029D02A302A902B07D
S11174B302B602BC02C202C802CE02D402DA41
S11174C102E002E602EB02F102F702FC030213
S11174CF0307030D03120318031D03220327F2
S11174DD032C03310336033B03400345034AEB
S11174EB034F03530358035D03610366036AF2
S10774F9036E0373A4
S10974FD80A180A180A122
S109750380A180BB80BBE7
S109750980D580D580D579
S109750F80D580D580EF59
S109751580EF80EF80EF1F
S109751B80EF80EF80EF19
S109752180EF80EF80EF13
S109752780EF80EF80D527
S105752D80D503
S2120F00003B1BF1AE19F04E1800400000EDF05D
S2120F000E578D0001260BECF052C300086CF065
S2120F001C4C2009ECF052C3001A6CF04C1AF090
S2120F002A4C19F05018020040E6F30050C119B2
S2120F00382507CC000318200943CD00086D8263
S2120F0046CDCD10E6F30050875959596D8AE359
S2110F00548A6C80ECF050C300084ABEBC3A20
S2120F0061ECF050C3000A6CF02AECF3002A8471
S2120F006FEEC4FFB746EEF02A6D00E6F3005023
S2120F007D876CF04A8C0000182D0067EDF04AD5
S2120F008B8D00182E5FECF04ACD74FD596D8A6D
S2120F0099E38AB746ED400540ECF050C3000A70
S2120F00A76CF028ECF300288A10CA00B746EE5D
S2120F00B5F0286D002046ECF050C3000A6CF0E9
S2120F00C326ECF300268A11CA00B746EEF0268A
S2120F00D16D00202CECF050C3000A6CF024ECEF
S2120F00DFF300248A11CA00B746EEF0246D0017
S2110F00ED2012ECF050C3000A6CF022EDF369
S2120F00FA0022EEF0226D00ECF050C3000A6CF0
S2120F0108F020ECF3002084D1C4FFB746EEF0D3
S2120F0116206D00EDF05002E640876CF0488C2E
S2120F01240000275EEDF0488D000118270078CA
S2120F0132EDF0488D000218270092EDF0488D74
S2120F01400003182700ACEDF0488D00041827BA
S2120F014E00C6EDF0488D0005182700E0EDF016
S2120F015C488D0006182700FAEDF0488D0007B4
S2120F016A18270114EDF0488D00081827012CF9
S2120F0178EDF0488D0009182701421820015C93
S2120F018619F04E1800400000ECF050C3000AAF
S2120F01946CF01EECF3001E8A02CA00B746EE91
S2120F01A2F01E6D001820013819F04E180040A0
S2110F01B00000ECF050C3000A6CF01CECF3DE
S2120F01BD001C8A0ACA00B746EEF01C6D00182A
S2120F01CB20011419F04E1800400030ECF050D2
S2120F01D9C3000A6CF01AECF3001A8A0ECA0066
S2120F01E7B746EEF01A6D00182000F019F04E15
S2120F01F51800400010ECF050C3000A6CF01813
S2120F0203ECF300188A0ECA00B746EEF0186D20
S2120F021100182000CC19F04E1800400030ECFC
S2120F021FF050C3000A6CF016ECF300168A0CB3
S2120F022DCA00B746EEF0166D00182000A8198E
S2120F023BF04E1800400010ECF050C3000A6C96
S2120F0249F014ECF300148A0CCA00B746EEF061
S2110F0257146D001820008419F04E1800409A
S2110F02640020ECF050C3000A6CF012ECF313
S2120F027100128A0ECA00B746EEF0126D001885
S2120F027F20006019F04E18004000A0ECF05062
S2120F028DC3000A6CF010ECF300108A0ECA00C5
S2120F029BB746EEF0106D00203E19F04E18001C
S2110F02A9400020ECF050C3000A6C8EECF302
S2120F02B6000E8A0CCA00B746EE8E6D00201E94
S2120F02C419F04E18004000A0ECF050C3000AD0
S2120F02D26C8CECF3000C8A0CCA00B746EE8C50
S2120F02E06D00ECF050C30002B746EC408400F1
S2110F02EEC4088C0000270A1AF04418000000
S2120F02FB000120081AF0441800000000EDF075
S2120F0309448D0000270A1AF046180000004028
S2120F031720081AF0461800000000ECF04EAA60
S2120F0325F046EAF0476CF04EECF050C3000ABC
S2120F0333B746EC408400C4018C0000270A1A5F
S2120F0341F040180000000120081AF0401800C7
S2120F034F000000EDF0408D0000270A1AF04265
S2110F035D180000000420081AF042180000D7
S2120F036A0000ECF04EAAF042EAF0436CF04EA4
S2120F0378ECF050C3000AB746EC408400C402F7
S2120F03868C0000270A1AF03C18000000012019
S2110F0394081AF03C1800000000EDF03C8D3C
S2120F03A10000270A1AF03E180000000220087F
S2120F03AF1AF03E1800000000ECF04EAAF03ECA
S2120F03BDEAF03F6CF04EECF050C3000AB74665
S2120F03CBEC408400C4108C0000270A1AF0388D
S2110F03D9180000000120081AF03818000068
S2120F03E60000EDF0388D0000270A1AF03A18C6
S2120F03F40000000120081AF03A180000000062
S2110F0402ECF04EAAF03AEAF03B6CF04ECE4E
S2120F040F00041679FB8400C40F6C88CD000421
S2120F041D6D86ECF057595959B746CC000C6D4A
S2120F042B8AA38AB7466D84180080000018005A
S2110F0439820002CC00C24AA67D3987C100A2
S2120F04462707CC000118200535ECF04E840079
S2120F0454C4076C88CD00036D86ECF05759591F
S2120F046259B746CC00086D8AA38AB7466D843C
S2120F047018008000001800820002CC00C24A5E
S2110F047EA67D3987C1002707CC0001182086
S2120F048B04F7ECF050C30002B746EC408400B6
S2110F0499C4408C0000270A1AF03618000029
S2120F04A6000120081AF0361800000000EDF0D6
S2120F04B4366D88CD00016D86EDF0576D8418FD
S2110F04C2008000001800820001CC00C24A26
S2110F04CFA67D3987C1002707CC0001182035
S2120F04DC04A6ECF050C30002B746EC408400B6
S2110F04EAC4208C0000270A1AF034180000FA
S2120F04F7000120081AF0341800000000EDF087
S2120F0505346D88CD00016D86ECF057C30002F2
S2120F0513B7466D8418008000001800820001A5
S2110F0521CC00C24AA67D3987C1002707CC43
S2120F052E000118200450ECF050C30008B7462A
S2110F053CCE0019ED406D88CD000C6D86CDFC
S2110F054900046D84EDF057B75413B746CC81
S2120F0556001A6D8AA38AB746351800AE00004D
S2110F0564306E82306E82CC00C24AA67D3902
S2120F057187C1002707CC000118200407ECF006
S2120F057F50C30002B746EC408400C407B746D0
S2120F058DCE00036D88CD00036D86EDF057B7D8
S2120F059B5413C30008B7466D84180080000086
S2110F05A91800820000CC00C24AA67D3987DC
S2120F05B6C1002707CC0001182003C3ECF0503D
S2120F05C4C30002B746EC408400C4108C000043
S2120F05D2270A1AF032180000000120081AF04F
S2120F05E0321800000000EDF0326D88CD0001DD
S2120F05EE6D86ECF057C30002B7466D841800FA
S2120F05FC8000001800820000CC00C24AA67DC8
S2110F060A3987C1002707CC00011820036DAB
S2120F0617ECF052C30003B746E640876CF03097
S2120F06258C0004270AEDF0308D00052702200A
S2120F06330A1AF04E18000000032031ECF04EAD
S2120F06418400C4FF87475647564756475687CE
S2120F064FC502270A1AF02E1800000001200818
S2120F065D1AF02E18000000001AF02E19F04E9C
S2120F066B18020040EDF04E6D88CD00026D8631
S2120F0679ECF05759B746CC000E6D8AA38AB721
S2120F0687466D8418008000001800820040CCDC
S2100F069500C24AA67D3987C1002707CC9B
S2120F06A10001182002DDECF050C3000AB74629
S2120F06AFEC408402C4008C0000270A1AF02EBE
S2110F06BD180000000020081AF02E1800008C
S2110F06CA0001EDF02E6D88CD00016D86CD80
S2120F06D7000D6D84CC0021A3F057B7463518E2
S2120F06E500AE0000306E82306E82CC00C24A2D
S2110F06F3A67D3987C1002707CC000118200F
S2110F07000282ECF050C30006B745EC00CEA9
S2120F070D00061679FB6C88CD00076D86ECF0A3
S2120F071B57595959B7466D84180080000018BC
S2110F072900820003CC00C24AA67D3987C1AE
S2120F0736002707CC000118200244ECF050C339
S2120F07440006B745EC00CD000A8400C43FB790
S2120F075265167A05B746ECF050C30004B7459F
S2120F0760EC008403C4FFB745B7646E8AAA8AFE
S2120F076EEA8B6CF04E6C84CC0005A3F057B7E8
S2120F077C46351800AE0000306E82306E82CC0E
S2100F078A00C24AA7713987C1002707CCB0
S2120F07960001182001E8ECF050C30004B7462F
S2120F07A4EC40B70187475647566C88CD0003CA
S2120F07B26D86CD000D6D84ECF05759B746CC12
S2120F07C000086D8AA38AB746351800AE0000F3
S2110F07CE306E82306E82CC00C24AA67D3996
S2120F07DB87C1002707CC00011820019DECF007
S2120F07E950C3000CB746ED406D88CD000D6D69
S2110F07F786CD00006D84ECF05759B746CC48
S2120F080400086D8AA38AB746351800AE0000AE
S2110F0812306E82306E82CC00C24AA67D3951
S2120F081F87C1002707CC000118200159ECF006
S2120F082D50C3000EB746ED406D84ECF05759E1
S2120F083BB746CC00096D8AA38AB7463518005B
S2110F0849AE0000306E82306E82CC00C24AC8
S2110F0856A7713987C1002707CC00011820B5
S2120F0863011FECF052C30003B746E640C10576
S2120F0871260A1AF02C180000000220081AF0B3
S2120F087F2C180000000019F02C1AF04E18026C
S2110F088D4000EDF04E6D88CD00026D86CD5B
S2120F089A00086D841800800000180082001BF6
S2110F08A8CC00C24AA67D3987C1002707CCB9
S2120F08B50001182000C9ECF052C30003B7462E
S2120F08C3E640C105260A1AF04E180000000582
S2120F08D12020ECF052C30003B746E640C104E9
S2120F08DF260A1AF04E180000000F20081AF016
S2120F08ED4E1800000000EDF04E6D88CD000492
S2120F08FB6D86CD00086D841800800000180072
S2110F090982001ECC00C24AA67D3987C100B1
S2110F09162707CC000118200065ECF052C337
S2120F09230003B746E640C105260A1AF04E1826
S2120F0931000000012020ECF052C30003B74672
S2120F093FE640C104260A1AF04E18000000010A
S2120F094D20081AF04E1800000000EDF04E6D58
S2120F095B88CD00016D86CD00046D84180080D7
S2110F09690000180082001ECC00C24AA67DBA
S2100F09763987C1002705CC00012003CCF8
S20A0F098200001BF0540AF2
S109752F8A0E8A0E8A0E8A
S10975358A0E8A288A2850
S109753B8A288A288A2830
S10975418A288A428A42F6
S10975478A428A428A42D6
S109754D8A428A428A42D0
S10775538A428A4298
S2120F09883B1BF1BE19F0401800400000ECF0CB
S2120F099642C3003EB7466DF03EE6F3003EC18C
S2120F09A4142507CC00031820059DCD00086D06
S2120F09B282CD6C3CE6F3003E875959596D8A8C
S2110F09C0E38A6C80ECF03EC300084ABEBC14
S2100F09CD3AECF03EC3000A6CF026ECF388
S2120F09D9002684EEC4DFB746EEF0266D00E66D
S2120F09E7F3003E876CF03C8C0000182D006766
S2120F09F5EDF03C8D00132E5FECF03CCD752F11
S2120F0A03596D8AE38AB746ED400540ECF03E8B
S2120F0A11C3000A6CF024ECF300248A10CA000F
S2110F0A1FB746EEF0246D002046ECF03EC307
S2120F0A2C000A6CF022ECF300228A11CA20B7E3
S2120F0A3A46EEF0226D00202CECF03EC3000AB4
S2120F0A486CF020ECF300208A11CA20B746EEA1
S2120F0A56F0206D002012ECF03EC3000A6CF08C
S2120F0A641EEDF3001EEEF01E6D00ECF03EC30E
S2120F0A72000A6CF01CECF3001C84F1C4FFB7F6
S2120F0A8046EEF01C6D00EDF03E02E640876C71
S2120F0A8EF03A8C00002748EDF03A8D00012755
S2120F0A9C64EDF03A8D00021827007EEDF03A5A
S2120F0AAA8D000318270098EDF03A8D00041803
S2120F0AB82700B2EDF03A8D0005182700CCEDA2
S2110F0AC6F03A8D0006182700E4EDF03A8D8B
S2120F0AD30007182700FA1820011419F0401813
S2120F0AE100401204ECF03EC3000A6CF01AEC54
S2120F0AEFF3001A8A02CA00B746EEF01A6D0020
S2120F0AFD182000F019F0401800401044ECF0DE
S2120F0B0B3EC3000A6CF018ECF300188A0ACAF4
S2120F0B1900B746EEF0186D00182000CC19F04D
S2120F0B2740180040106DECF03EC3000A6CF054
S2120F0B3516ECF300168A0ECA00B746EEF01640
S2120F0B436D00182000A819F04018004010454D
S2120F0B51ECF03EC3000A6CF014ECF300148AAE
S2120F0B5F0ECA00B746EEF0146D001820008484
S2120F0B6D19F0401800400069ECF03EC3000A75
S2120F0B7B6CF012ECF300128A0CCA00B746EEAE
S2120F0B89F0126D001820006019F040180040A2
S2110F0B970041ECF03EC3000A6CF010ECF3CA
S2120F0BA400108A0CCA00B746EEF0106D002047
S2110F0BB23E19F040180040106EECF03EC3E8
S2120F0BBF000A6C8EECF3000E8A0ECA00B746C4
S2120F0BCDEE8E6D00201E19F040180040006AD4
S2120F0BDBECF03EC3000A6C8CECF3000C8A0C98
S2120F0BE9CA00B746EE8C6D00ECF03EC300025D
S2120F0BF7B746EC408400C4108C0000270A1A84
S2120F0C05F038180000001020081AF0381800FB
S2120F0C13000000ECF0388A00CA28B746ECF056
S2110F0C21406D8AAA8AEA8B6CF0406C88CD75
S2120F0C2E000D6D86CD00006D8418008000004E
S2110F0C3C18008200A2CC00C24AA67D3987A0
S2120F0C49C1002707CC0001182002F7ECF03E82
S2120F0C57C30002B746EC40840CC4006CF0409D
S2120F0C65ECF03EC30002B745EC00CD000C8449
S2120F0C73F0C400B7651679FBB746ECF0406D7F
S2120F0C818AAA8AEA8B6CF040ECF03EC30002A3
S2120F0C8FB746EC408400C4808C0000270A1A7B
S2120F0C9DF036180000008020081AF0361800F7
S2120F0CAB000000ECF040AAF036EAF0376CF0CE
S2120F0CB940ECF03EC3000AB746EC408400C481
S2120F0CC7048C0000270A1AF0341800000020D4
S2120F0CD520081AF0341800000000ECF040AAB9
S2120F0CE3F034EAF0356CF040ECF03EC3000A39
S2120F0CF1B746EC408400C4088C0000270A1A91
S2120F0CFFF032180000001020081AF03218000D
S2120F0D0D000000ECF040AAF032EAF0336CF073
S2120F0D1B406C88CD000A6D86CD00006D8418E2
S2110F0D290080000018008200A0CC00C24A17
S2110F0D36A67D3987C1002707CC00011820C5
S2120F0D430206ECF03EC30002B746EC408400FA
S2110F0D51C4208C0000270A1AF0301800008E
S2120F0D5E001020081AF030180000000019F0E0
S2120F0D6C301AF04018024000ECF03EC3000AAA
S2120F0D7AB746EC408401C4008C0000270A1A0E
S2120F0D88F02E180000000220081AF02E180099
S2120F0D96000000ECF040AAF02EEAF02F6CF0F2
S2120F0DA440ECF03EC3000AB746EC408408C48D
S2120F0DB2008C0000270A1AF02C18000000050F
S2120F0DC020081AF02C1800000000ECF040AAD5
S2120F0DCEF02CEAF02D6CF040B7466D8418003E
S2120F0DDC80000018008200A3CC00C24AA77148
S2110F0DEA3987C1002707CC000118200154DF
S2120F0DF7ECF03EC3000AB746EC408408C4007A
S2120F0E058C0000270A1AF02A18000010802012
S2120F0E13081AF02A180000000019F02A1AF02C
S2110F0E214018024000EDF0406D8418008070
S2110F0E2E000018008200A4CC00C24AA77175
S2110F0E3B3987C1002707CC000118200103DE
S2110F0E48CD01116D84180080000018008287
S2110F0E5500A1CC00C24AA7713987C1002743
S2120F0E6207CC0001182000E1ECF042C300039D
S2120F0E70B746E640C104260A1AF040180000E6
S2120F0E7E00022020ECF042C30003B746E64009
S2120F0E8CC105260A1AF04018000000022008C2
S2120F0E9A1AF0401800000001EDF0406D88CDF4
S2120F0EA800026D86CD00086D841800800000D5
S2110F0EB618008200A5CC00C24AA67D398721
S2120F0EC3C1002707CC00011820007DEDF0427D
S2110F0ED102E640C504270A1AF02818000094
S2120F0EDE000120081AF028180000000019F076
S2120F0EEC281AF04018024000EDF0406D88CD39
S2120F0EFA00016D86CD00076D84180080000085
S2110F0F0818008200A5CC00C24AA67D3987CE
S2120F0F15C1002705CC0001202DCD00016D88F0
S2110F0F23CD00016D86CD00056D8418008091
S2110F0F30000018008200A5CC00C24AA67D66
S2100F0F3D3987C1002705CC00012003CC2B
S2120F0F4900001BF0440A3B1BF1CCECF034C347
S2120F0F5700B26CF026ECF034C300C46CF02829
S2120F0F65FC2D888400C4018C0000270A1AF0A9
S2120F0F731E180000008020081AF01E1800003E
S2110F0F8101001AF01E19F02418020040CED1
S2120F0F8E0004E6F03A8718158C00022713ECC5
S2120F0F9CF026C3000AB746EC408402C4008C51
S2120F0FAA0000270A1AF01C1800000008200886
S2120F0FB81AF01C180000000A1AF01C19F02A76
S2120F0FC618020040CE0004E6F03A8718158C8D
S2120F0FD400022713ECF026C3000AB746EC40C7
S2120F0FE28402C4008C0000270A1AF01A1800AA
S2120F0FF000004020081AF01A180000003C1AE5
S2120F0FFEF01A19F02218020040CE0004E6F09A
S2120F100C3A8718158C0001260664F02A66F047
S2120F101A2BCE0004E6F03A8718158C0002263F
S2120F102809ECF034C301046CF028ECF028C37A
S2120F10360030B746EEF02AED40B75413B7461B
S2120F1044351800AE00003A6CF02E3A6CF02E07
S2120F1052ECF02E3BECF02E3BEDF026351800A2
S2120F1060AE0000167C7D1800AE00001800AE25
S2110F106E0000167B44270A1AF01818000021
S2120F107B000120081AF0181800000000ECF014
S2110F10892E3BECF02E3BEDF026351800AE9A
S2120F10960000167C6FECF01C167DF1167B63C7
S2120F10A43A6CF02E3A6CF02EECF02E3BECF081
S2120F10B22E3BECF02CC30032B746ED4035183F
S2120F10C000AE0000167C293A6CF0323A6CF047
S2120F10CE32ECF0323BECF0323BEDF0283518EA
S2120F10DC00AE0000167C7D1800AE0000180057
S2120F10EAAE0000167B44270A1AF016180000F8
S2120F10F8000120081AF0161800000000ECF099
S2110F1106323BECF0323BEDF028351800AE12
S2120F11130000167C6FECF01A167DF1167B634B
S2120F11213A6CF0323A6CF032ECF0323BECF0F7
S2120F112F323BCC0001167BFFECF0363BECF0AB
S2110F113D363B1800AE00011800AE0000167D
S2120F114A7B8D167B633A6CF0323A6CF03219DE
S2120F1158F030180240861802428819F02C1844
S2110F116602408218024284CD77986D804AB1
S2110F1173BE003AECF034C30003B746E6406A
S2120F1180C1042609E6F03C8759596BF03CEC8B
S2120F118EF034C30003B746E640C105260CE654
S2120F119CF03CB716CC0003136BF03CECF032B1
S2110F11AA3BECF0323B1800AEFFFF1800AE16
S2120F11B70000167B8D1B8231E6F03C87B74595
S2120F11C5B764B756137C2D86ECF03DF32D86DF
S2110F11D37C2D8CEDF03D6D84E6F03A87C361
S2120F11E001C1167DF1306E82306E82CC00C2D9
S2110F11EE4AA7713987C1002707CC000118EA
S2120F11FB200185ECF0323BECF0323B1800AED4
S2120F1209FFFF1800AE0000167B8D1B82316DA6
S2120F121784CE0004E6F03A871815C301C916F8
S2120F12257DF1306E82306E82CC00C24AA77109
S2110F12333987C1002707CC000118200143A2
S2120F1240EDF02A8D0008260A1AF0141800008A
S2120F124E00002040EDF02A8D000A260A1AF046
S2120F125C1218000000012024EDF02A8D000469
S2120F126A260A1AF010180000000220081AF0CC
S2120F12781018000000031AF01019F0121802DA
S2120F128600401AF01219F01418020040ECF097
S2120F12942E3BECF02E3B1800AEFFFF1800AE00
S2120F12A20000167B8D1B82316D8CECF014CE87
S2120F12B0000A167A05B746EE8CB7646E8AAA49
S2120F12BE8AEA8B6CF0206C84CE0004E6F03AC1
S2120F12CC871815C301CD167DF1306E82306E79
S2110F12DA82CC00C24AA7713987C1002707D2
S2120F12E7CC000118200095E6F03A876C8E8C2E
S2120F12F500002720ED8E8D0001272EED8E8D2A
S2120F13030002273CED8E8D0004274AED8E8DDE
S2120F13110006275818200067FD2D866D84FDF8
S2100F131F2D8C6D82CD77716D804ABE005C
S2110F132B3A2052FD2D866D84FD2D8C6D82AF
S2100F1338CD774E6D804ABE003A203DFD7A
S2120F13442D866D84FD2D8C6D82CD772B6D80E2
S2100F13524ABE003A2028FD2D866D84FD53
S2100F135E2D8C6D82CD77086D804ABE0086
S2110F136A3A2013FD2D866D84FD2D8C6D82AF
S2110F1377CD76E56D804ABE003ACC00001B17
S2120F1384F0360A3B1BF152ECF0AEC300B26C13
S2120F1392F062ECF0AEC3003E6CF068ECF0625A
S2120F13A0C3000AB746EC408401C4008C000060
S2120F13AE273EECF068C3000AB746EC408408F2
S2120F13BCC4008C00002723ECF068C3000AB7AD
S2110F13CA46EC408401C4008C00002708CDBF
S2120F13D76E4A6DF060204CCD709D6DF060205C
S2110F13E544CD70BD6DF060203CECF068C389
S2120F13F2000AB746EC408408C4008C000027A3
S2120F140023ECF068C3000AB746EC408401C424
S2120F140E008C00002708CD707D6DF060200E5C
S2120F141CCD6E4A6DF0602006CD70DD6DF0606F
S2120F142ACD00206D82EDF0606D8019F07AB760
S2110F1438644ABEBC3AECF068C30012B7461B
S2120F1445ED408D0000271ACD00206D82ECF0D2
S2120F145368C30012B746ED406D8019F07AB7E9
S2110F1461644ABEBC3AECF068C30006B746FE
S2120F146EE64087B746351800AE00003A6CF021
S2120F147C783A6CF078ECF068C30005B746E6D9
S2120F148A4087B746351800AE00003A6CF06C7F
S2120F14983A6CF06CECF068C30004B746E64002
S2120F14A687B746351800AE00003A6CF0663A6F
S2120F14B46CF066ECF068C30007B745E600CD97
S2110F14C270FD87596D8AE38AB746EC401619
S2120F14CF7DF13A6CF0743A6CF074ECF068C372
S2120F14DD0007B745E600CD72FD87596D8AE30E
S2120F14EB8AB746EC40167DF13A6CF0703A6CFC
S2120F14F9F0701AF09A1800000000ECF09A59E6
S2120F15076C8E19F07A6D8AE38AB746ED406D4A
S2120F15158CEC8E1AF09C6E8AE38AB746EE8C2C
S2120F15236E40EDF09A026DF09A8D00092DD2F3
S2120F1531ECF09C167DF1ECF0703BECF0703B8E
S2120F153F167C29CC0007167BED1800AE07FFB2
S2120F154D1800AE0000167B442F111AF05C1823
S2120F155B0000000018000207FF18200062ECC8
S2120F1569F09C167DF1ECF0703BECF0703B162C
S2120F15777C29CC0007167BED1800AEF8001886
S2120F158500AEFFFF167B442C0F1AF05818000E
S2120F159300FFFF180002F800201FECF09C1659
S2120F15A17DF1ECF0703BECF0703B167C29CC25
S2120F15AF0007167BED3A6CF05A3A6CF05A1A9B
S2120F15BDF05819F05C1802004018020242ECBB
S2120F15CBF05E3BECF05E3B1B8231B764840F84
S2120F15D9C4FF6CF07AECF09E167DF1ECF07805
S2120F15E73BECF0783B167C29ECF0A4167DF159
S2120F15F5ECF0783BECF0783B167C29167B6307
S2120F1603ECF07C3BECF07C3B167C29CC001107
S2120F1611167BED1800AE07FF1800AE00001691
S2120F161F7B442F111AF054180000000018001C
S2120F162D0207FF182000A0ECF09E167DF1ECD1
S2120F163BF0783BECF0783B167C29ECF0A4160A
S2120F16497DF1ECF0783BECF0783B167C291622
S2120F16577B63ECF07C3BECF07C3B167C29CCE6
S2110F16650011167BED1800AEF8001800AE51
S2110F1672FFFF167B442C0F1AF050180000D7
S2110F167FFFFF180002F800203EECF09E164C
S2120F168C7DF1ECF0783BECF0783B167C29EC09
S2120F169AF0A4167DF1ECF0783BECF0783B16E2
S2120F16A87C29167B63ECF07C3BECF07C3B164B
S2120F16B67C29CC0011167BED3A6CF0523A6C84
S2120F16C4F0521AF05019F05418020040180297
S2120F16D20242ECF0563BECF0563B1B8231B753
S2120F16E064840FC4FF6CF07CECF0A0167DF156
S2120F16EEECF0783BECF0783B167C29ECF0A283
S2120F16FC167DF1ECF0783BECF0783B167C296F
S2120F170A167B78ECF07C3BECF07C3B167C29D3
S2120F1718CC0011167BED1800AE07FF1800AEC2
S2110F17260000167B442F111AF04C1800001F
S2120F1733000018000207FF182000A0ECF0A020
S2120F1741167DF1ECF0783BECF0783B167C2929
S2120F174FECF0A2167DF1ECF0783BECF0783B58
S2120F175D167C29167B78ECF07C3BECF07C3B80
S2120F176B167C29CC0011167BED1800AEF80088
S2120F17791800AEFFFF167B442C0F1AF0481810
S2120F17870000FFFF180002F800203EECF0A056
S2120F1795167DF1ECF0783BECF0783B167C29D5
S2120F17A3ECF0A2167DF1ECF0783BECF0783B04
S2120F17B1167C29167B78ECF07C3BECF07C3B2C
S2120F17BF167C29CC0011167BED3A6CF04A3AD8
S2120F17CD6CF04A1AF04819F04C18020040183B
S2120F17DB020242ECF04E3BECF04E3B1B82310E
S2110F17E9B764840FC4FF6CF07EECF0A21600
S2120F17F67DF1ECF0703BECF0703B167C29CCCE
S2110F18040007167BED1800AE07FF1800AEAC
S2110F18110000167B442F111AF0441800003B
S2120F181E000018000207FF18200062ECF0A270
S2120F182C167DF1ECF0703BECF0703B167C294D
S2120F183ACC0007167BED1800AEF8001800AEB7
S2110F1848FFFF167B442C0F1AF0401800000F
S2110F1855FFFF180002F800201FECF0A2168F
S2120F18627DF1ECF0703BECF0703B167C29CC61
S2120F18700007167BED3A6CF0423A6CF0421A07
S2120F187EF04019F0441802004018020242EC27
S2120F188CF0463BECF0463B1B8231B764840FF0
S2120F189AC4FF6CF080ECF0A4167DF1ECF07835
S2120F18A83BECF0783B167C29ECF0AA167DF18F
S2120F18B6ECF0783BECF0783B167C29167B6343
S2120F18C4ECF07C3BECF07C3B167C29CC001144
S2120F18D2167BED1800AE07FF1800AE000016CE
S2120F18E07B442F111AF03C1800000000180071
S2120F18EE0207FF182000A0ECF0A4167DF1EC08
S2120F18FCF0783BECF0783B167C29ECF0AA1641
S2120F190A7DF1ECF0783BECF0783B167C29165E
S2120F19187B63ECF07C3BECF07C3B167C29CC22
S2110F19260011167BED1800AEF8001800AE8D
S2110F1933FFFF167B442C0F1AF0381800002B
S2110F1940FFFF180002F800203EECF0A41682
S2120F194D7DF1ECF0783BECF0783B167C29EC45
S2120F195BF0AA167DF1ECF0783BECF0783B1618
S2120F19697C29167B63ECF07C3BECF07C3B1687
S2120F19777C29CC0011167BED3A6CF03A3A6CD8
S2120F1985F03A1AF03819F03C1802004018021B
S2120F19930242ECF03E3BECF03E3B1B8231B7BF
S2120F19A164840FC4FF6CF082ECF0A6167DF186
S2120F19AFECF0783BECF0783B167C29ECF0A8B9
S2120F19BD167DF1ECF0783BECF0783B167C29AB
S2120F19CB167B78ECF07C3BECF07C3B167C2910
S2120F19D9CC0011167BED1800AE07FF1800AEFF
S2110F19E70000167B442F111AF03418000074
S2120F19F4000018000207FF182000A0ECF0A657
S2120F1A02167DF1ECF0783BECF0783B167C2965
S2120F1A10ECF0A8167DF1ECF0783BECF0783B8E
S2120F1A1E167C29167B78ECF07C3BECF07C3BBC
S2120F1A2C167C29CC0011167BED1800AEF800C4
S2120F1A3A1800AEFFFF167B442C0F1AF0301864
S2120F1A480000FFFF180002F800203EECF0A68C
S2120F1A56167DF1ECF0783BECF0783B167C2911
S2120F1A64ECF0A8167DF1ECF0783BECF0783B3A
S2120F1A72167C29167B78ECF07C3BECF07C3B68
S2120F1A80167C29CC0011167BED3A6CF0323A2C
S2120F1A8E6CF0321AF03019F0341802004018BF
S2120F1A9C020242ECF0363BECF0363B1B82317A
S2110F1AAAB764840FC4FF6CF084ECF0A81630
S2120F1AB77DF1ECF0703BECF0703B167C29CC0A
S2110F1AC50007167BED1800AE07FF1800AEE9
S2110F1AD20000167B442F111AF02C18000090
S2120F1ADF000018000207FF18200062ECF0A8A7
S2120F1AED167DF1ECF0703BECF0703B167C298A
S2120F1AFBCC0007167BED1800AEF8001800AEF4
S2110F1B09FFFF167B442C0F1AF02818000063
S2110F1B16FFFF180002F800201FECF0A816C5
S2120F1B237DF1ECF0703BECF0703B167C29CC9D
S2120F1B310007167BED3A6CF02A3A6CF02A1A73
S2120F1B3FF02819F02C1802004018020242EC93
S2120F1B4DF02E3BECF02E3B1B8231B764840F5C
S2120F1B5BC4FF6CF086ECF0AA167DF1ECF07865
S2120F1B693BECF0783B167C29ECF0B0167DF1C5
S2120F1B77ECF0783BECF0783B167C29167B637F
S2120F1B85ECF07C3BECF07C3B167C29CC001180
S2120F1B93167BED1800AE07FF1800AE0000160A
S2120F1BA17B442F111AF02418000000001800C5
S2120F1BAF0207FF182000A0ECF0AA167DF1EC3E
S2120F1BBDF0783BECF0783B167C29ECF0B01677
S2120F1BCB7DF1ECF0783BECF0783B167C29169B
S2120F1BD97B63ECF07C3BECF07C3B167C29CC5F
S2110F1BE70011167BED1800AEF8001800AECA
S2110F1BF4FFFF167B442C0F1AF02018000080
S2110F1C01FFFF180002F800203EECF0AA16B8
S2120F1C0E7DF1ECF0783BECF0783B167C29EC81
S2120F1C1CF0B0167DF1ECF0783BECF0783B164E
S2120F1C2A7C29167B63ECF07C3BECF07C3B16C3
S2120F1C387C29CC0011167BED3A6CF0223A6C2C
S2120F1C46F0221AF02019F0241802004018029F
S2120F1C540242ECF0263BECF0263B1B8231B72B
S2120F1C6264840FC4FF6CF088ECF0AC167DF1B6
S2120F1C70ECF0783BECF0783B167C29ECF0AEEF
S2120F1C7E167DF1ECF0783BECF0783B167C29E7
S2120F1C8C167B78ECF07C3BECF07C3B167C294C
S2120F1C9ACC0011167BED1800AE07FF1800AE3B
S2110F1CA80000167B442F111AF01C180000C8
S2120F1CB5000018000207FF182000A0ECF0AC8D
S2120F1CC3167DF1ECF0783BECF0783B167C29A2
S2120F1CD1ECF0AE167DF1ECF0783BECF0783BC5
S2120F1CDF167C29167B78ECF07C3BECF07C3BF9
S2120F1CED167C29CC0011167BED1800AEF80001
S2120F1CFB1800AEFFFF167B442C0F1AF01818B9
S2120F1D090000FFFF180002F800203EECF0ACC2
S2120F1D17167DF1ECF0783BECF0783B167C294D
S2120F1D25ECF0AE167DF1ECF0783BECF0783B70
S2120F1D33167C29167B78ECF07C3BECF07C3BA4
S2120F1D41167C29CC0011167BED3A6CF01A3A80
S2120F1D4F6CF01A1AF01819F01C180200401843
S2120F1D5D020242ECF01E3BECF01E3B1B8231E6
S2110F1D6BB764840FC4FF6CF08AECF08C1682
S2110F1D787DF1ECF06A3BECF06A3B1800AE14
S2120F1D8500801800AE0000167B78CC0001160A
S2110F1D937BDB167B631800AE07FF1800AE53
S2110F1DA00000167B442F111AF014180000D7
S2120F1DAD000018000207FF1820007CECF08CD8
S2120F1DBB167DF1ECF06A3BECF06A3B1800AEBA
S2120F1DC900801800AE0000167B78CC000116C6
S2110F1DD77BDB167B631800AEF8001800AE1D
S2110F1DE4FFFF167B442C0F1AF0101800009E
S2110F1DF1FFFF180002F800202CECF08C16F7
S2110F1DFE7DF1ECF06A3BECF06A3B1800AE8E
S2120F1E0B00801800AE0000167B78CC00011683
S2120F1E197BDB167B633A6CF0123A6CF0121AF3
S2120F1E27F01019F0141802004018020242ECD8
S2120F1E35F0163BECF0163B1B8231B764840FA1
S2120F1E43C4FFB7466DF08C180086000018001E
S2120F1E5188002019F07A6D84180080000018A3
S2110F1E5F00820072CC00C24AA7E83987C186
S2120F1E6C002705CC00012003CC00001BF0B0B1
S2120F1E7A0A3B1BF1E2ECF01EC300B26CF01C2C
S2110F1E88ECF01EC300C46CF01AECF01EC385
S2120F1E950003B746E640C1052618ECF01CC346
S2120F1EA3000A6CF012ECF300128A02CA00B7A7
S2120F1EB146EEF0126D00ECF01AC30030B74686
S2120F1EBFED408D06002318ECF01CC3000A6CD5
S2120F1ECDF010ECF300108A02CA00B746EEF0D3
S2120F1EDB106D00ECF01CC3000AB746EC4084F6
S2120F1EE900C4108C00002734ECF01AC3003231
S2110F1EF7B746ED408D04382625ECF01AC3D3
S2120F1F04002AB746ED408D02402616ECF01C64
S2120F1F12C3000A6C8EECF3000E8A02CA00B7EC
S2110F1F2046EE8E6D00E6F3001C876C8C8C71
S2120F1F2D00072707ED8C8D00062616ECF01C1D
S2120F1F3BC3000A6C8AECF3000A8A02CA00B7CB
S2120F1F4946EE8A6D00ECF01CC3000AB746EC9D
S2120F1F57408402C4008C0000270A1AF01818E7
S2120F1F650000000020081AF0181800000001F7
S2120F1F73EDF0186D88CD00016D86CD00086D5F
S2120F1F818418008000001800820040CC00C2BA
S2110F1F8F4AA67D3987C1002707CC00011830
S2120F1F9C2000A1ECF01CC3000AB746EC4084F0
S2120F1FAA02C4008C0000270A1AF0161800005A
S2120F1FB8000120081AF0161800000000EDF0C9
S2120F1FC6166D88CD00016D86CD00086D84184F
S2110F1FD4008000001800820205CC00C24AF3
S2110F1FE1A67D3987C1002705CC00012052D0
S2120F1FEEECF01CC3000AB746EC408402C40099
S2120F1FFC8C0000270A1AF014180000000120AF
S2120F200A081AF0141800000000EDF0146D8890
S2110F2018CD00016D86CD000E6D8418008082
S2110F202500001800820208CC00C24AA67DFB
S2100F20323987C1002705CC00012003CC25
S2120F203E00001BF0200A3B1BF1D0ECF030C365
S2120F204C00B26CF02EC3000AB746EC408408B4
S2120F205AC4008C00002707CD6E4A6D8C200543
S2120F2068CD6E6A6D8CCD00206D82ED8C6D8076
S2100F2076198EB7644ABEBC3AECF02EC3BD
S2120F2082000AB746EC408408C4008C00002706
S2120F20900718008A01FC200518008A01F819AF
S2120F209EF02C18028A40ECF02EC30010B74646
S2120F20ACED408D00002719CD00206D82ECF060
S2120F20BA2EC30010B746ED406D80198EB7642A
S2100F20C84ABEBC3A1800860000180088BC
S2120F20D40020198E6D84180080000018008200
S2110F20E2000ACC00C24AA7E83987C10027C4
S2120F20EF05CC00012003CC00001BF0320A3B8C
S2120F20FD1BF1DFECF021C30002B746E640876A
S2120F210B6CF0188C00002732EDF0188D0001D6
S2120F2119274EEDF0188D00021827009EEDF0F1
S2120F2127188D00031827007AEDF0188D0004AF
S2120F21352752EDF0188D0005182700A0182071
S2120F214300B6ECF021C300086CF01EECF02185
S2120F2151C300086CF01C1AF01B180800011AC9
S2120F215FF01A18080001182000AEECF021C38D
S2120F216D00086CF01EECF021C3001A6CF01C7C
S2120F217B1AF01B1808000169F01A1820008EC3
S2110F2189ECF021C300086CF01EECF021C333
S2120F2196001A6CF01C1AF01B1808000169F0F6
S2120F21A41A1820006EECF021C3001A6CF01E05
S2120F21B2ECF021C3001A6CF01C69F01B69F0EC
S2120F21C01A2054ECF021C300086CF01EECF051
S2120F21CE21C3001A6CF01C1AF01B1808000133
S2120F21DC69F01A2036ECF021C3001A6CF01EC4
S2120F21EAECF021C3001A6CF01C69F01B69F0B4
S2120F21F81A201CECF021C300086CF01EECF051
S2120F220621C3001A6CF01C1AF01B18080001FA
S2120F221469F01AECF021C30002B746E640C18F
S2120F222204262CCD00016D88CD00016D86CDF3
S2120F2230000B6D841800800000180082003C22
S2110F223ECC00C04AA67D3987C1002733CCDF
S2120F224B0001182002F0CD00006D88CD0001B6
S2120F22596D86CD000B6D8418008000001800F7
S2110F226782003CCC00C04AA67D3987C1001E
S2120F22742707CC0001182002C4E6F01B876C6B
S2120F228288CD00016D86CD00046D8418008097
S2110F229000001800820047CC00C04AA67D53
S2110F229D3987C1002707CC000118200297D3
S2120F22AAE6F01A876C88CD00016D86CD000514
S2110F22B86D8418008000001800820047CCCF
S2100F22C500C04AA67D3987C1002707CC51
S2120F22D100011820026AECF021C30003B74686
S2120F22DFE640C104260A1AF016180000000189
S2120F22ED20081AF0161800000000E6F0176B17
S2120F22FBF020876C88CD00026D86CD00086D32
S2120F23098418008000001800820048CC00C028
S2110F23174AA67D3987C1002707CC000118A4
S2120F232420021AECF021C30003B746E640C1B4
S2120F233204260A1AF014180000000120081ADC
S2120F2340F0141800000000E6F0156BF0208772
S2120F234E6C88CD00026D86CD00086D841800D9
S2120F235C8000001800820049CC00C04AA67D03
S2110F236A3987C1002707CC0001182001CAD3
S2120F2377ECF021C30003B746E640C104260A69
S2120F23851AF012180000000120081AF01218A5
S2120F239300000000E6F0136BF020876C88CD7C
S2120F23A100026D86CD00036D841800800000CC
S2110F23AF1800820048CC00C04AA67D398772
S2120F23BCC1002707CC00011820017AECF02193
S2120F23CAC30003B746E640C104260A1AF010F9
S2110F23D8180000000120081AF01018000071
S2120F23E50000E6F0116BF020876C88CD00022A
S2120F23F36D86CD00036D841800800000180064
S2110F2401820049CC00C04AA67D3987C10075
S2120F240E2707CC00011820012AEDF01E02E66B
S2120F241C40876C8C8C00062715ED8C8D000803
S2120F242A270EED8C8D00072707ED8C8D000911
S2120F243826091AF02018080001200369F0206C
S2120F2446ECF021C30003B746E640C10426079C
S2120F24541AF02018080004E6F020876C88CDDA
S2120F246200036D86CD000D6D841800800000FF
S2110F24701800820048CC00C04AA67D3987B0
S2120F247DC1002707CC0001182000B9EDF01C97
S2120F248B02E640876C8A8C00062715ED8A8DB8
S2120F24990008270EED8A8D00072707ED8A8DA7
S2120F24A7000926091AF0201808000120036904
S2120F24B5F020ECF021C30003B746E640C1044A
S2120F24C326071AF02018080004E6F020876C93
S2120F24D188CD00036D86CD000D6D841800803B
S2110F24DF00001800820049CC00C04AA67D00
S2110F24EC3987C1002705CC0001204AECF00F
S2120F24F921C30154B746E640C101260718005E
S2120F25078E0003200518008E0000E68F6BF086
S2120F251520876C88CD00026D86CD000E6D847B
S2120F252318008000001800820000CC00C24A8C
S2110F2531A67D3987C1002705CC00012003C9
S2110F253ECC00001BF0230A3B1B96EC8AC353
S2120F254B01446C86EC8AC3014C6C88CD76BBBF
S2100F25596D804ABE003A792EF8EC884AD6
S2110F2565A6123C87C1002707CC00011820E6
S2120F2572009BE6F30008C1002710E6F30008F2
S2110F2580876C82CD76A96D804ABE003AE6C4
S2120F258DF30008C100260CF62EFA8740508287
S2120F259B006C8420051800840001F62EFA87C7
S2120F25A9E3847B2EFAE6F30008C108250BEC40
S2120F25B788C30006B745C6036B00E6F30008A0
S2120F25C5C1002705CC00002041ED8802E6403D
S2120F25D3C101260DEC88C30006B745C6026B85
S2120F25E100200BEC88C30006B745C6036B0040
S2120F25EFEC86C30002B746EC408410C4008C86
S2120F25FD0000270BEC88C30006B745C6036B1D
S2110F260B00CC00001B8C0A3B1B91698D79DB
S2120F26182D85CD00066D82CD00006D80EC8FF7
S20D0F26264ABF003AEC8F4AA8FCEB
S2110F262F3C87C1002707CC0001182002547D
S2110F263CE6F3000FC1002707CC00001820A2
S2110F26490245EC8F4AAF743C87C10027078F
S2120F2656CC000118200233CD00016D82198CC6
S2110F26646D80CC007E4AA9E73C87C1002799
S2120F267107CC000118200217E68CC1002610B9
S2120F267FCD000CEE8FB7616B00CC000018205C
S2110F268D0201EC8F4AA8C83C87C100270742
S2120F269ACC0001182001EFE6F3000FC1002759
S2120F26A807CC0000182001E0E68CC101265F6B
S2100F26B6EC8F4AAD2D3C87C1002707CCE7
S2120F26C20001182001C8E6F3000FC10027071D
S2110F26D0CC0000182001B9EC8F4AAEBD3CBF
S2120F26DD87C1002707CC0001182001A7EC8F3D
S2110F26EB4AB1EB3C87C1002707CC00011851
S2120F26F8200195CD0001EE8F08B7616B00CD67
S2110F270676846D804ABE003ACC0000182085
S2120F2713017BCD00016D82198E6D80CC00808B
S2110F27214AA9E73C87C1002707CC00011826
S2120F272E20015FE68EC1F02709CD000EEE8F5C
S2120F273CB7616B00E6F3000FC100182701040B
S2120F274ACC00001820013F628DE68D876C884C
S2110F2758CD00086D86CD00006D8418008042
S2110F2765000018008200EECC00C44AA67DCE
S2110F27723987C1002707CC00011820011180
S2110F277FCD00016D82198E6D80CC00004AD2
S2110F278CA9E73C87C1002707CC00011820E5
S2120F279900F5E68EC5022604182000A9EC8F68
S2110F27A74AA8943C87C1002707CC000118F4
S2110F27B42000D9E6F3000FC10027041820FF
S2110F27C100A0180B012D85EC8F4AAD2D3CA6
S2120F27CE87C1002707CC0001182000B6E6F3DF
S2120F27DC000FC10027041820007DCD0001EE6F
S2110F27EA8F08B7616B00EC8F4AB1EB3C8790
S2120F27F7C1002707CC00011820008E792D8513
S2100F2805EC8F4AA8C83C87C1002707CC00
S2120F2811000118200079E6F3000FC100270221
S2110F281F2042EC8F4AAEBD3C87C100270754
S2110F282CCC00011820005DEC8F4AB1EB3C8C
S2120F283987C1002705CC0001204DED8F02E66B
S2120F284740C10126022015E68C876C8AB74624
S2120F285503B7616B8CED8A8D00001826FEEE21
S2120F2863CD00006D88CD00086D86CD00006D8F
S2120F287184180080000018008200EECC00C411
S2110F287F4AA67D3987C1002705CC00012031
S2120F288C03CC00001BF0110A3B1B9FCC000074
S2110F289A4AA9733C6B80C1072705E68087AF
S2120F28A7201CCD000AEE81B7616B00EC814A53
S2110F28B5A9303C87C1002705CC0001200389
S2110F28C2CC00001B830A3B1B9FCC00804AF6
S2110F28CFA9733C6B80C1072705E6808720A4
S2110F28DC1CCD000BEE81B7616B00EC814A3E
S2110F28E9A9303C87C1002705CC0001200355
S2110F28F6CC00001B830A3BEC804AAA5C3C1A
S2120F290387C1002705CC00012020E6F3000058
S2120F2911C1002705CC00002013EC804AA894C6
S2100F291F3C87C1002705CC00012003CC2C
S2120F292B00001B820A3B1B9ACD00026D82191C
S2110F2939846D80CC00124AA9E73C87C100D0
S2120F29462705CC00012023E684C1012606E6F5
S2120F295485C103240BCD0009EE86B7616B001C
S2120F29622009CD0000EE86B7616B00CC00009A
S2120F29701B880A3B1BF1ED69896988204BCD49
S2120F297E00086D82198A6D80E68887595959B0
S2120F298CB746E6F014876D84E384874AA9E702
S2110F299A3C87C1002705CC0001203E69F0E8
S2120F29A7122015198AE6F012876D84E384B7A6
S2120F29B546E689EB406B8962F012E6F012C11F
S2120F29C30825E46288E688C11025AFE689C1B4
S2110F29D1002707180086000720051800864F
S2120F29DE0000EC86871BF0150A3B1BF1EC1968
S2120F29EC886D84180080000018008200EECC64
S2100F29FA00C44AA7363987C1002707CC57
S2120F2A0600011820004CEC888400C4FF87B730
S2120F2A14466D8818008AA000C7A6F015AA887F
S2120F2A22EA896C8C19F01B1802408E19F019F9
S2120F2A301AF01218024000ED888D00002707DE
S2120F2A3E180086000420051800860002E687A2
S2110F2A4C6BF010198AB7644AAAB93C871BB5
S2120F2A59F0160A3B1B91CD00086D8219866D94
S2110F2A6780CC00004AA9E73C87C100270578
S2120F2A74CC0001203CE686EA8DC1002709CD76
S2120F2A820008EE8FB7616B0018088E01201C3F
S2120F2A901986E68E876D84E384B746E640C14E
S2120F2A9EFF2709CD0008EE8FB7616B00628E22
S2120F2AACE68EC10725DECC00001BF0110A3B9C
S2110F2ABA1B994AAB4B3C6B86C1012607E605
S2120F2AC786871820007BCD09006D84180080CE
S2110F2AD5000018008200F2CC00C44AA77162
S2110F2AE23987C1002705CC0001205BEC876B
S2110F2AEF4AABC33C87C1002705CC00012071
S2110F2AFC4B4AAB4B3C6B86C1012605E686A8
S2110F2B0987203CEC874AACDB3C87C10027D9
S2110F2B1605CC0001202C4AAC523C6B86C14A
S2120F2B23012605E68687201DE686C1002705DB
S2120F2B31180B062EF8E686C1002709CD765F34
S2110F2B3F6D804ABE003ACC00001B890A1BB1
S2120F2B4C9418008A00101800880064203319B1
S2120F2B5A8A6D84180080000018008200F2CCEE
S2100F2B6800C44AA7363987C1002705CCE9
S2120F2B7400012048EC8A8400C4106C8AED889D
S2110F2B82036D88CC00014A9E043AED888D45
S2120F2B8F00002707ED8A8D001027BFED888DFA
S2110F2B9D00002609CD76356D804ABE003A41
S2120F2BAAED888D000027071800860000200516
S2120F2BB81800860002EC86871B8C0A3B1B96C5
S2120F2BC618008600001800880006ED8A6D8441
S2120F2BD4180080000018008200ECCC00C44AE7
S2110F2BE2A7E83987C1002707CC000118208F
S2120F2BEF005ECD09006D8418008000001800EF
S2110F2BFD8200F2CC00C44AA7713987C100D0
S2120F2C0A2705CC0001203EEC8AC30006B74615
S2120F2C18E640C1062605CC0000202CEC8AC331
S2120F2C260006B746C7A640B7466D8418008056
S2110F2C34000018008200F2CC00C44AA77101
S2100F2C413987C1002705CC00012003CC0A
S2120F2C4D00001B8C0A1B9819866D84180080D9
S2110F2C5B000018008200F2CC00C44AA73615
S2110F2C683987C1002707CC00011820006334
S2120F2C75EC868400C4788C00002605CC000088
S2120F2C832053EC868400C4208C00002705CC5E
S2120F2C9100062043CD0F006D84180080000053
S2110F2C9F18008200F2CC00C44AA7713987D6
S2120F2CACC1002705CC00012023CD0A006D8441
S2120F2CBA180080000018008200F2CC00C44AFA
S2110F2CC8A7713987C1002705CC0001200336
S2120F2CD5CC00001B880A3B1B961800880000D8
S2120F2CE3203519866D841800800000180082B8
S2110F2CF100F4CC00C44AA7363987C100276F
S2120F2CFE05CC00012026EC88ED8AE348B74689
S2120F2D0CEC868400C4FF876B40ED88026D884E
S2120F2D1AEC8AC30004B746EE88AE4025BECC4A
S2110F2D2800001B8C0A3B1B986984EC88C3C7
S2120F2D350004B745CDFFFF6D001984B7644A42
S2110F2D43ADF23C87C1002707CC0001182019
S2120F2D50009DE684C1002610CD000DEE88B75C
S2120F2D5E616B00CC000018200087CD00036DBF
S2120F2D6C8219856D80E684B71602B764874A13
S2110F2D7AA9E73C87C1002707CC00011820F1
S2120F2D870066E685C103260CE686C10C2606FE
S2120F2D95E687C100270ECD000DEE88B7616BE6
S2120F2DA300CC00002046CD00026D8219856D13
S2110F2DB180E684CB04874AA9E73C87C10063
S2120F2DBE2705CC0001202AE685B714B710E6CD
S2120F2DCC86B746EC88C30004B7456D00EC884A
S2120F2DDAC30004B746ED406D82CD76236D80A4
S2110F2DE84ABE003ACC00001B8A0A3B1B9027
S2120F2DF5F62D85C100270718008A000220055C
S2120F2E0318008A0082E68B6B8FCD00026D8260
S2110F2E11198D6D80E68F874AA9E73C87C1B3
S2120F2E1E002707CC000118200091E68DC10496
S2120F2E2C2407CC000018200084F62D85C10068
S2120F2E3A27071800880004200518008800845B
S2120F2E48E6896B8FF62D85C1002707180086CA
S2120F2E56000320051800860080E68D87B7461D
S2120F2E64EC866D84E3846B8C2042CD00016DEE
S2110F2E7282198D6D80E68F874AA9E73C8791
S2120F2E7FC1002705CC00012031E68DC4E0C14E
S2120F2E8D60260DE68FB716EEF010B7616B00DD
S2120F2E9B2019E68D878400C41FB74602E68F07
S2120F2EA9876D84E3846B8FE68FE18C25B8CCA3
S2120F2EB700001BF0120A3B1B99CD00016D8226
S2110F2EC519866D80CC00834AA9E73C87C1B3
S2120F2ED2002707CC000118200095E68687849F
S2110F2EE000C4306C848C00202726ED848DF6
S2120F2EED00202E09ED848D0010270B2023EDFC
S2120F2EFB848D0030270F201AEC87C30002B715
S2120F2F0945C6036B002018EC87C30002B745C1
S2120F2F17C6016B00200BEC87C30002B745C641
S2110F2F25006B00CD760A6D804ABE003A0F95
S2110F2F32868009CD75FF6D804ABE003A0FF0
S2110F2F3F864009CD75F26D804ABE003A0F30
S2110F2F4C862009CD75E56D804ABE003A0F50
S2110F2F59861009CD75D86D804ABE003ACDA2
S2110F2F6675D66D804ABE003ACC00001B8960
S2120F2F730A3B1BF1E1ECF01FC30003B745C687
S2120F2F81FF6B0018008C000018008E00001A60
S2110F2F8FF01018000000001AF012180000D5
S2120F2F9C00001AF01418000000001AF01618A5
S2120F2FAA0000000069F01818200137CD000255
S2110F2FB86D8219F0196D80E6F018B716CC73
S2110F2FC5001213CB36874AA9E73C87C100E0
S2120F2FD22707CC00011820020CE6F019C100EC
S2120F2FE0260BE6F01AC1002604182000FCCDC2
S2120F2FEE00066D8219F0196D80E6F018B71602
S2110F2FFCCC001213CB38874AA9E73C87C1DB
S2120F3009002707CC0001182001D4E6F01B8725
S2120F30178400C40F87B710E6F01AB7466DF0A8
S2120F302516E6F01E878400C40F87B710E6F07D
S2120F30331DB7466DF014E6F01B87475647563E
S2120F30414756475687B710E6F019E3F016B756
S2120F304F466DF012E6F01E8747564756475658
S2120F305D475687B710E6F01CE3F0146CF01021
S2120F306BCD00046D8219F0196D80E6F018B7CF
S2110F307916CC001213CB3E874AA9E73C8702
S2120F3086C1002707CC000118200156E6F01CEB
S2120F309487475647564756475687475647565E
S2120F30A2B710E6F019B746ECF0166D8AA38A43
S2120F30B0B7466D8EE6F01B87475647564756B7
S2120F30BE475687B746E6F01C878400C40F8778
S2120F30CC4756475687595959596D8AAA8AEAA8
S2120F30DA8B87B746ECF0146D8AA38A6C8C2099
S2120F30E80C62F018E6F018C1041825FEC0EDB5
S2120F30F68C6D88ED8E6D86EDF0106D84EDF00E
S2110F3104126D82CD75B26D804ABE003A691D
S2110F3111F018182000AEE6F01887B746CC71
S2120F311E002413B746CE5CF0B7646E8AE38AC1
S2120F312CB746EEF012AE40270418200089E6D4
S2120F313AF01887B746CC002413B746CE5CF2CB
S2120F3148B7646E8AE38AB746EEF010AE4027E5
S2120F31560418200067E6F01887B746CC002452
S2120F316413B746CE5CF4B7646E8AE38AB7469E
S2120F3172EE8EAE4027022048E6F01887B746CE
S2120F3180CC002413B746CE5CF6B7646E8AE317
S2120F318E8AB746EE8CAE4027022029E6F018D0
S2120F319C87B746CC002413B746CE5CE8B76460
S2120F31AA6E8AE38AB746E640B716ECF01FC3F0
S2120F31B80003B745B7616B00200C62F018E6F7
S2120F31C6F018C1141825FF49ECF01FC30003C4
S2110F31D4B746E640876C82CD75956D804A34
S2110F31E1BE003ACC00001BF0210A3B1B90ED
S2120F31EEF62D85C100270718008A000220055F
S2120F31FC18008A0082E68B6B8FCD00016D8265
S2110F320A198E6D80E68F874AA9E73C87C1B5
S2120F3217002707CC0001182000EFE68EC1043A
S2110F32252706E68EC1002607CC00001820F5
S2120F323200DCF62D85C1002707180088000463
S2120F324020051800880084E6896B8FEB8E6BD6
S2120F324E8C2039CD00016D82198D6D80E68FB4
S2110F325C874AA9E73C87C1002707CC000171
S2120F3269182000A3E68DC4E0C14026022019EF
S2120F3277E68D878400C41FB74602E68F876D6C
S2120F328584E3846B8FE68FE18C25C1628FE6A3
S2120F32938D878400C41FB746E68F876D84E3D1
S2120F32A1846B8C204BCD00016D82198E6D80D4
S2120F32AFE68F876C86B74602B7616B8FEC868C
S2110F32BD4AA9E73C87C1002705CC00012079
S2120F32CA450F8E8014E68EC47FB716ECF010FC
S2120F32D8C30003B745B7616B002014E68E8760
S2110F32E66C82CD75746D804ABE003AE68F7F
S2120F32F3E18C25AFECF010C30003B746E640A3
S2110F3301876C82CD75576D804ABE003ACCA2
S2120F330E00001BF0120A3B1BF1C3ECF03DC390
S2120F331C00A26CF03BECF03DC300B26CF03735
S2110F332AECF03DC3003E6CF039ECF03BC3F9
S2120F33370006B746EC408400C4018C00002749
S2120F33451DECF03BC30004B746EC408400C4FA
S2120F3353088C0000270A1AF03418000000013C
S2120F336120081AF0341800000000E6F0356B56
S2110F336FF036E6F043C100271AECF03BC322
S2120F337C00046CF016ECF300168A00CA01B7B8
S2120F338A46EEF0166D002018ECF03BC3000464
S2120F33986CF014ECF3001484FFC4FEB746EE80
S2120F33A6F0146D00ECF03BC30006B7461AF0AD
S2110F33B41218024000ECF0128400C4048CC6
S2120F33C10000270FECF0128400C4018C0000F1
S2120F33CF260369F043ECF03BC30006B746EC4E
S2120F33DD408402C4008C00002711ECF03DC3A4
S2120F33EB0003B746E640C101260369F043EC27
S2120F33F9F03DC30003B746E640C10526036944
S2120F3407F043ECF03BC30006B746EC408400E3
S2120F3415C4108C0000270369F043FD24048DBD
S2120F34230000262AECF03BC30006B7461AF050
S2110F34311018024000ECF0108400C4208C30
S2120F343E0000270FECF0108400C4018C000075
S2120F344C260369F043ECF03BC30006B746ECD0
S2120F345A408401C4008C00002716E6F30039EC
S2120F3468876C8E8C000B2707ED8E8D000A26C4
S2120F34760369F043ECF03BC30006B746EC408C
S2120F34848402C4008C0000271DE6F300398773
S2120F34926C8C8C000C270EED8C8D000B270714
S2120F34A0ED8C8D000A260369F043E6F3003725
S2120F34AE876C8A8C00162707ED8A8D0017266E
S2120F34BC0369F043E6F043C1002709E6F03639
S2120F34CA876CF03220081AF03218000000004F
S2120F34D8EDF0326D88CD00016D86CD00006DD3
S2120F34E68418008000001800820205CC00C279
S2110F34F44AA67D3987C1002707CC000118B6
S2120F35012003550FF043010A1AF03018000091
S2120F350F000120081AF0301800000000EDF042
S2120F351D306D88CD00016D86CD000A6D8418C6
S2110F352B008000001800820260CC00C24A2B
S2110F3538A67D3987C1002707CC000118209B
S2110F354503120FF043010A1AF02E180000B3
S2120F3552000120081AF02E1800000000EDF001
S2120F35602E6D88CD00016D86CD000C6D841883
S2110F356E008000001800820260CC00C24AE8
S2110F357BA67D3987C1002707CC0001182058
S2120F358802CFE6F043C100270A1AF02C1800F7
S2120F359600000220081AF02C1800000003EDAB
S2120F35A4F02C6D88CD00026D86CD00066D846E
S2120F35B218008000001800820261CC00C24A8A
S2110F35C0A67D3987C1002707CC0001182013
S2110F35CD028A0FF043010A1AF02A180000B8
S2120F35DA000120081AF02A1800000000EDF07D
S2120F35E82A6D88CD00016D86CD00006D84180B
S2110F35F6008000001800820261CC00C24A5F
S2110F3603A67D3987C1002707CC00011820CF
S2110F361002470FF043010A1AF028180000B9
S2120F361D000120081AF0281800000000EDF03B
S2120F362B286D88CD00016D86CD000F6D8418BA
S2110F3639008000001800820262CC00C24A1A
S2110F3646A67D3987C1002707CC000118208C
S2110F365302040FF043010A1AF026180000BB
S2120F3660000120081AF0261800000000EDF0FA
S2120F366E266D88CD00016D86CD000E6D84187A
S2110F367C008000001800820262CC00C24AD7
S2110F3689A67D3987C1002707CC0001182049
S2110F369601C10FF043010A1AF024180000BE
S2120F36A3000120081AF0241800000000EDF0B9
S2120F36B1246D88CD00016D86CD000D6D84183A
S2110F36BF008000001800820262CC00C24A94
S2110F36CCA67D3987C1002707CC0001182006
S2110F36D9017E0FF043010A1AF022180000C0
S2120F36E6000120081AF0221800000000EDF078
S2120F36F4226D88CD00016D86CD000C6D8418FA
S2110F3702008000001800820262CC00C24A50
S2110F370FA67D3987C1002707CC00011820C2
S2110F371C013B0FF043010A1AF020180000C1
S2120F3729000120081AF0201800000000EDF036
S2120F3737206D88CD00016D86CD000B6D8418B9
S2110F3745008000001800820266CC00C24A09
S2110F3752A67D3987C1002707CC000118207F
S2110F375F00F80FF043010A1AF01E180000C4
S2120F376C000120081AF01E1800000000EDF0F5
S2120F377A1E6D88CD00016D86CD000D6D841876
S2110F3788008000001800820240CC00C24AEC
S2110F3795A67D3987C1002707CC000118203C
S2120F37A200B5E6F043876C80ECF03D4AB85D4C
S2110F37B03C87C1002707CC00001820009CA6
S2120F37BDE6F043C100261DECF03BC30006B736
S2120F37CB46EC408400C4018C0000260A1AF05B
S2120F37D91C180000000020081AF01C18000034
S2120F37E70001E6F01D6BF0430FF043010A1AC7
S2120F37F5F01A180000000120081AF01A18002B
S2120F3803000000EDF01A6D88CD00016D86CD29
S2120F381100066D84180080000018008201006B
S2110F381FCC00C24AA67D3987C1002705CC14
S2120F382C00012029ECF03BC30002B746E64031
S2120F383AC132230A1AF01818000000012008E9
S2110F38481AF0181800000000ECF018874A60
S2110F3855BA9F3C871BF03F0A3B1BF1ECECC3
S2120F3862F014C300B26C8EECF014C300A26C10
S2120F3870F010EC8EC3000AB746EC408420C45E
S2120F387E008C0000270718008C00012005188C
S2120F388C008C000019F01218028C40E6F01A9D
S2120F389AC1002713ECF010C30006B746EC4033
S2120F38A88400C4018C00002707CC00001820F7
S2120F38B601E3ECF010C30006B746EC408400AA
S2120F38C4C4208C00002607CC0000182001C977
S2120F38D2CD00016D88CD00016D86CD00006D16
S2120F38E08418008000001800820205CC00C27B
S2110F38EE4AA67D3987C1002707CC000118B8
S2120F38FB20019DCD00016D88CD00016D86CD9C
S2120F390900046D84180080000018008202056E
S2110F3917CC00C24AA67D3987C1002707CC19
S2120F3924000118200171CD00016D88CD000145
S2120F39326D86ECF012C30002B7466D841800C7
S2120F39408000001800820001CC00C24AA67D4F
S2110F394E3987C1002707CC00011820014063
S2120F395BCD00006D88CD00016D86ECF0125980
S2120F39695959B746CC00086D8AA38AB7466D2B
S2120F39778418008000001800820002CC00C2E8
S2110F39854AA67D3987C1002707CC00011820
S2120F3992200106CD00016D88CD00016D86CD9B
S2120F39A000016D84180080000018008200439E
S2110F39AECC00C24AA67D3987C1002707CC82
S2120F39BB0001182000DACD00846D84180080FD
S2110F39C900001800820042CC00C24AA77111
S2110F39D63987C1002707CC0001182000B864
S2110F39E3CC00644A9E043ACD00006D88CDDE
S2120F39F000016D86CD00046D84180080000067
S2110F39FE1800820205CC00C24AA67D39874C
S2120F3A0BC1002707CC000118200085CD000152
S2120F3A196D88CD00016D86ECF012595959B725
S2120F3A2746CC00086D8AA38AB7466D84180039
S2120F3A358000001800820002CC00C24AA67D58
S2100F3A433987C1002705CC0001204DCDAF
S2120F3A4F00006D8418008000001800820042F0
S2110F3A5DCC00C24AA7713987C1002705CCDF
S2120F3A6A0001202DCD00006D88CD00016D8669
S2110F3A78CD00016D8418008000001800823C
S2110F3A850043CC00C24AA67D3987C100273A
S2120F3A9205CC00012003CC00001BF0160A3BEB
S2120F3AA01BF1DE19F0206D8418008000001850
S2110F3AAE00820260CC00C24AA7363987C1DD
S2120F3ABB002707CC0001182002F0ECF0208444
S2120F3AC906C4008C0600270369F023E6F023E0
S2120F3AD7C100270A1AF01E18000000FF200874
S2120F3AE51AF01E1800000014EDF01E6D88CDAE
S2120F3AF300086D86CD00086D84180080000058
S2110F3B011800820264CC00C24AA67D3987E8
S2120F3B0EC1002707CC00011820029CE6F0230A
S2120F3B1CC100270A1AF01C18000000FF200830
S2120F3B2A1AF01C1800000012EDF01C6D88CD6E
S2120F3B3800086D86CD00006D8418008000001A
S2110F3B461800820264CC00C24AA67D3987A3
S2120F3B53C1002707CC000118200257E6F0230A
S2120F3B61C100270A1AF01A18000000072008E5
S2120F3B6F1AF01A1800000004EDF01A6D88CD3B
S2120F3B7D00036D86CD00046D841800800000D6
S2110F3B8B1800820265CC00C24AA67D39875D
S2120F3B98C1002707CC000118200212E6F0230A
S2120F3BA6C100270A1AF01818000000072008A2
S2120F3BB41AF0181800000004EDF0186D88CDFA
S2120F3BC200036D86CD00006D84180080000095
S2110F3BD01800820265CC00C24AA67D398718
S2120F3BDDC1002707CC0001182001CDE6F0230B
S2120F3BEBC100270A1AF0161800000000200866
S2120F3BF91AF0161800000008EDF0166D88CDB5
S2120F3C0700046D86CD00006D8418008000004E
S2110F3C151800820266CC00C24AA67D3987D1
S2120F3C22C1002707CC000118200188E6F0230A
S2120F3C30C100270A1AF014180000000320081F
S2120F3C3E1AF0141800000000EDF0146D88CD7B
S2120F3C4C00026D86CD000E6D841800800000FD
S2110F3C5A1800820267CC00C24AA67D39878B
S2120F3C67C1002707CC000118200143E6F0230A
S2120F3C75C100270A1AF01218000000002008DF
S2120F3C831AF012180000003FEDF0126D88CDFB
S2120F3C9100066D86CD00086D841800800000BA
S2110F3C9F1800820267CC00C24AA67D398746
S2120F3CACC1002707CC0001182000FEE6F0230B
S2120F3CBAC100270A1AF010180000000020089C
S2120F3CC81AF0101800000010EDF0106D88CDE9
S2120F3CD600086D86CD00006D8418008000007B
S2110F3CE41800820267CC00C24AA67D398701
S2120F3CF1C1002707CC0001182000B9E6F0230B
S2120F3CFFC100270718008E0003200518008E40
S2120F3D0D0002ED8E6D88CD00026D86CD00048F
S2110F3D1B6D8418008000001800820268CC2E
S2100F3D2800C24AA67D3987C1002707CCD1
S2120F3D3400011820007BE6F023C100270718B9
S2120F3D42008C0003200518008C0002ED8C6D1F
S2120F3D5088CD00026D86CD00006D84180080B1
S2110F3D5E00001800820268CC00C24AA67D45
S2110F3D6B3987C1002705CC0001203FE6F088
S2120F3D7823C100270718008A00002005180038
S2110F3D868A0003ED8A6D88CD00086D86CD8E
S2120F3D9300086D841800800000180082023BA6
S2110F3DA1CC00C24AA67D3987C1002705CC8D
S20F0F3DAE00012003CC00001BF0240ACD
S11175574E617469766520466F726D61742012
S111756566726F6D20564944203D2025640D4A
S1117573006E6F6E2D4E617469766520466F52
S1117581726D61742066726F6D20564944204D
S111758F3D2025640D004E617469766520462A
S111759D6F726D61742066726F6D20445444E9
S11175AB203D2025640D00746F74483D256456
S11175B92C20746F74563D25642C20706F7363
S11175C7483D25642C20706F73563D25640DDD
S11175D5000D0020594362437220343A323ACA
S11175E3320020594362437220343A343A3461
S11175F10020426173696320617564696F0054
S11175FF20556E6465727363616E00204454FF
S111760D56206D6F6E69746F72207375707005
S111761B6F7274733A200D00506879416464F4
S111762972203D203078253034780D00444422
S111763743206D6574686F642069732066617A
S1117645696C7572652E204444432046494604
S11176534F20697320627573792E0D00444434
S1117661432052656164206D6574686F642077
S111766F6973206661696C7572652E204E6F1A
S111767D2041434B2E0D002A2A2A2A2A2A2AAB
S111768B2A2A2A2A2A2A2A2A2A2A2A2A2A2AA1
S11176992A2A2A2048444D49204D6F64652159
S11176A70D0045444944204572726F7220253F
S11176B5303278200D003D3D3D3D3D3D3D3DD4
S11176C33D3D205061727365204544494420CA
S11176D12831737429203D3D3D3D3D3D3D3D36
S11176DF3D3D3D3D0D00757365642046425BE4
S11176ED435F785D20726F77206973202564F7
S11176FB2C20476574524F573D25640D0075D1
S11177097365642046425B435F6D5D20726FC2
S1117717772069732025642C20476574524F37
S1117725573D25640D00757365642046425B74
S1117733595F785D20726F772069732025649A
S11177412C20476574524F573D25640D00758A
S111774F7365642046425B596D685D20726F5D
S111775D772069732025642C20476574524FF1
S111776B573D25640D00757365642046425B2E
S1117779595F6D2B596E725D20726F77206917
S1117787732025642C20476574524F573D250E
S1117795640D00757365642046422063706CB9
S11177A32069732025642C207270662069739F
S10877B12025640D0019
S111C00000140008010E035A00570327003FE6
S111C00E0001020D0015010500060003011CCF
S111C01C020C010C010901AE00040010000822
S111C02A001D00010001001400080140036025
S111C038006403340040000102710017013758
S111C0460004000101500270013C013901B1F7
S111C054000400100008001D0001000100148B
S111C062000A0000035A005A032A003F00019E
S111C070020D002B020B000D00070000000063
S111C07E000000000000000400100004000E8A
S111C08C000100010014000A000003600064BB
S111C09A0334004100010271002D026D000606
S111C0A8000100000000000000000000000481
S111C0B600100004000E000100010014000A36
S111C0C40000067200E405E40029000102EE0B
S111C0D2001A02EA000600010000000000004F
S111C0E0000000000001000B00040005000534
S111C0EE000B0014000A0000067200E405E4D2
S111C0FC0029000102EE001A02EA000600010B
S111C10A00000000000000000000005B00FACE
S111C11800010005001700320014000A0000A8
S111C12607BC00E405E40029000102EE001A43
S111C13402EA00060001000000000000000006
S111C14200000001000B000400050005000BC6
S111C1500014000A00000CE400E405E40029D9
S111C15E000102EE001A02EA000600010000D1
S111C16C00000000000000000001000B0004B1
S111C17A00050005000B0014000A00000F78F9
S111C18800E405E40029000102EE001A02EAB8
S111C196000600010000000000000000000090
S111C1A40001000B000400050005000B001450
S111C1B2000A00000CE400E405E4002900018A
S111C1C002EE001A02EA000600010000000070
S111C1CE00000000000000060042000500060C
S111C1DC0009000B001400010234089800A0B2
S111C1EA0820002D0001046500150231000636
S111C1F800010248046402380233044D0001C1
S111C206000B000400050005000B00140001ED
S111C2140234089800A00820002D00010465E3
S111C2220015023100060001024804640238CF
S111C2300233044D005B00FA00010005001704
S111C23E00320014000002330A5000A0082051
S111C24C002D000104650015023100060001FA
S111C25A024804640238023305290001000B77
S111C268000400050005000B0014000A00008D
S111C276089800A00820002D00010465002A8D
S111C28404620006000100000000000000003B
S111C29200000001000B000200020008000B77
S111C2A00014000A0000089800A00820002DD9
S111C2AE00010465002A04620006000100007D
S111C2BC0000000000000000005B01F400011F
S111C2CA0002002E003F0014000A00000A507B
S111C2D800A00820002D00010465002A046265
S111C2E600060001000000000000000000003F
S111C2F40001000B000200020008000B001401
S111C302000A0000089800A00820002D000189
S111C3100465002A046200060001000000001B
S111C31E0000000000000004001600020005EC
S111C32C0005000B0014000A0000089800A091
S111C33A0820002D00010465002A046200069C
S111C348000100000000000000000000005B87
S111C35600FA00010005001700320014000A6E
S111C36400000A5000A00820002D000104650E
S111C372002A04620006000100000000000022
S111C380000000000004001600020005000585
S111C38E000B0014000A00000ABE00A00820E4
S111C39C002D00010465002A04620006000161
S111C3AA000000000000000000000004001667
S111C3B8000200050005000B0014000A00003E
S111C3C60320007002F000610001020D00244B
S111C3D402040003000100000000000000004D
S111C3E20000001A0061000400100008006151
S111C3F00014000600000348009803180041E2
S111C3FE000101F4001301F30003000000002D
S111C40C0000000000000000001B007E000481
S111C41A000C000600070014000A00000420B5
S111C42800B803D8008100010274001B0273E7
S111C4360004000000000000000000000000F0
S111C444001B00A00004000A00010008001400
S111C45200050000042000D003F0005100019A
S111C4600271001802700003000000000000CA
S111C46E000000000000001800B000040008E8
S111C47C0002000B0014000A00000540010835
S111C48A05080089000103260024032400078E
S111C498000100000000000000000000001B76
S111C4A6008200020006000100040014000AD7
S111C4B40000052000F004F0006100010320E8
S111C4C2001F031F0003000000000000000024
S111C4D0000000000018008C000200050001AE
S111C4DE00070014000A0000069801480648F2
S111C4EC00710001042A002904290003000045
S111C4FA00000000000000000000000400101C
S111C50800010003000300040014000A0000F8
S111C51606980168066800910001042A0029B5
S111C5240429000300000000000000000000D5
S111C5320000000400140001000200010001DA
S111C5400014000A00000700015006A000715C
S111C54E0001031B001903190007000100007F
S111C55C0000000000000000001B00AB000205
S111C56A0004000E00130014000A0000070075
S111C578016406BA008F0001031E001B031BA2
S111C58600030001000000000000000000009F
S111C5940024015700030004000E00130014DD
S111C5A2000A00000748017806F0009000012E
S111C5B004410024043E0004000100000000C9
S111C5BE000000000000003601E70002000447
S111C5CC000E00130014000A0000087001D0D5
S111C5DA081000C1000104E2003104E1000376
S111C5E800000000000000000000000000043D
S111C5F6001800010002000100020014000AF7
S111C60400000770016007000099000103A602
S111C612002003A40007000100000000000047
S111C62000000000003600D5000100030039C0
S111C62E00470014000A000007900170071076
S111C63C0099000103AE002803AC00070001C2
S111C64A00000000000000000000003000F3BB
S111C65800010002001A001B0014000A00007A
S111C66608C001A8083800B1000104410025F5
S111C674043F00070001000000000000000069
S111C68200000018008200010002000A000DF2
S111C6900014000A00000730005006E00021EC
S111C69E00010438001C0436000700010000EF
S111C6AC0000000000000000001B00770001E9
S111C6BA00030019003E0014000A00000820CE
S111C6C8005007D0002100010457001E045644
S111C6D6000700020000000000000000000049
S111C6E40036011500010002003D0042001462
S111C6F2000A00000820005007D000210001BB
S111C70004D3002104D1000700010000000052
S111C70E000000000000001B009A0001000261
S111C71C0011001B004C009900E5017F01CCC8
S111C72A02180266013301330020004001AD05
S111C7380030005AA0015003A00600090015AD
S111C7462106A1079109510A610CA10D810F72
S111C7540110011CA000A00082CD82CD82CD78
S111C762813383FF809983670000004C0099A7
S111C77000E5017F01CC02180266013301339B
S111C77E0020004001B0002C00645001500364
S111C78CA00400060016A1379139513A613C11
S111C79AA13D813E013F014FA270A000A0000E
S111C7A882CD82CD82CD813383FF8099836759
S111C7B60000004C009900E5017F01CC021840
S111C7C40266013301330020004001AD003055
S111C7D2005A0001F007000D002B020B0000BE
S111C7E0000000000000000000000000000047
S111C7EE00000000000082CD82CD82CD813398
S111C7FC83FF809983670000004C009900E5DC
S111C80A017F01CC02180266013301330020C5
S111C818004001B0002C0064F0010006002D69
S111C826026D00000000000000000000000091
S111C83400000000000000000000000082CDA3
S111C84282CD82CD813383FF8099836700000D
S111C850004C009900E5017F01CC021802663D
S111C85E01330133001400290339006E010474
S111C86CF0010006001A02EA000000000000BD
S111C87A0000000000000000000000000000AC
S111C8880000000082CD82CD82CD813383FF7B
S111C896809983670000004C009900E5017F43
S111C8A401CC0218026601330133001400298E
S111C8B20339006E0104F0010006001A02EAC8
S111C8C0000000000000000000000000000066
S111C8CE0000000000000000000082CD82CDBA
S111C8DC82CD813383FF809983670000004C76
S111C8EA009900E5017F01CC021802660133BB
S111C8F801330014002903DE01B80104F0012D
S111C9060006001A02EA000000000000000013
S111C914000000000000000000000000000011
S111C922000082CD82CD82CD813383FF8099C7
S111C93083670000004C009900E5017F01CCF4
S111C93E021802660133013300140029067248
S111C94C06E00104F0010006001A02EA0000F1
S111C95A0000000000000000000000000000CB
S111C968000000000000000082CD82CD82CDD0
S111C976813383FF809983670000004C009991
S111C98400E5017F01CC021802660133013385
S111C9920014002907BC09740104F00100061A
S111C9A0001A02EA000000000000000000007F
S111C9AE000000000000000000000000000077
S111C9BC82CD82CD82CD813383FF8099836743
S111C9CA0000004C009900E5017F01CC02182A
S111C9D802660133013300140029067206E0E2
S111C9E60104F0010006001A02EA000000003D
S111C9F4000000000000000000000000000031
S111CA0200000000000082CD82CD82CD813381
S111CA1083FF809983670000004C009900E5C5
S111CA1E017F01CC02180266013301330016B9
S111CA2C002D044C005800855001A0060007A0
S111CA3A001502319233523462380239024838
S111CA4804640000000000000000000082CD25
S111CA5682CD82CD813383FF809983670000F7
S111CA64004C009900E5017F01CC0218026627
S111CA72013301330016002D044C00580085DA
S111CA805001A0060007001502319233523413
S111CA8E62380239024804640000000000000F
S111CA9C0000000082CD82CD82CD813383FF65
S111CAAA809983670000004C009900E5017F2D
S111CAB801CC02180266013301330016002D72
S111CAC60528013900855001A006000700155F
S111CAD402319233523462380239024804644B
S111CAE20000000000000000000082CD82CDA4
S111CAF082CD813383FF809983670000004C60
S111CAFE009900E5017F01CC021802660133A5
S111CB0C01330016002D044C00580085F00182
S111CB1A0006002A0462000000000000000073
S111CB280000000000000000000000000000FB
S111CB36000082CD82CD82CD813383FF8099B1
S111CB4483670000004C009900E5017F01CCDE
S111CB5202180266013301330016002D044C54
S111CB6000580085F0010006002A046200005F
S111CB6E0000000000000000000000000000B5
S111CB7C000000000000000082CD82CD82CDBA
S111CB8A813383FF809983670000004C00997B
S111CB9800E5017F01CC02180266013301336F
S111CBA60016002D052802100085F00100067F
S111CBB4002A046200000000000000000000DF
S111CBC2000000000000000000000000000061
S111CBD082CD82CD82CD813383FF809983672D
S111CBDE0000004C009900E5017F01CC021814
S111CBEC0266013301330016002D044C00587C
S111CBFA0085F0010006002A0462000000001D
S111CC0800000000000000000000000000001A
S111CC1600000000000082CD82CD82CD81336B
S111CC2483FF809983670000004C009900E5AF
S111CC32017F01CC02180266013301330016A3
S111CC40002D044C00580085F0010006002A67
S111CC4E04620000000000000000000000006E
S111CC5C00000000000000000000000082CD77
S111CC6A82CD82CD813383FF809983670000E1
S111CC78004C009900E5017F01CC0218026611
S111CC86013301330016002D0528021000852D
S111CC94F0010006002A046200000000000007
S111CCA2000000000000000000000000000080
S111CCB00000000082CD82CD82CD813383FF4F
S111CCBE809983670000004C009900E5017F17
S111CCCC01CC02180266013301330016002D5C
S111CCDA055F027E0085F0010006002A046258
S111CCE800000000000000000000000000003A
S111CCF60000000000000000000082CD82CD8E
S111CD0482CD813383FF809983670000035A38
S111CD12000002D001E00360000002C00240F5
S111CD20035A001002D001E00360001002D09C
S111CD2E02400672001C050002D007BC001C67
S111CD3C050002D00898000C078004380A5045
S111CD4A000C078004380898001C0780043889
S111CD580A50001C078004380ABE001C078025
S111CD66043803200010028001E00420001CA9
S111CD74032002580540001004000300069836
S111CD82001C050004000680001C050002D001
S111CD900708001C050003C00700001805502A
S111CD9E030007000018055603000770001C70
S111CDAC05A003840870001C064004B008C0F3
S111CDBA00180690041A08200014078004B024
S111CDC80898001307800438089800130780A9
S105CDD604381B
S11177B6200016B984C7888E02008070A8F0E7
S11177C4120018007C1F21F01000A021080004
S11177D200000000000000000000A00016BB34
S11177E084C7D0890200807500FC12001801D5
S11177EE8ACB2A093000A0230A0006000000FE
S11177FC04000000000000AA004703E400009F
S111780A000000AA004703E4000000F4000B95
S111781803FB00F20007008A005103F803F29C
S111782600000088003E03FE000000B600349F
S111783403F100B60025006A0044000A03FDBB
S11178420000006C004400060000008E003DB3
S111785003FC008E003900600043000F03FEAD
S111785E000000600046000A00000088003FA1
S111786C03FD008A003B00600043000F03FE92
S111787A000000600046000A00000072004298
S109788800050072004738
S2120F40003B1B9EEC82C30004B746E640C1028F
S2120F400E2705CC0000202EEC82C3006CB746B0
S2120F401CE640876C808C00012702200DEC8298
S2120F402AC30005B745C6036B00200BEC82C320
S2120F40380005B745C6006B00CC00001B840ABF
S2110F40463B1BF1EBECF0154A80003D87C1E7
S2120F4053002707CC0001182002A6ECF015C3BC
S2120F40610005B746E640876C8E8C0000275A87
S2120F406FED8E8D0001275DED8E8D000227640D
S2120F407DED8E8D000318270069ED8E8D000462
S2120F408B18270072ED8E8D00051827007BEDAE
S2120F40998E8D000618270084ED8E8D000718FA
S2120F40A727008BED8E8D000818270092ED8EE9
S2120F40B58D000918270095ED8E8D000A18272E
S2120F40C3009C182000A869F01469F01318204E
S2120F40D100A41AF0141808001069F013182037
S2120F40DF00961AF0141808000169F013182046
S2120F40ED00881AF014180800211AF01318088D
S2120F40FB0001182000761AF014180800211A7B
S2120F4109F01318080001182000641AF014189E
S2120F41170800211AF013180800011820005295
S2120F41251AF014180800211AF01318080001DB
S2120F413320421AF014180800211AF01318086C
S2120F4141000120321AF0141808000269F0135D
S2120F414F20261AF014180800011AF01318088C
S2120F415D000120161AF014180800231AF0138B
S2120F416B18080001200669F01469F013E6F03C
S2120F41791387B746CC002613B746CE77B6B7D9
S2110F4187646E8AE38AB7466DF01118008645
S2120F419400001800880026EDF0116D8418004C
S2120F41A280000018008201E0CC00C24AA7E899
S2110F41B03987C1002707CC000118200146F3
S2120F41BDE6F014874756475647564756876C08
S2120F41CB88CD00026D86CD000E6D8418008024
S2110F41D9000018008201E0CC00C24AA67D4F
S2110F41E63987C1002707CC000118200110F3
S2120F41F3E6F014878400C40F876C88CD000397
S2120F42016D86CD00006D84180080000018003A
S2110F420F8201E8CC00C24AA67D3987C100A7
S2110F421C2707CC0001182000DEECF015C3BC
S2120F42290004B746E640876C8C8C0000270911
S2120F4237ED8C8D0001271220201AF0141808A7
S2120F424500021AF01018080002201A1AF014C1
S2120F4253180800221AF01018080003200A6937
S2120F4261F0141AF01018080001E6F01087840B
S2120F426F00C40F876C88CD00026D86CD000B45
S2110F427D6D8418008000001800820046CCEB
S2100F428A00C04AA67D3987C1002707CC6C
S2120F4296000118200067E6F0148747564756BB
S2110F42A447564756876C88CD00026D86CDB5
S2120F42B1000C6D841800800000180082001E9E
S2110F42BFCC00C24AA67D3987C1002705CC6A
S2120F42CC00012033E6F014878400C40F876CC1
S2120F42DA88CD00026D86CD000C6D8418008016
S2110F42E8000018008201E0CC00C24AA67D3F
S2100F42F53987C1002705CC00012003CC40
S2120F430100001BF0170A3B1B93EC8DC3000445
S2120F430FB746E640C1002631EC8DC30008B756
S2120F431D46E640876C8A8C00012702200FECC4
S2120F432B8DC30005B745C6036B00182000743F
S2110F4339EC8DC30005B745C6006B001820BD
S2120F43460065EC8DC30004B746E640C10126A5
S2120F43542DEC8DC3001AB746E640876C8A8C98
S2120F436200012702200DEC8DC30005B745C6DF
S2120F4370036B002038EC8DC30005B745C60062
S2120F437E6B00202BEC8DC3006CB746E6408715
S2120F438C6C8A8C00012702200DEC8DC30005F5
S2120F439AB745C6036B00200BEC8DC30005B7AE
S2120F43A845C6006B00EC8DC30005B746E64019
S2120F43B6876C8A8C00002748ED8A8D00012741
S2120F43C445ED8A8D00022742ED8A8D000327F5
S2120F43D23FED8A8D0004273EED8A8D000527ED
S2120F43E03DED8A8D0006273CED8A8D000727DF
S2120F43EE3BED8A8D0008273AED8A8D000927D1
S2120F43FC37ED8A8D000A2736203A698C203856
S2120F440A698C2034698C203018088C01202A0B
S2120F441818088C01202418088C01201E180886
S2120F44268C01201818088C012012698C200EAD
S2120F443418088C01200818088C012002698CCD
S2120F4442E68C876C88CD00016D86CD00036D6D
S2120F445084180080000018008201E0CC00C225
S2110F445E4AA67D3987C1002705CC00012036
S2110F446B2EE6F013876C88CD00036D86CD0E
S2120F447800006D84180080000018008201E01E
S2110F4486CC00C24AA67D3987C1002705CCA1
S2120F449300012003CC00001B8F0A3BEC804A72
S2110F44A1854A3D87C1002707CC0001182073
S2110F44AE0097EC804AA79D3D87C1002707A9
S2110F44BBCC000118200085EC804A88E43DF7
S2120F44C887C1002707CC000118200073EC8078
S2110F44D64A8CCB3D87C1002705CC00012086
S2110F44E363EC804AA3D53D87C1002705CCAA
S2110F44F000012053EC804A996A3D87C100F9
S2110F44FD2705CC00012043EC804AA1773D37
S2110F450A87C1002705CC00012033EC804A46
S2110F45178A573D87C1002705CC00012023E1
S2100F4524EC804A985B3D87C1002705CC51
S2110F453000012013EC804A80463D87C10035
S2120F453D2705CC00012003CC00001B820A3B92
S2110F454B1BF1CEECF032C3002C6CF030C329
S2120F4558000A6C8CECF3000C849FC4FFB74671
S2120F4566EE8C6D00ECF032C30002B746E64056
S2110F4574876CF02A8C00002720EDF02A8DB2
S2120F458100011827007EEDF02A8D0003182784
S2120F458F0074EDF02A8D00042704182000CAD1
S2120F459DCD00086D82ECF032C300106C80EC7F
S2110F45ABF030C300084ABEBC3AECF032C335
S2120F45B80008B746E640B716EEF030B7616B58
S2120F45C600ECF032C30009B746E640B716EE1B
S2120F45D4F03008B7616B00ECF030C3000A6CD5
S2120F45E28AECF3000A8A20CA00B746EE8A6DEE
S2120F45F0001AF02C18000000021AF02E180009
S2120F45FE000002182000C6CD00086D82ECF0FB
S2110F460C32C300226C80ECF030C300084A69
S2110F4619BEBC3AECF032C3001AB746E640BE
S2110F4626B716EEF030B7616B00ECF032C344
S2120F4633001BB746E640B716EEF03008B7612C
S2120F46416B00ECF030C3000A6C88EDF3000837
S2120F464FEE886D001AF02C18000000031AF00B
S2120F465D2E180000000318200064CD00086D14
S2110F466B82ECF032C300466C80ECF030C3DA
S2110F467800084ABEBC3AECF032C3003EB755
S2120F468546E640B716EEF030B7616B00ECF06D
S2120F469332C3003FB746E640B716EEF03008CB
S2120F46A1B7616B00ECF030C3000A6C86ECF3CA
S2120F46AF00068A40CA00B746EE866D001AF067
S2120F46BD2C18000000001AF02E180000000047
S2120F46CBEDF02C8D0000270A1AF028180000BC
S2120F46D900002049ECF030C3000AB746EC4054
S2120F46E78400C4018C0000270A1AF024180065
S2120F46F500000120081AF0241800000000ED47
S2110F4703F0248D0000270A1AF0261800007B
S2120F4710008020081AF02618000000001AF08D
S2120F471E2619F02818020040ECF02EAAF028FC
S2120F472CEAF0296CF02EEDF02C8D0000270A17
S2120F473A1AF02218000000002049ECF030C3E1
S2120F4748000AB746EC408400C4028C0000271F
S2120F47560A1AF01E180000000120081AF01EA6
S2120F47641800000000EDF01E8D0000270A1A48
S2120F4772F020180000004020081AF020180053
S2120F47800000001AF02019F02218020040EC7C
S2120F478EF02EAAF022EAF0236CF02EECF0309C
S2120F479CC30002B746EC408400C4408C0000F9
S2120F47AA270A1AF01A180000000120081AF04D
S2120F47B81A1800000000EDF01A8D0000270AF8
S2120F47C61AF01C180000002020081AF01C180D
S2120F47D400000000ECF02EAAF01CEAF01D6CA0
S2120F47E2F02EECF030C30002B746EC40840019
S2110F47F0C4108C0000270A1AF016180000DF
S2120F47FD000120081AF0161800000000EDF05C
S2120F480B168D0000270A1AF01818000000106D
S2120F481920081AF0181800000000ECF02EAA67
S2120F4827F018EAF0196CF02EECF030C3000A11
S2120F4835B746EC408404C4008C0000270A1A15
S2120F4843F012180000000120081AF0121800DC
S2120F4851000000EDF0128D0000270A1AF0147A
S2110F485F180000000820081AF014180000BA
S2120F486C0000ECF02EAAF014EAF0156CF02EF9
S2120F487AECF030C3000AB746EC408400C410C2
S2120F48888C0000270718008E00012005180070
S2120F48968E0000ED8E8D0000270A1AF0101807
S2120F48A40000000420081AF010180000000094
S2120F48B2ECF02EAAF010EAF0116CF02EB746BE
S2110F48C06D8418008000001800820140CCA7
S2100F48CD00C24AA7713987C1002705CC2E
S2120F48D900012003CC00001BF0340A3B1BF13D
S2120F48E7C4ECF03CC3002C6CF018C3000AB7EC
S2110F48F546EC408408C4008C00002708CD58
S2120F49026E4A6DF0162006CD6E6A6DF016CD5D
S2120F491000206D82EDF0166D8019F01AB76458
S2110F491E4ABEBC3A1AF03A180000000020FE
S2120F492B36ECF03A596CF01219F02C6D8AE348
S2120F49398AB746ED40CE0004B7641815B75681
S2120F49476DF010ECF0121AF02C6E8AE38AB7A1
S2120F495546EEF0106E40EDF03A026DF03AEDC1
S2110F4963F03A8D000325C21AF03A18000036
S2120F497000002032ECF03A596C8E19F0326DC2
S2120F497E8AE38AB746ED40CE0004B7641815DC
S2120F498CB7566D8CEC8E1AF0326E8AE38AB731
S2120F499A46EE8C6E40EDF03A026DF03AEDF000
S2120F49A83A8D000325C6ECF018C3000AB7467A
S2120F49B6EC408408C4008C0000270A1AF01488
S2110F49C41800007F7C20081AF01418000061
S2120F49D17F3C19F0141AF03818024000ECF074
S2120F49DF18C30010B746ED408D0000271ACD06
S2120F49ED00206D82ECF018C30010B746ED40A8
S2110F49FB6D8019F01AB7644ABEBC3A18005A
S2120F4A08860000180088001E19F01A6D84181C
S2110F4A16008000001800820181CC00C24A0B
S2110F4A23A7E83987C1002705CC0001202326
S2110F4A30EDF0386D8418008000001800822D
S2110F4A3D0180CC00C24AA7713987C100273F
S2120F4A4A05CC00012003CC00001BF03E0A3BFB
S2120F4A581BF1E8ECF018C301046CF014ECF040
S2120F4A6618C30002B746E640876C8E8C000021
S2120F4A742717ED8E8D0001271AED8E8D00038D
S2120F4A822713ED8E8D0004270220141AF01253
S2110F4A90180000000020121AF01218000087
S2120F4A9D000120081AF0121800000100ECF0BD
S2120F4AAB12B701876C88CD00016D86CD00080E
S2110F4AB96D8418008000001800820046CCA7
S2100F4AC600C04AA67D3987C1002707CC28
S2120F4AD20001182001EFECF0128400C4FF87DD
S2120F4AE06C88CD00016D86CD00006D84180029
S2120F4AEE8000001800820047CC00C04AA67D4C
S2110F4AFC3987C1002707CC0001182001BE26
S2120F4B09ECF018C30003B746E640876C8C8CA2
S2120F4B170000272DED8C8D0001274EED8C8DA6
S2120F4B25000218270057ED8C8D0003272AED8F
S2120F4B338C8D000418270059ED8C8D00051888
S2110F4B41270062182000701AF010180000F0
S2120F4B4E00001AF01618000001011820006C67
S2120F4B5C1AF01018000000001AF016180000CD
S2120F4B6A0002182000581AF010180000020261
S2120F4B781AF016180000020320461AF0101846
S2120F4B86000001011AF016180000010120347D
S2120F4B941AF01018000002001AF01618000093
S2120F4BA2000220221AF01018000002001AF06F
S2120F4BB016180000000220101AF01018000051
S2120F4BBE00001AF0161800000100ECF014C3E9
S2120F4BCC002AB746ECF014C3001AB745EE00E9
S2120F4BDAAE40232AECF01684FFC4006CF016D3
S2110F4BE8ECF012B70187C101260718008AEE
S2120F4BF50002200518008A0000ECF016AA8AAF
S2120F4C03EA8B6CF016ECF010B701876C88CDBC
S2120F4C1100026D86CD000E6D84180080000028
S2110F4C1F1800820044CC00C04AA67D3987DD
S2120F4C2CC1002707CC000118200090ECF010F6
S2110F4C3A8400C4FF876C88CD00026D86CD08
S2120F4C47000E6D8418008000001800820045D5
S2110F4C55CC00C04AA67D3987C1002707CCCA
S2120F4C6200011820005FECF016B701876C8873
S2110F4C70CD00026D86CD00036D8418008008
S2110F4C7D00001800820046CC00C04AA67D3D
S2110F4C8A3987C1002705CC00012032ECF061
S2120F4C97168400C4FF876C88CD00026D86CD94
S2120F4CA5000E6D841800800000180082004775
S2110F4CB3CC00C04AA67D3987C1002705CC6E
S2120F4CC000012003CC00001BF01A0A3B1BF16C
S2120F4CCE4AECF0B6C3002C6CF06AECF0B6C3DE
S2120F4CDC006C6CF070ECF06AC3000AB746EC82
S2120F4CEA408401C4008C0000273EECF070C31F
S2120F4CF8000AB746EC408408C4008C00002764
S2120F4D0623ECF070C3000AB746EC408401C4DD
S2120F4D14008C00002708CD6E4A6DF068204C0C
S2120F4D22CD709D6DF0682044CD70BD6DF068AD
S2120F4D30203CECF070C3000AB746EC40840837
S2120F4D3EC4008C00002723ECF070C3000AB7E9
S2110F4D4C46EC408401C4008C00002708CD03
S2120F4D59707D6DF068200ECD6E4A6DF06820EE
S2120F4D6706CD70DD6DF068CD00206D82EDF08C
S2110F4D75686D8019F094B7644ABEBC3A1AF8
S2120F4D82F0B41800000000ECF0B4596CF016F8
S2120F4D9019F0A66D8AE38AB746ED40CE0004F2
S2120F4D9EB7641815B7566DF014ECF0161AF031
S2120F4DACA66E8AE38AB746EEF0146E40EDF060
S2120F4DBAB4026DF0B48D00032DC51AF0B418B8
S2120F4DC800000000ECF0B4596CF01219F0ACBD
S2120F4DD66D8AE38AB746ED40CE0004B7641828
S2120F4DE415B7566DF010ECF0121AF0AC6E8A82
S2120F4DF2E38AB746EEF0106E40EDF0B4026D99
S2110F4E00F0B48D00032DC519F0B218004058
S2110F4E0D7F7CECF070C30012B746ED408DB1
S2110F4E1A0000271ACD00206D82ECF070C34B
S2120F4E270012B746ED406D8019F094B7644A3E
S2110F4E35BEBC3AECF070C30006B746E64070
S2120F4E4287B746351800AE00003A6CF0803A7F
S2120F4E506CF080ECF070C30005B746E64087A6
S2120F4E5EB746351800AE00003A6CF0743A6C8A
S2120F4E6CF074ECF070C30004B746E64087B74C
S2120F4E7A46351800AE00003A6CF06E3A6CF03B
S2120F4E886EECF070C30007B745E600CD70FD68
S2120F4E9687596D8AE38AB746EC40167DF13ACF
S2120F4EA46CF07C3A6CF07CECF070C30007B735
S2120F4EB245E600CD72FD87596D8AE38AB74636
S2120F4EC0EC40167DF13A6CF0783A6CF0781AEA
S2120F4ECEF0B41800000000ECF0B4596C8E190A
S2120F4EDCF0946D8AE38AB746ED406D8CEC8E2F
S2120F4EEA1AF0826E8AE38AB746EE8C6E40EDA3
S2120F4EF8F0B4026DF0B48D00092DD2ECF082EE
S2120F4F06167DF1ECF0783BECF0783B167C292C
S2120F4F14CC0007167BED1800AE07FF1800AE98
S2110F4F220000167B442F111AF064180000D3
S2120F4F2F000018000207FF18200062ECF08248
S2120F4F3D167DF1ECF0783BECF0783B167C29F5
S2120F4F4BCC0007167BED1800AEF8001800AE6F
S2110F4F59FFFF167B442C0F1AF060180000A7
S2110F4F66FFFF180002F800201FECF0821667
S2120F4F737DF1ECF0783BECF0783B167C29CC09
S2120F4F810007167BED3A6CF0623A6CF0621A7F
S2120F4F8FF06019F0641802004018020242EC9F
S2120F4F9DF0663BECF0663B1B8231B764840F68
S2120F4FABC4FF6CF094ECF084167DF1ECF080F1
S2120F4FB93BECF0803B167C29ECF08A167DF15F
S2120F4FC7ECF0803BECF0803B167C29167B63EB
S2120F4FD5ECF0843BECF0843B167C29CC0011EC
S2120F4FE3167BED1800AE07FF1800AE00001686
S2120F4FF17B442F111AF05C1800000000180009
S2120F4FFF0207FF182000A0ECF084167DF1ECE0
S2120F500DF0803BECF0803B167C29ECF08A1608
S2120F501B7DF1ECF0803BECF0803B167C291606
S2120F50297B63ECF0843BECF0843B167C29CCCA
S2110F50370011167BED1800AEF8001800AE45
S2110F5044FFFF167B442C0F1AF058180000C3
S2110F5051FFFF180002F800203EECF084165A
S2120F505E7DF1ECF0803BECF0803B167C29ECED
S2120F506CF08A167DF1ECF0803BECF0803B16E0
S2120F507A7C29167B63ECF0843BECF0843B162F
S2120F50887C29CC0011167BED3A6CF05A3A6C70
S2120F5096F05A1AF05819F05C18020040180273
S2120F50A40242ECF05E3BECF05E3B1B8231B737
S2120F50B264840FC4FF6CF096ECF086167DF14A
S2120F50C0ECF0803BECF0803B167C29ECF08881
S2120F50CE167DF1ECF0803BECF0803B167C2953
S2120F50DC167B78ECF0843BECF0843B167C29B8
S2120F50EACC0011167BED1800AE07FF1800AEB7
S2110F50F80000167B442F111AF0541800000C
S2120F5105000018000207FF182000A0ECF0862E
S2120F5113167DF1ECF0803BECF0803B167C290D
S2120F5121ECF088167DF1ECF0803BECF0803B56
S2120F512F167C29167B78ECF0843BECF0843B64
S2120F513D167C29CC0011167BED1800AEF8007C
S2120F514B1800AEFFFF167B442C0F1AF05018FC
S2120F51590000FFFF180002F800203EECF08664
S2120F5167167DF1ECF0803BECF0803B167C29B9
S2120F5175ECF088167DF1ECF0803BECF0803B02
S2120F5183167C29167B78ECF0843BECF0843B10
S2120F5191167C29CC0011167BED3A6CF0523AC4
S2120F519F6CF0521AF05019F054180200401817
S2120F51AD020242ECF0563BECF0563B1B8231F2
S2110F51BBB764840FC4FF6CF098ECF08816F4
S2120F51C87DF1ECF0783BECF0783B167C29CCB2
S2110F51D60007167BED1800AE07FF1800AEA1
S2110F51E30000167B442F111AF04C18000028
S2120F51F0000018000207FF18200062ECF0887F
S2120F51FE167DF1ECF0783BECF0783B167C2932
S2120F520CCC0007167BED1800AEF8001800AEAB
S2110F521AFFFF167B442C0F1AF048180000FB
S2110F5227FFFF180002F800201FECF088169D
S2120F52347DF1ECF0783BECF0783B167C29CC45
S2120F52420007167BED3A6CF04A3A6CF04A1AEB
S2120F5250F04819F04C1802004018020242EC0B
S2120F525EF04E3BECF04E3B1B8231B764840FD4
S2120F526CC4FF6CF09AECF08A167DF1ECF08021
S2120F527A3BECF0803B167C29ECF090167DF195
S2120F5288ECF0803BECF0803B167C29167B6327
S2120F5296ECF0843BECF0843B167C29CC001128
S2120F52A4167BED1800AE07FF1800AE000016C2
S2120F52B27B442F111AF044180000000018005D
S2120F52C00207FF182000A0ECF08A167DF1EC16
S2120F52CEF0803BECF0803B167C29ECF090163F
S2120F52DC7DF1ECF0803BECF0803B167C291643
S2120F52EA7B63ECF0843BECF0843B167C29CC07
S2110F52F80011167BED1800AEF8001800AE82
S2110F5305FFFF167B442C0F1AF04018000017
S2110F5312FFFF180002F800203EECF08A1690
S2120F531F7DF1ECF0803BECF0803B167C29EC29
S2120F532DF090167DF1ECF0803BECF0803B1616
S2120F533B7C29167B63ECF0843BECF0843B166B
S2120F53497C29CC0011167BED3A6CF0423A6CC4
S2120F5357F0421AF04019F044180200401802F7
S2120F53650242ECF0463BECF0463B1B8231B7A3
S2120F537364840FC4FF6CF09CECF08C167DF17A
S2120F5381ECF0803BECF0803B167C29ECF08EB7
S2120F538F167DF1ECF0803BECF0803B167C298F
S2120F539D167B78ECF0843BECF0843B167C29F4
S2120F53ABCC0011167BED1800AE07FF1800AEF3
S2110F53B90000167B442F111AF03C18000060
S2120F53C6000018000207FF182000A0ECF08C65
S2120F53D4167DF1ECF0803BECF0803B167C294A
S2120F53E2ECF08E167DF1ECF0803BECF0803B8D
S2120F53F0167C29167B78ECF0843BECF0843BA1
S2120F53FE167C29CC0011167BED1800AEF800B9
S2120F540C1800AEFFFF167B442C0F1AF0381850
S2120F541A0000FFFF180002F800203EECF08C9A
S2120F5428167DF1ECF0803BECF0803B167C29F5
S2120F5436ECF08E167DF1ECF0803BECF0803B38
S2120F5444167C29167B78ECF0843BECF0843B4C
S2120F5452167C29CC0011167BED3A6CF03A3A18
S2120F54606CF03A1AF03819F03C18020040189B
S2120F546E020242ECF03E3BECF03E3B1B82315E
S2110F547CB764840FC4FF6CF09EECF08E1624
S2120F54897DF1ECF0783BECF0783B167C29CCEE
S2110F54970007167BED1800AE07FF1800AEDD
S2110F54A40000167B442F111AF0341800007C
S2120F54B1000018000207FF18200062ECF08EB5
S2120F54BF167DF1ECF0783BECF0783B167C296E
S2120F54CDCC0007167BED1800AEF8001800AEE8
S2110F54DBFFFF167B442C0F1AF03018000050
S2110F54E8FFFF180002F800201FECF08E16D4
S2120F54F57DF1ECF0783BECF0783B167C29CC82
S2120F55030007167BED3A6CF0323A6CF0321A57
S2120F5511F03019F0341802004018020242EC77
S2120F551FF0363BECF0363B1B8231B764840F40
S2120F552DC4FF6CF0A0ECF090167DF1ECF08051
S2120F553B3BECF0803B167C29ECF096167DF1CB
S2120F5549ECF0803BECF0803B167C29167B6363
S2120F5557ECF0843BECF0843B167C29CC001164
S2120F5565167BED1800AE07FF1800AE000016FE
S2120F55737B442F111AF02C18000000001800B1
S2120F55810207FF182000A0ECF090167DF1EC4C
S2120F558FF0803BECF0803B167C29ECF0961675
S2120F559D7DF1ECF0803BECF0803B167C29167F
S2120F55AB7B63ECF0843BECF0843B167C29CC43
S2110F55B90011167BED1800AEF8001800AEBE
S2110F55C6FFFF167B442C0F1AF0281800006C
S2110F55D3FFFF180002F800203EECF09016C7
S2120F55E07DF1ECF0803BECF0803B167C29EC66
S2120F55EEF096167DF1ECF0803BECF0803B164D
S2120F55FC7C29167B63ECF0843BECF0843B16A8
S2120F560A7C29CC0011167BED3A6CF02A3A6C18
S2120F5618F02A1AF02819F02C1802004018027B
S2120F56260242ECF02E3BECF02E3B1B8231B70F
S2120F563464840FC4FF6CF0A2ECF092167DF1AA
S2120F5642ECF0803BECF0803B167C29ECF094ED
S2120F5650167DF1ECF0803BECF0803B167C29CB
S2120F565E167B78ECF0843BECF0843B167C2930
S2120F566CCC0011167BED1800AE07FF1800AE2F
S2110F567A0000167B442F111AF024180000B4
S2120F5687000018000207FF182000A0ECF0929B
S2120F5695167DF1ECF0803BECF0803B167C2986
S2120F56A3ECF094167DF1ECF0803BECF0803BC3
S2120F56B1167C29167B78ECF0843BECF0843BDD
S2120F56BF167C29CC0011167BED1800AEF800F5
S2120F56CD1800AEFFFF167B442C0F1AF02018A5
S2120F56DB0000FFFF180002F800203EECF092D1
S2120F56E9167DF1ECF0803BECF0803B167C2932
S2120F56F7ECF094167DF1ECF0803BECF0803B6F
S2120F5705167C29167B78ECF0843BECF0843B88
S2120F5713167C29CC0011167BED3A6CF0223A6C
S2120F57216CF0221AF02019F02418020040181F
S2120F572F020242ECF0263BECF0263B1B8231CA
S2110F573DB764840FC4FF6CF0A4ECF0A61642
S2110F574A7DF1ECF0723BECF0723B1800AEF8
S2120F575700801800AE0000167B78167B6318D5
S2120F576500AE00FF1800AE0000167B442F119A
S2120F57731AF01C180000000018000200FF18A5
S2120F5781200070ECF0A6167DF1ECF0723BECFB
S2120F578FF0723B1800AE00801800AE00001639
S2110F579D7B78167B631800AEFF001800AE79
S2110F57AAFFFF167B442C0F1AF01818000096
S2110F57B7FFFF180002FF002026ECF0A616DC
S2110F57C47DF1ECF0723BECF0723B1800AE7E
S2120F57D100801800AE0000167B78167B633A39
S2120F57DF6CF01A3A6CF01A1AF01819F01C1823
S2120F57ED02004018020242ECF01E3BECF01ECB
S2120F57FB3B1B8231B7648401C4FFB7466DF0C6
S2120F5809A61800860000180088001E19F094DE
S2110F58176D8418008000001800820191CCEF
S2100F582400C24AA7E83987C1002705CC50
S2120F583000012023EDF0B26D841800800000FA
S2110F583E1800820190CC00C24AA77139876E
S2120F584BC1002705CC00012003CC00001BF087
S2120F5859B80A3B1B95698A1800AE00001800AF
S2110F5867AE4120EC8FC3011EB746EC401675
S2110F58747ABFECF013C3012EB746EC4016BA
S20D0F58817ABF167F1016CDD8165B
S2120F588A7A0F6B8AEC8BC30126B746ED406D86
S2110F589884EC8BC3011EB746ED406D82CD2C
S2110F58A579AB6D804ABE003AEC8BC3011242
S2120F58B2B746ED406D84EC8BC3012EB746ED66
S2110F58C0406D82CD79866D804ABE003AE6B7
S2110F58CD8A876C82CD797A6D804ABE003ACC
S2120F58DAE68AC10A220718008800002051E651
S2120F58E88AC10B250DE68AC10E2407CD7872F5
S2120F58F66D88203EE68AC10F250DE68AC11288
S2120F59042407CD78726D88202BE68AC11225F7
S2120F59120DE68AC1182407CD78726D8820180E
S2110F5920E68AC118250DE68AC11A2407CDA8
S2120F592D78726D882005CD78726D88EC884AEA
S2110F593B8D143A87C1002705CC0001201FF0
S2120F5948ED888D00002607180086000020054B
S2110F59561800860001EC86876C80EC8B4AEB
S2110F59638FE43A871B8D0A3B1BF1DAECF040
S2120F597026C3002C6CF022ECF026C3006C6CE5
S2120F597EF020ECF026C301046CF024CD0040A0
S2120F598C6D82CD00006D80ECF026C301044A3C
S2110F599ABF003AECF026C30002B746E64009
S2110F59A7876CF01E8C00022708EDF01E8D99
S2120F59B40005262CEDF02202E640876CF01C54
S2120F59C28C00062708EDF01C8D00082615EC4D
S2120F59D0F022C3000C6CF01AECF3001A59B755
S2120F59DE46EEF01A6D00ECF022C3000CB74632
S2120F59ECEEF024ED40B754C30018B7456D001B
S2120F59FAECF022C3000EB746EEF024ED40B7D9
S2120F5A0854C3001AB7456D00ECF0264AAC9951
S2110F5A163D87C1002717CD00086D82ECF00C
S2110F5A2326C300826C80ECF024C300184AE6
S2110F5A30BEBC3AECF026C30003B746E640B6
S2120F5A3DC1052615ECF024C300186CF018EC0B
S2120F5A4BF3001849B746EEF0186D00ECF02089
S2110F5A59C3000CB746EEF024ED40B754C363
S2120F5A660028B7456D00ECF020C3000EB746C3
S2120F5A74EEF024ED40B754C3002AB7456D0080
S2110F5A82ECF0264AAC683D87C1002717CD13
S2120F5A8F00086D82ECF026C300926C80ECF0DF
S2100F5A9D24C300284ABEBC3AECF026C317
S2120F5AA90003B746E640C1052615ECF024C3F1
S2120F5AB7002A6CF016ECF3001649B746EEF018
S2120F5AC5166D00ECF024C30018B746ED40EE49
S2120F5AD3F0246D00ECF024C3001AB746EEF078
S2120F5AE124ED40B754C30002B7456D00ECF03D
S2120F5AEF24C30018B746EEF024ED40B754C39C
S2120F5AFD0004B7456D00ECF024C3001AB74640
S2120F5B0BEEF024ED40B754C30006B7456D000C
S2120F5B19ECF022C3000AB746EC408400C4101E
S2120F5B278C00002615ECF024C300026CF01460
S2120F5B35ECF3001449B746EEF0146D00ECF0DA
S2120F5B4324C30028B746EEF30024AE40231608
S2120F5B51ECF024C30028B746EEF024ED40B764
S2120F5B5F54C30004B7456D00ECF020C3000AD7
S2120F5B6DB746EC408400C4108C0000272EECC8
S2120F5B7BF024C3002AB746ECF024C30002B78E
S2120F5B8945EE00AE402347ECF024C3002AB7CB
S2120F5B9746EEF024ED40B754C30006B7456D3A
S2120F5BA500202FECF024C3002AB746EC404930
S2120F5BB3B746ECF024C30002B745AD0024162B
S2120F5BC1ECF024C3002AB746EEF024ED40B7F2
S2120F5BCF54C30006B7456D00ECF024C3000467
S2120F5BDDB746EEF024ED40B754C30030B74580
S2120F5BEB6D00ECF024C30006B746EEF024ED76
S2120F5BF940B754C30032B7456D00ECF024C31E
S2120F5C070004B746EEF024ED40B754C300205D
S2120F5C15B7456D00ECF024C30006B746EEF060
S2120F5C2324ED40B754C30022B7456D00ECF0D9
S2110F5C31264AAC373D87C1002717CD000867
S2120F5C3E6D82ECF026C3008A6C80ECF024C357
S2110F5C4C00204ABEBC3AECF024C30028B777
S2120F5C5946EEF024ED40B754C3000CB7456D71
S2120F5C6700ECF024C3002AB746EEF024ED4002
S2110F5C75B754C3000EB7456D00ECF026C304
S2120F5C820003B746E640C1042616ECF024C316
S2120F5C900038B746EEF024ED40B754C3000CB4
S2120F5C9EB7456D00ECF026C30003B746E64090
S2120F5CACC1042616ECF024C3003AB746EEF0FD
S2120F5CBA24ED40B754C3000EB7456D00ECF056
S2120F5CC826C30003B746E640C1052615ECF0CE
S2120F5CD624C3000C6CF012ECF3001249B74614
S2120F5CE4EEF0126D00ECF024C3001AB746ED7A
S2120F5CF2406D84ECF024C30018B746ED406DED
S2110F5D0082CD795E6D804ABE003AECF0262B
S2110F5D0DC30084B746ED406D84ECF026C34E
S2120F5D1A0082B746ED406D82CD79426D804A0D
S2110F5D28BE003AECF024C3002AB746ED404B
S2120F5D356D84ECF024C30028B746ED406D8257
S2110F5D43CD79266D804ABE003AECF026C3DF
S2120F5D500094B746ED406D84ECF026C300922B
S2120F5D5EB746ED406D82CD790A6D804ABE00C5
S2110F5D6C3AECF024C30032B746ED406D84CC
S2110F5D79ECF024C30030B746ED406D82CD30
S2100F5D8678EE6D804ABE003AECF024C3A5
S2120F5D920022B746ED406D84ECF024C30020CF
S2120F5DA0B746ED406D82CD78D26D804ABE00BC
S2110F5DAE3AECF026C3008CB746ED406D842E
S2110F5DBBECF026C3008AB746ED406D82CD92
S2100F5DC878B66D804ABE003AECF024C39B
S2120F5DD4001CB746ED406D84180080000018C6
S2110F5DE200820160CC00C24AA7713987C14C
S2120F5DEF002707CC00011820037AECF024C31F
S2120F5DFD001EB746ED406D841800800000189B
S2110F5E0B00820161CC00C24AA7713987C121
S2120F5E18002707CC000118200351ECF024C31E
S2120F5E260018B746ED406D8418008000001877
S2110F5E3400820162CC00C24AA7713987C1F7
S2120F5E41002707CC000118200328ECF024C31E
S2120F5E4F001AB746ED406D841800800000184C
S2110F5E5D00820163CC00C24AA7713987C1CD
S2120F5E6A002707CC0001182002FFECF024C31F
S2120F5E780024B746ED406D8418008000001819
S2110F5E8600820164CC00C24AA7713987C1A3
S2120F5E93002707CC0001182002D6ECF024C31F
S2120F5EA10026B746ED406D84180080000018EE
S2110F5EAF00820165CC00C24AA7713987C179
S2120F5EBC002707CC0001182002ADECF024C31F
S2120F5ECA0020B746ED406D84180080000018CB
S2110F5ED800820166CC00C24AA7713987C14F
S2120F5EE5002707CC000118200284ECF024C31F
S2120F5EF30022B746ED406D84180080000018A0
S2110F5F0100820167CC00C24AA7713987C124
S2120F5F0E002707CC00011820025BECF024C31E
S2120F5F1C000CB746ED406D841800800000188C
S2110F5F2A00820168CC00C24AA7713987C1FA
S2120F5F37002707CC000118200232ECF024C31E
S2120F5F45000EB746ED406D8418008000001861
S2110F5F5300820169CC00C24AA7713987C1D0
S2120F5F60002707CC000118200209ECF024C31E
S2120F5F6E002CB746ED406D841800800000181A
S2110F5F7C0082016ACC00C24AA7713987C1A6
S2120F5F89002707CC0001182001E0ECF024C31F
S2120F5F97002EB746ED406D84180080000018EF
S2110F5FA50082016BCC00C24AA7713987C17C
S2120F5FB2002707CC0001182001B7ECF024C31F
S2120F5FC00028B746ED406D84180080000018CC
S2110F5FCE0082016CCC00C24AA7713987C152
S2120F5FDB002707CC00011820018EECF024C31F
S2120F5FE9002AB746ED406D84180080000018A1
S2110F5FF70082016DCC00C24AA7713987C128
S2120F6004002707CC000118200165ECF022C320
S2120F6012000AB746EC408400C4108C0000262F
S2120F602015ECF024C3001A6CF010ECF3001011
S2120F602E49B746EEF0106D00ECF020C3000AE6
S2120F603CB746EC408400C4108C00002613EC10
S2120F604AF024C3002A6C8EECF3000E49B74606
S2120F6058EE8E6D00ECF024C3002AB746ECF077
S2120F606624C3001AB745EE00AE402226ECF01B
S2110F607422C3000AB746EC408400C4108C0F
S2120F608100002613ECF024C300326C8CECF3F8
S2110F608F000C49B746EE8C6D00ECF026C3F2
S2120F609C0003B746E640C1042616ECF024C3F8
S2120F60AA0038B746EEF024ED40B754C300287A
S2120F60B8B7456D00ECF026C30003B746E64072
S2120F60C6C1042616ECF024C3003AB746EEF0DF
S2120F60D424ED40B754C3002AB7456D00EDF01B
S2120F60E22002E640876C8A8C0006270EED8A99
S2120F60F08D00072707CC000018200077ECF075
S2120F60FE24C3000C6C88ECF3000859B746EE6E
S2110F610C886D00ECF024C300286C86ECF3C1
S2110F6119000659B746EE866D00ECF024C365
S2120F6126000CB746ED406D8418008000001880
S2110F613400820168CC00C24AA7713987C1EE
S2120F6141002705CC0001202AECF024C300280E
S2120F614FB746ED406D841800800000180082E1
S2110F615D016CCC00C24AA7713987C100271C
S2120F616A05CC00012003CC00001BF0280A3BDA
S2120F61781BF1EEECF012C3002C6C8CECF01248
S2120F6186C3006C6C8AECF012C301046CF010B0
S2120F619418008E0078ECF010C3002AB746EC09
S2120F61A2F010C3001AB745EE00AE402208EC10
S2120F61B08E8A0CCA006C8EECF010C3002AB755
S2120F61BE46ECF010C3001AB745EE00AE4023B5
S2110F61CC08EC8E8A0ACA006C8EECF010C329
S2120F61D9002AB746ECF010C3001AB745EE00CA
S2120F61E7AE402408EC8E84FFC4DF6C8EECF006
S2120F61F510C3002AB746ECF010C3001AB745C9
S2120F6203EE00AE402308EC8E84FFC4D76C8EE0
S2120F6211ECF010C30028B746ECF010C30030B8
S2120F621FB745EE00AE402408EC8E84FFC4BFD9
S2120F622D6C8EECF010C30030B746ECF010C3CA
S2120F623B0018B745EE00AE402308EC8E84FF29
S2120F6249C4EF6C8EEC8E4949496C88CD000967
S2120F62576D86CD00036D8418008000001800C1
S2110F6265820142CC00C24AA67D3987C100D7
S2120F62722707CC000118200156CD00016D88BD
S2110F6280CD00016D86CD00016D84180080E5
S2110F628D00001800820141CC00C24AA67D19
S2110F629A3987C1002707CC00011820012A04
S2120F62A7EC8CC3000AB746EC408400C4108C83
S2120F62B500002732ECF010C3002AB746EC406C
S2120F62C359B746ECF010C3001AB745AD0022CF
S2120F62D119EC8AC3000AB746EC408400C410CE
S2120F62DF8C0000260718008E00012049EC8C5C
S2120F62EDC3000AB746EC408400C4108C0000B5
S2120F62FB2632ECF010C3002AB746EC4059B717
S2120F630946ECF010C3001AB745AD002419EC91
S2110F63178AC3000AB746EC408400C4108C01
S2120F63240000260718008E0001200518008EB8
S2120F63320000ED8E6D88CD00016D86CD000D3E
S2110F63406D8418008000001800820142CC0A
S2100F634D00C24AA67D3987C1002707CC86
S2120F6359000118200072EC8CC3000AB746EC49
S2120F6367408400C4108C0000262FECF010C3EC
S2120F6375002AB746ECF010C3001AB745EE002C
S2120F6383AE402319EC8AC3000AB746EC4084DE
S2120F639100C4108C0000260718008E00012096
S2120F639F0518008E0000ED8E6D88CD00016D86
S2120F63AD86CD00076D84180080000018008251
S2110F63BB0144CC00C24AA67D3987C10027D9
S2120F63C805CC00012003CC00001BF0140A3B8E
S2120F63D61BF1B4ECF04CC3006CB7466DF0181C
S2120F63E4E6F3001887B746CC003013B746CE48
S2120F63F2C000B7646E8AE38A6CF016ECF018E3
S2120F6400C30010B746ED408D0000270DEDF0DF
S2120F640E181AE81019F01618020040CD0030CC
S2110F641C6D82EDF0166D8019F01CB7644A06
S2110F6429BEBC3AECF018C3000AB746EC40B4
S2120F64368400C4108C0000270A1AF0141800F9
S2120F644400000020081AF0141800008000EC6C
S2120F6452F03EAAF014EAF0156CF03EECF04C9B
S2120F6460C30003B746E640C1032712ECF02434
S2120F646EC300286CF024ECF026C300286CF058
S2120F647C26EDF01802E640876C8C8C00062783
S2120F648A07ED8C8D00072623ECF022596CF0E0
S2120F649822ECF024596CF024ECF026596CF030
S2120F64A626ECF028596CF028ECF02A596CF012
S2120F64B42A1800860000180088002419F01C15
S2110F64C26D841800800000180082016ECC5B
S2100F64CF00C24AA7E83987C1002707CC97
S2120F64DB0001182002B8ECF018C30002B746F6
S2120F64E9EC408400C4408C0000270A1AF01204
S2110F64F7180000000120081AF0121800000F
S2110F65040000EDF0126D88CD00016D86CD04
S2120F651100026D841800800000180082014200
S2110F651FCC00C24AA67D3987C1002707CCE5
S2120F652C000118200267CD000A6D88CD00040E
S2120F653A6D86CD00006D8418008000001800DE
S2110F6548820144CC00C24AA67D3987C100EF
S2110F65552707CC00011820023BECF04CC3CA
S2120F65620003B746E640C104260A1AF01A18C0
S2120F6570000000022020ECF04CC30003B746DC
S2120F657EE640C105260A1AF01A1800000002A1
S2120F658C20081AF01A1800000000EDF01A6D25
S2120F659A88CD00026D86CD000E6D8418008031
S2110F65A800001800820147CC00C24AA67DF5
S2110F65B53987C1002707CC0001182001D739
S2120F65C2ECF04CC30003B746E640C104260AB1
S2120F65D01AF01A18000000052020ECF04CC33D
S2120F65DE0003B746E640C105260A1AF01A1843
S2120F65EC0000000120081AF01A180000000028
S2120F65FAEDF01A6D88CD00046D86CD000C6D89
S2120F6608841800800000180082014ACC00C2E1
S2110F66164AA67D3987C1002707CC00011862
S2120F6623200173ECF04CC30003B746E640C1EF
S2120F663104260A1AF010180000000F20081A90
S2120F663FF010180000000619F0101AF01A18C6
S2120F664D024000EDF01A6D88CD00046D86CD6C
S2120F665B00086D84180080000018008201D61B
S2110F6669CC00C24AA67D3987C1002707CC9A
S2120F667600011820011DECF04CC30003B746C0
S2120F6684E640C104260718008E0001200518F8
S2120F6692008E000719F01A18028E40EDF01A4F
S2120F66A06D88CD00046D86CD00006D84180049
S2120F66AE80000018008201D7CC00C24AA67DDD
S2110F66BC3987C1002707CC0001182000D039
S2120F66C9CD00006D88CD00086D86CD00006DEB
S2120F66D7841800800000180082014CCC00C210
S2110F66E54AA67D3987C1002707CC00011893
S2120F66F22000A4CD80806D8418008000001854
S2110F67000082014DCC00C24AA7713987C137
S2120F670D002707CC000118200082EDF04A6D21
S2110F671B82EDF0486D80ECF0464A83CA3AD6
S2120F672887C1002707CC000118200065ECF093
S2120F67364CC30003B746E640C104260A1AF00D
S2120F67441A18000000E42020ECF04CC30003EF
S2120F6752B746E640C105260A1AF01A180000D0
S2110F6760000820081AF01A18000000E4CDFB
S2120F676D00086D88CD00086D86CD00006D8487
S2120F677B1800800000180082014ACC00C24AA7
S2110F6789A67D3987C1002705CC000120032F
S20B0F6796CC00001BF04E0AB9
S109788EA876A876A87696
S1097894A876A890A8905C
S109789AA890A890A8903C
S10978A0A890A8AAA8AA02
S10978A6A8AAA8AAA8AAE2
S10978ACA8AAA8AAA8AADC
S10778B2A8AAA8AA2A
S2120F679D3B1BF1BC19F0401800400000ECF05A
S2120F67AB44C3006CB7466DF042E6F30042C1E1
S2120F67B9142507CC000318200470CD00086DC1
S2120F67C782CD6C3CE6F30042875959596D8619
S2110F67D5E3866C80ECF042C300084ABEBCA1
S2110F67E23AECF044C30003B746E640876C60
S2120F67EFF03E8C00032702203ECD00086D8280
S2120F67FDECF044C300466C80ECF042C300087C
S2110F680B4ABEBC3AECF044C3003EB746E66A
S2120F681840B716EEF042B7616B00ECF044C3CB
S2120F6826003FB746E640B716EEF04208B761E1
S2110F68346B00ECF042C3000A6CF024ECF38E
S2120F6841002484EEC4FFB746EEF0246D00E68A
S2120F684FF30042876CF03C8C0000182D00679B
S2120F685DEDF03C8D00132E5FECF03CCD788EE8
S2120F686B596D86E386B746ED400540ECF042C9
S2120F6879C3000A6CF022ECF300228A10CA004D
S2110F6887B746EEF0226D002046ECF042C33F
S2120F6894000A6CF020ECF300208A11CA00B741
S2120F68A246EEF0206D00202CECF042C3000AEC
S2120F68B06CF01EECF3001E8A11CA00B746EEFF
S2120F68BEF01E6D002012ECF042C3000A6CF0C4
S2120F68CC1CEDF3001CEEF01C6D00ECF042C34A
S2120F68DA000A6CF01AECF3001A84F1C4FFB734
S2120F68E846EEF01A6D00EDF04202E640876CA9
S2120F68F6F03A8C00002748EDF03A8D0001278F
S2120F690464EDF03A8D00021827007EEDF03A93
S2120F69128D000318270098EDF03A8D0004183C
S2120F69202700B2EDF03A8D0005182700CCEDDB
S2110F692EF03A8D0006182700E2EDF03A8DC6
S2120F693B0007182700F81820011219F0401850
S2120F694900400008ECF042C3000A6CF018EC99
S2120F6957F300188A02CA00B746EEF0186D005D
S2120F6965182000EE19F0401800400800ECF065
S2120F697342C3000A6CF016ECF300168A0ACA2E
S2120F698100B746EEF0166D00182000CA19F08B
S2120F698F401800400900ECF042C3000A6CF0FE
S2120F699D14ECF300148A0ECA00B746EEF01480
S2120F69AB6D00182000A619F0401800400800D6
S2120F69B9ECF042C3000A6CF012ECF300128AE8
S2120F69C70ECA00B746EEF0126D0018200082C2
S2120F69D519F0401800400900ECF042C3000A0B
S2120F69E36CF010ECF300108A0CCA00B746EEEC
S2120F69F1F0106D001820005E19F040180040E0
S2120F69FF0800ECF042C3000A6C8EECF3000E9C
S2120F6A0D8A0CCA00B746EE8E6D00203E19F0BA
S2120F6A1B401800400980ECF042C3000A6C8C55
S2120F6A29ECF3000C8A0ECA00B746EE8C6D001A
S2120F6A37201E19F0401800400980ECF042C3F4
S2120F6A45000A6C8AECF3000A8A0CCA00B746E9
S2120F6A53EE8A6D00ECF044C30003B746E64033
S2120F6A61876C888C00042707ED888D000526AD
S2120F6A6F0AECF0408A01CA006CF040ECF042D0
S2120F6A7DC3000AB746EC408404C4008C000029
S2120F6A8B270A1AF036180000000020081AF02E
S2120F6A99361800000001EDF0368D0000270ABB
S2120F6AA71AF038180000800020081AF0381871
S2120F6AB500000000ECF040AAF038EAF0396C52
S2120F6AC3F040ECF042C3000AB746EC408400E9
S2110F6AD1C4048C0000270A1AF032180000CB
S2120F6ADE000120081AF0321800000000EDF03C
S2120F6AEC328D0000270A1AF034180000400002
S2120F6AFA20081AF0341800000000ECF040AA36
S2120F6B08F034EAF0356CF040ECF042C3000AB1
S2120F6B16B746EC408400C4088C0000270A1A0D
S2120F6B24F02E180000000120081AF02E1800A0
S2120F6B32000000EDF02E8D0000270A1AF0303E
S2110F6B40180000200020081AF03018000082
S2120F6B4D0000ECF040AAF030EAF0316CF04099
S2120F6B5BECF042C30002B746EC408480C40044
S2120F6B698C0000270A1AF02A180000000120E0
S2110F6B77081AF02A1800000000EDF02A8D15
S2120F6B840000270A1AF02C1800001000200838
S2120F6B921AF02C1800000000ECF040AAF02CB1
S2120F6BA0EAF02D6CF040ECF042C30002B74650
S2120F6BAEEC408400C4108C0000270A1AF02654
S2110F6BBC180000000120081AF0261800002F
S2120F6BC90000EDF0268D0000270A1AF028189F
S2120F6BD70000004020081AF0281800000000EA
S2120F6BE5ECF040AAF028EAF0296CF040B74614
S2110F6BF36D8418008000001800820145CC4C
S2100F6C0000C24AA7713987C1002705CCD7
S2120F6C0C00012023CD00006D841800800000CC
S2110F6C1A1800820146CC00C24AA7713987C8
S2120F6C27C1002705CC00012003CC00001BF097
S2120F6C35460A3B1B9EEC82C3008AB746ED4014
S2120F6C438D0000270EEC82C3008CB746ED4086
S2120F6C518D0000260718008000002005180092
S2120F6C5F800001EC80871B840A3B1B9EEC8294
S2120F6C6DC30092B746ED408D0000270EEC8256
S2120F6C7BC30094B746ED408D000026071800A4
S2120F6C8980000020051800800001EC80871B9D
S2120F6C97840A3B1B9EEC82C30082B746ED407C
S2120F6CA58D0000270EEC82C30084B746ED402C
S2120F6CB38D0000260718008000002005180030
S20D0F6CC1800001EC80871B840A99
S11178B65B4155585D205A4F4F4D2E773D25AE
S11178C4642C205A4F4F4D2E683D25640D0054
S11178D25B4155585D20735352432E773D257C
S11178E0642C20735352432E683D25640D0022
S11178EE5B4155585D20734D454D2E773D2569
S11178FC642C20734D454D2E683D25640D000F
S111790A5B4155585D20564945572E773D2563
S1117918642C20564945572E683D25640D0009
S11179265B4155585D20734453542E773D2524
S1117934642C20734453542E683D25640D00CA
S11179425B4155585D2043524F502E773D2532
S1117950642C2043524F502E683D25640D00D8
S111795E5B4155585D20734355542E773D25EB
S111796C642C20734355542E683D25640D0091
S111797A726174696F203D2025640D00704D0C
S111798846432D3E73744453542E683D2564CB
S11179962C20704D46432D3E73744352532EE5
S11179A464683D25640D00704D46432D3E730E
S11179B2744355542E683D25642C20704D46B8
S11179C0432D3E73745352432E683D25640DCF
S10479CE00B4
S11179CF286E756C6C20707472207061737376
S10779DD65642900B0
S2120E73033B1BF1C51AF03118000000001820D2
S2120E7311077CE6F30040C1252715E6F3004084
S2120E731F87EDF03B1540EDF031026DF03118A3
S2120E732D20075819F033180040000019F02FF4
S2120E733B180040FFFF19F0371800400000CD76
S2120E73492EFB6DF02C19F02E18084020EDF0DD
S2120E735740026DF0401AF0391800000000E6F5
S2120E7365F30040876CF0228C00202757EDF0C8
S2120E7373228D00232724EDF0228D0020182DEB
S2120E73810064EDF0228D002B272AEDF0228DF3
S2120E738F002D2716EDF0228D00302740204AE6
S2120E739DECF0378A00CA016CF0372046ECF092
S2120E73AB378A00CA046CF037203AECF0378AA8
S2120E73B900CA086CF0371AF02E1808002B20AB
S2120E73C727ECF0378A00CA086CF0371AF02E44
S2120E73D5180800202014ECF0378A00CA106C40
S2120E73E3F03720081AF0391800000001EDF001
S2120E73F1398D00002702200BEDF040026DF0E5
S2110E73FF401820FF60E6F30040874ABFCE20
S2100E740C388C00002723ECF0404ABAA093
S2110E7418396CF0332007EDF040026DF040A9
S2110E7425E6F30040874ABFCE388C000026E6
S2120E7432EB2024E6F30040C12A261CECF042A6
S2120E7440C300026CF042C3FFFEB7461AF033CE
S2110E744E18024000EDF040026DF040E6F32F
S2120E745B0040C12E265CEDF040026DF040E6BD
S2110E7469F30040874ABFCE388C0000272364
S2110E7476ECF0404ABAA0396CF02F2007ED5E
S2120E7483F040026DF040E6F30040874ABFCEA2
S2110E7491388C000026EB2024E6F30040C1E8
S2110E749E2A261CECF042C300026CF042C31E
S2120E74ABFFFEB7461AF02F18024000EDF04016
S2120E74B9026DF040E6F30040C16C2611EDF0B9
S2120E74C740026DF040ECF0378A00CA026CF000
S2120E74D537E6F30040876CF0228C005818271E
S2120E74E30109EDF0228D00582E16EDF0228DCA
S2120E74F10045182704F1EDF0228D00471827EF
S2120E74FF0505206CEDF0228D00631827030B9A
S2120E750DEDF0228D0064276FEDF0228D0065E6
S2120E751B182704BFEDF0228D0066182704C94F
S2120E7529EDF0228D0067182704C9EDF0228DB6
S2120E753700692749EDF0228D006F182700A977
S2120E7545EDF0228D00701827009FEDF0228DBF
S2120E7553007318270303EDF0228D007518271F
S2120E7561008BEDF0228D00781827008120009A
S2120E756FE6F3004087EDF03B1540EDF03102DE
S2120E757D6DF03118200504ECF0378400C402C1
S2120E758B8C00002734ECF042C300046CF04275
S2120E7599C3FFFCB7461AF02418024000180274
S2120E75A74202CD000A6D841AF02418020080EF
S2110E75B518020282ECF02C4ABC6639182033
S2120E75C20212ECF042C300026CF042C3FFFE53
S2120E75D0B7461AF02A18024000CD000A6D8249
S2110E75DEEDF02A6D80ECF02C4ABB2A391811
S2120E75EB2001E8ECF0378400C4028C00002766
S2120E75F920ECF042C300046CF042C3FFFCB759
S2120E760746180242AE180240AE3A6CF0263A14
S2120E76156CF0262015ECF042C300026CF0421C
S2120E7623C3FFFEB7461AF02A18024000E6F322
S2120E76310040C175263FECF0378400C4028C74
S2120E763F0000271ECD000A6D84ECF0263BECF4
S2110E764DF0263B306E82306E82ECF02C4A3A
S2110E765ABE043918200175CD000A6D82EDB4
S2110E7667F02A6D80ECF02C4ABEE839182093
S2120E76740160E6F30040C16F18260066ECF0CB
S2120E7682378400C4018C0000271B19F02C1A4A
S2120E7690F01A18024000EDF01A026DF02CCD26
S2120E769E0030EEF01AB7616B00ECF037840089
S2120E76ACC4028C0000271ECD00086D84ECF084
S2120E76BA263BECF0263B306E82306E82ECF0F5
S2110E76C82C4ABE043918200105CD00086DB1
S2110E76D582EDF02A6D80ECF02C4ABEE839EE
S2120E76E2182000F0E6F30040C170263819F0AE
S2120E76F02C1AF01818024000EDF018026DF07D
S2120E76FE2CCD0030EEF018B7616B0019F02C94
S2120E770C1AF01618024000EDF016026DF02C64
S2120E771ACD0078EEF016B7616B002045ECF051
S2120E7728378400C4018C0000273919F02C1A85
S2120E7736F01418024000EDF014026DF02CCD8B
S2120E77440030EEF014B7616B0019F02C1AF040
S2120E77521218024000EDF012026DF02CE6F357
S2120E77600040B716EEF012B7616B00ECF03775
S2120E776E8400C4028C0000271CCD00106D8413
S2120E777CECF0263BECF0263B306E82306E8232
S2110E778AECF02C4ABE04392011CD00106D17
S2110E779782EDF02A6D80ECF02C4ABEE8392B
S2120E77A4E6F30040C158262ACD2EFB6DF035BA
S2110E77B2201AE6F30035874ABFD13987B797
S2120E77BF46EEF035B7616B00EDF035026DF05C
S2120E77CD35E6F30035C10026DECD2EFB6DF040
S2120E77DB35EDF02F8DFFFF26081AF02F180042
S2120E77E9000000EDF02F8D000018270086CC55
S2110E77F72EFB4ABE0A3C6CF02AEDF02FADBC
S2120E7804F02A182C00721AF02A19F02F18020D
S2120E7812004018200064ECF042C300026CF03A
S2120E782042C3FFFEB746E6416BF028EDF0338E
S2120E782E8D00012F1519F0331AF02F18024098
S2120E783C0069F02919F0286DF0352034E6F0BC
S2120E784A2887EDF03B1540EDF031026DF03163
S2120E78581820022CECF042C300026CF042B771
S2120E7866461AF03518025E00EDF0358D000065
S2120E78742606CD79CF6DF035EDF02F8DFFFF89
S2120E788226081AF02F1800000000EDF0338DC9
S2110E789000002715ECF0354ABE0A3CB74541
S2120E789D6EF010ECF033A3F0106CF033EDF03E
S2110E78AB2F8D0000260AECF0354ABE0A3C72
S2120E78B86CF02FEDF0338D00002713ECF0373A
S2120E78C68400C4088C00002707EDF033036D17
S2120E78D4F033ECF0378400C4108C0000274C06
S2120E78E2ECF0378400C4088C00002710E6F089
S2120E78F02E87EDF03B1540EDF031026DF031B7
S2120E78FEECF0378400C4048C000018260084BC
S2120E790C2016CC0030EDF03B1540EDF03102AB
S2120E791A6DF031EDF033036DF033EDF0338D7E
S2120E792800002EE22062ECF0378400C4048CC1
S2120E7936000026202016CC0020EDF03B15405B
S2120E7944EDF031026DF031EDF033036DF033E1
S2120E7952EDF0338D00002EE2ECF0378400C40C
S2120E7960088C0000272AE6F02E87EDF03B1569
S2120E796E40EDF031026DF0312018E6F30035D4
S2120E797C87EDF03B1540EDF031026DF031ED6B
S2120E798AF035026DF035E6F30035C100271419
S2120E799819F02F1802408EED8E036DF02FEDB7
S2120E79A68E8D000026CCECF0378400C4048CC8
S2120E79B40000182700CE2016CC0020EDF03B6B
S2120E79C21540EDF031026DF031EDF033036D31
S2120E79D0F033EDF0338D00002EE2182000AAE4
S2120E79DE1AF020180000000120261AF02018BD
S2120E79EC00000002201C1AF0201800000000FA
S2120E79FA20121AF020180000000320081AF0C3
S2120E7A08201800000004ECF042C300046CF0E0
S2120E7A1642C3FFFCB7461AF01C1802400018BA
S2120E7A24024202EDF02F8DFFFF26081AF02FFD
S2120E7A321800000006EDF02F6D8AEDF0336D95
S2120E7A4088EDF0376D8619F01C18024082187D
S2120E7A4E024284EDF0206D80CC2EFB4AACF387
S2110E7A5C3D6CF035201E19F0351802408CDA
S2120E7A69ED8C026DF035E6F3000C87EDF03B6B
S2120E7A771540EDF031026DF031E6F30035C12C
S2120E7A850026DAEDF040026DF040E6F300400B
S2110E7A93C1001826F87AECF0311BF03D0A03
S11179E134B745ED84180A4030E77026F830BC
S10479EF3D56
S10E79F08E0000270547560435FB3DC0
S10D79FB8E00002704490435FC3D0A
S10D7A058E00002704590435FC3DEF
S1117A0FEC8418028084180282806C820705C1
S1117A1DEC821B843D1B9EEC842604EC862721
S1117A2B58EC8459807F6A812B52180A84809B
S1117A39811F2252EC8487CA806C84A681814E
S1117A47172212408B17271A64846685668600
S1117A5566870430F5200D8017688765866506
S1117A638565840430F5E7802A176184618507
S1117A7161866187EC86C300016C86EC84C9D3
S1117A7F0089006C841B823D87C76C846C8672
S1117A8D20F5CCFFFF6C846C86E7802BEAB6F4
S1097A9B007F6A8420E371
S1117AA1180280AC1B9E698469856C86270DD3
S1117AAF972A40180884FF180885FF20361B0C
S1117ABD823D180280AC1B9E698469856C862C
S1117ACB270220231B823D1B9EEC842607EC21
S1117AD98626031B823D18088100202C1B9E6C
S1117AE7EC842607EC8626031B823D180A84D5
S1117AF581E7842A176184618561866187ECCC
S1117B0386C300016C86EC84C90089006C8482
S1117B1118088017EC848C010025094966864B
S1117B1F6687628020F2D72B0A688765865538
S1117B2D45638020F3A6808B7F58496C84E763
S10C7B3B812A030C84801B823DA5
S1117B44EC86A3822612EC88AC84270CEC8815
S1117B52A384EC86E283A28210FB18028088D2
S1067B601B883D3E
S1117B63EC88E3846C88EC86E983A9826C8646
S1117B71180280841B843DEC88A3846C88EC8D
S1117B7F86E283A2826C86180280841B843DF9
S1117B8DEC88E485A4846C88EC86E483A482EE
S1117B9B6C86180280841B843DEC88EA85AA5F
S1117BA9846C88EC86EA83AA826C86180280BB
S1117BB7841B843DEC88E885A8846C88EC86E9
S1117BC5E883A8826C86180280841B843D61CC
S10B7BD3826183618461853D38
S1117BDB972603D7270B68856584658365822A
S1117BE90434F53D972603D7270B6782668385
S1117BF7668466850434F53D972603D7270B74
S10F7C0564826683668466850434F53D61
S1117C116182618361846185EC84C300016C2F
S10D7C1F84EC82C90089006C823DE8
S1117C291B936D8AECF015EDF011136D846C55
S1117C3786ECF013EDF01113E3846C84ECF092
S1117C4515ED8F13E3846C84EC846CF013EC67
S1117C53866CF015ED8AEC8D6CF0111BF011AF
S1047C613DE1
S1117C621808AFFF0741EC8C1BF0123B3D18D5
S1117C7008AF01073420F11808AFFF200418F4
S1117C7E08AF010726EC816CF012EC836CF069
S1117C8C1420D91808AFFF071420061808AFFB
S1117C9A01070CEC816C8EEC836CF0101B8CDB
S1117CA83D1B976988ECF014260FECF01226B1
S1117CB60A6C806C826B8405FA012CECF010D1
S1117CC42615EC8E26116C816C83CC7FFF6C30
S1117CD2F012CCFFFF6CF0143DA6F0126A868F
S1117CE0A88E6A85E78B2A47E78B2A43E7F0D4
S1117CEE122A1F61F01261F01361F01461F0AC
S1117CFC15ECF014C300016CF014ECF012C986
S1117D0A0089006CF012E78E2A1B618E618FD7
S1117D1861F01061F011ECF010C300016CF08A
S1117D2610EC8EC90089006C8E18088720CCE2
S1117D3400006C806C826B8468F01565F0149E
S1117D4265F01365F0126584658365826581C2
S1117D506580B720E7882704B70225196288EA
S1117D5EEC83A3F0106C83EC81E28FA28E6C98
S1117D6C81E680C2006B802015EC83E3F010EA
S1117D7A6C83EC81E98FA98E6C81E680C900D0
S1117D886B802B08A6F0158A016AF01563873C
S1117D9626A4E7802A0FEC83E3F0106C83EC44
S1117DA481E98FA98E6C81E78B2A3EE7862A3F
S1117DB2176181618261836184EC83C30001E7
S1117DC06C83EC81C90089006C81E7852A1F61
S1117DCE61F01261F01361F01461F015ECF035
S1117DDC14C300016CF014ECF012C90089000D
S10A7DEA6CF012EC893B3D33
S1117DF1180280AC6C8469826983E7842A04DA
S1087DFF618261833D77
S10E7E0430311BF63A3534B746054018
S1117E0F30311BF61B9C18028480180A8682F0
S1087E1D6E836D850A6F
S1117E22341A8416CF5B3034351B951AF011D8
S1107E3016CEAA27791AF01516CEAA182727
S1117E3D00801AF011198616CED51AF0151908
S1117E4B8116CED5E681E0862728372A01501D
S1117E59C118332C5BD72B0D678766886689AA
S1117E67668A0431F5200F678266836684669E
S1117E758504B1F5E6866B81EC89E3846C84A8
S1107E83EC87E983A9826C826A802A10CC06
S1117E900000A3846C84CC0000E283A2826C08
S1117E9E821A8116CF16272719F015A6801612
S1117EACCEEE1B8B3130180280841B843DE621
S1117EBA81E1862CEFECF0116CF015ECF01366
S1117EC86CF01720E1EC826CF0156CF01720C2
S1047ED6D7D0
S1117ED7343510F01A8A19860E0080060F400A
S1117EE5800C201E0E40800414092016B7D60F
S1117EF3EC00A340260EEC02A3422708EC008C
S1117F01E241A24010FB3130180280881B8838
S1047F0F3D30
S1117F1034351B901AF01A198216CEB11827B8
S1117F1E00891AF016198B16CEB1182700959B
S1117F2CE6F016E8F01A6B8187C76C876C8943
S1117F3A6484668566866687668818088018E3
S1117F48688A658965886587658665856584B0
S1117F5665832510EC85A38E6C85EC83E28D8B
S1117F64A28C6C83200EEC85E38E6C85EC837E
S1117F72E98DA98C6C832B030C8A0163802695
S1117F80C7E682E08B6B82292CE7872634E764
S1117F8E882B0A688A65896588658763821A6C
S1117F9C86A681E6826B0019F01A16CEEE1B43
S1117FAAF0103130180280841B843D2B0A87AE
S1117FB8C76CF01A6CF01C20E8CC7FFF6AF056
S1117FC61A6AF01B6BF01C6BF01DE7812AD5C4
S1097FD41C001A8020CFFE
S111CDD834351BF1EC1AF01E198216CEB11878
S111CDE62700901AF01A198F16CEB12610EC01
S110CDF4F01A6CF01EECF01C6CF0201820FE
S111CE010076ED83ECF010136D876C89ED85DF
S111CE0FECF012136D8B6C8DED83ECF01213AE
S111CE1DE38B6C8BB764E98AA9896C892407BE
S111CE2BEC87C300016C87ED85ECF01013E377
S111CE398B6C8BB764E98AA9896C892407EC99
S111CE4787C300016C87E68FEB82526B8F2944
S111CE552FE7892B0E688B658A6589658863D3
S111CE638F291F20EE1A87180A8F0019F01E5F
S111CE71A6F01AA84016CEEE1BF014313018AD
S111CE7F0280841B843D2A19CC7FFF6AF01EBA
S111CE8D6AF01F6BF0206BF021E7812ADF0CA6
S111CE9BF01E8020D987C76CF01E6CF020209A
S104CEA9CFB5
S111CEAAEC002602EC023D07F72715EC0059B8
S111CEB8807F6A4054CA806B426941EC026C70
S111CEC64310FB3D6940694169426943694478
S111CED43D07DAE7002A10CC0000A3436C43AC
S111CEE2CC0000E242A2416C41A6003D36ECB9
S111CEF0016C402608EC036C422602323DEC35
S111CEFE036C42E602A6008B7F58496C40325A
S111CF0C972A06A6408A806A403DEC0126045E
S111CF1AEC032726E701270E64016602660376
S111CF286604620028F0201FE7022B0E680446
S111CF36650365026501630028F0200386018F
S111CF443D690169026903690420F5690186EB
S111CF52FF6A026A036A0420E916CEAA2706C3
S111CF60A60088806A003D341A8407EF303D35
S1087FDA1D0016073D27
S2120E7AA03B1B982005ED88026D88E6F3000865
S2110E7AAE874ABFA1398C000026ED18008413
S2110E7ABB0000E6F30008C12D260C1800840E
S2120E7AC80001ED88026D88200DE6F30008C161
S2120E7AD62B2605ED88026D881800860000200F
S2110E7AE42318028882ED82026D88ED86CC96
S2120E7AF1000A13B746E6F3000287B745B764E1
S2120E7AFF6E80E3808300306C86E6F300088708
S2100E7B0D4ABFCE388C000026CFED848DCB
S2120E7B1900002708EC86405082002002EC8604
S2070E7B271B8A0A99
S2120E7B2A3B1BF1EB19F01A1AF0111802400070
S2120E7B38EDF01A8D0000261CCD0030EEF01576
S2120E7B46B7616B00CD0000EEF01508B7616B50
S2120E7B5400ECF01518200106EDF01A8D00005C
S2120E7B622C19EDF01C8D000A261118088E0147
S2120E7B70ECF0114151B746026DF0112002697D
S2120E7B7E8E1AF01519F01318020040EEF01CC9
S2120E7B8CECF01118106C8C8C00092E1D19F0E2
S2120E7B9A131802408AED8A026DF013EC8CC3AF
S2120E7BA8003087B746EE8AB7616B00201B19B9
S2120E7BB6F01318024088ED88026DF013EC8C6A
S2120E7BC4C3005787B746EE88B7616B00EEF02B
S2110E7BD21CECF01118106EF011EDF0118D78
S2120E7BDF00001826FFA4E68EC100271619F029
S2120E7BED1318024086ED86026DF013CD002DA5
S2120E7BFBEE86B7616B0019F01318024084EC8C
S2120E7C0984C3FFFF6CF013CD0000EE84B7614F
S2120E7C176B001AF0151802008F2036ED8F182F
S2120E7C250A408E18028F82ED82026D8FE6F3F5
S2120E7C330013B716EE82B7616B0019F0131829
S2120E7C41024080EC80C3FFFFB7466DF013E6E0
S2120E7C4F8EB716EE80B7616B00ED8FADF0139C
S20D0E7C5D25C3ECF0151BF0170A06
S2120E7C663B1BF1E9ECF01E3BECF01E3B3A6CBD
S2120E7C74F0133A6CF013ECF01E3BECF01E3BD9
S2120E7C821800AE00001800AE0000167B44265A
S2120E7C901CCD0030EEF017B7616B00CD000075
S2110E7C9EEEF01708B7616B00ECF01718201B
S2110E7CAB0153ECF01E3BECF01E3B1800AE35
S2120E7CB800001800AE0000167B442C2EEDF0D9
S2120E7CC6208D000A262618088E01ECF0133BC1
S2120E7CD4ECF0133B167BD21800AE0001180023
S2120E7CE2AE0000167B633A6CF0133A6CF0138D
S2120E7CF02002698E1AF01719F01518020040C1
S2120E7CFEECF0133BECF0133BECF024167DF18D
S2120E7D0C167C7D1B82316D8C8D00092E1D1986
S2120E7D1AF0151802408AED8A026DF015EC8CFC
S2120E7D28C3003087B746EE8AB7616B00201B8D
S2120E7D3619F01518024088ED88026DF015EC57
S2120E7D448CC3005787B746EE88B7616B00EC0F
S2120E7D52F0133BECF0133BECF024167DF1160E
S2120E7D607C6F3A6CF0133A6CF013ECF0133B9B
S2120E7D6EECF0133B1800AE00001800AE00003E
S2120E7D7C167B441826FF7BE68EC100271619CE
S2110E7D8AF01518024086ED86026DF015CD40
S2120E7D97002DEE86B7616B0019F0151802402F
S2120E7DA584EC84C3FFFF6CF015CD0000EE8458
S2120E7DB3B7616B001AF0171802008F2036ED1F
S2120E7DC18F180A408E18028F82ED82026D8F8A
S2120E7DCFE6F30015B716EE82B7616B0019F0DC
S2120E7DDD1518024080EC80C3FFFFB7466DF00F
S2120E7DEB15E68EB716EE80B7616B00ED8FAD07
S20F0E7DF9F01525C3ECF0171BF0190A5E
S2120EB85E3B1BF1E41AF018180000000018004C
S2120EB86C0200002007EDF01C026DF01CE6F345
S2110EB87A001C874ABFA1398C000026EBE6A5
S2120EB887F3001CC1002718EDF0238D000027DD
S2110EB8952ECD0001ADF0232C08EDF0238D16
S2120EB8A200242F1EEDF0218D00002708EDF07D
S2120EB8B01CEEF0216D001800AE00001800AE63
S2120EB8BE0000182001E219F0101800400000DD
S2120EB8CCE6F3001CC12D2611EDF01C026DF0E9
S2110EB8DA1C1AF0101800000001200FE6F3F7
S2120EB8E7001CC12B2607EDF01C026DF01CE6B1
S2120EB8F5F3001CC1302636EDF01C02E640872E
S2120EB9036C828C00582707ED828D0078262168
S2120EB911EDF0238D00102708EDF0238D0000BC
S2120EB91F26111AF0231800000010ECF01CC3C0
S2120EB92D00026CF01CEDF0238D0000261BE6CB
S2120EB93BF3001CC130260718008C00082005ED
S2120EB94918008C000A1AF02318028C00EDF07F
S2120EB957238D000A2D0718008A0039200BEDEE
S2120EB965F02303B764C300306C8A19F0121874
S2120EB973028A40EDF0238D000A182F00E0EC3D
S2120EB981F02383000BC300616C8E182000D1DD
S2110EB98FE6F3001C874ABFCE388C0000275A
S2110EB99C16E6F3001C87ACF0122E0CE6F338
S2120EB9A9001C878300306C882034EDF0238D52
S2120EB9B7000A182F00ADE6F3001C874ABDE509
S2110EB9C53A6C8018028088ED808D006118A7
S2120EB9D22D0095ED88AD8E182E008DEC888318
S2120EB9E00061C3000A6C8819F0181AF01418CD
S2120EB9EE02400018024202ECF01A3BECF01A71
S2110EB9FC3BECF027167DF1167C29EC8C1620
S2120EBA097DF1167B633A6CF01A3A6CF01AEC6E
S2120EBA17F01A3BECF01A3BECF01A3BECF01A71
S2120EBA253B167B442C2E180300022F25EDF048
S2120EBA33108D0000270C180084800018008668
S2120EBA410000200A1800847FFF180086FFFF04
S2120EBA4FEC863BEC863B1820004DEDF01C02FC
S2120EBA5D6DF01CE6F3001CC1001826FF25ED4A
S2120EBA6BF0218D00002708EDF01CEEF0216D88
S2120EBA7900EDF0108D00002713ECF01A3BECDB
S2120EBA87F01A3B167C113A6C883A6C88200B2F
S2120EBA951AF0181802008618020288EC883B7B
S20D0EBAA3EC883BCC001E067E0F5B
S2120E7E043B1BF1EF1AF0111802008FECF0186F
S2120E7E123BECF0183BECF01E167DF1167C7D58
S2120E7E201B82316D8A8D00092E1918028F886E
S2120E7E2EED88026D8FEC8AC3003087B746EEE5
S2120E7E3C88B7616B00201718028F86ED86023F
S2120E7E4A6D8FEC8AC3005787B746EE86B7617B
S2120E7E586B00ECF0183BECF0183BECF01E1630
S2120E7E667DF1167C6F3A6CF0183A6CF018EC44
S2120E7E74F0183BECF0183B1800AE000018009D
S2120E7E82AE0000167B441826FF8318028F846F
S2120E7E90EC84C3FFFF6C8FCD0000EE84B7614E
S2120E7E9E6B001AF0111802008D2032ED8D18B2
S2120E7EAC0A408C18028D82ED82026D8DE6F372
S2120E7EBA000FB716EE82B7616B0018028F80AF
S2120E7EC8EC80C3FFFFB7466D8FE68CB716EE46
S2120E7ED680B7616B00ED8DAD8F25C8ECF011F8
S2080E7EE41BF0130A5F
S2120E7EE83B1BF1EF1AF0111802008FEEF01889
S2120E7EF6ECF01618106C8A8C00092E19180265
S2120E7F048F88ED88026D8FEC8AC3003087B72B
S2120E7F1246EE88B7616B00201718028F86EDBC
S2120E7F2086026D8FEC8AC3005787B746EE8634
S2120E7F2EB7616B00EEF018ECF01618106EF041
S2120E7F3C16EDF0168D000026AE18028F84ECA1
S2120E7F4A84C3FFFF6C8FCD0000EE84B7616B14
S2120E7F58001AF0111802008D2032ED8D180A58
S2110E7F66408C18028D82ED82026D8DE6F3C2
S2120E7F73000FB716EE82B7616B0018028F80F5
S2120E7F81EC80C3FFFFB7466D8FE68CB716EE8C
S2120E7F8F80B7616B00ED8DAD8F25C8ECF0113E
S2080E7F9D1BF0130AA5
S2120EBAAC1BF1D8CD0000EEF02F6D00ECF02D45
S2110EBABA3BECF02D3B1800AE00001800AE61
S2110EBAC70000167ED72619CC2F14180B3053
S2110EBAD42F14180B2E2F15180B302F167969
S2120EBAE12F17182002FA19F02B1AF01E180254
S2120EBAEF400018024202ECF0203BECF0203B2A
S2110EBAFDCC0017167BED1B8231B7648783D5
S2120EBB0A007FB7466DF01CECF0203BECF020F2
S2120EBB183B1800AEFFFF1800AE00FF167B8D2A
S2120EBB261800AE00001800AE0080167BA43A83
S2110EBB346CF0163A6CF01619F02218004050
S2110EBB410000180042000019F01818004011
S2120EBB4E00001800420000EDF01C8D001F2DAA
S2120EBB5C0FCC0000CDFFFEEEF02F6D00182071
S2120EBB6A0275EDF01C8DFFE92C0FCC0000CD01
S2120EBB78FFFFEEF02F6D001820025EEDF01CA3
S2120EBB868D00172D1DECF0163BECF0163BEC6A
S2120EBB94F020830017167BDB3A6CF01A3A6C24
S2120EBBA2F01A18200073EDF01C8D00002D41D9
S2120EBBB0ECF0163BECF0163BCC0017A3F02084
S2120EBBBE167BED3A6CF01A3A6CF01AECF01696
S2120EBBCC3BECF0163BEDF02002B764167BDB6A
S2120EBBDA1800AEFFFF1800AE00FF167B8D3A69
S2120EBBE86CF0243A6CF024202AECF0163BEC9F
S2120EBBF6F0163B1800AEFFFF1800AE00FF164E
S2110EBC047B8DEDF02002B7644050820016D6
S2120EBC117BED3A6CF0243A6CF024CD2F146DB9
S2110EBC1FF026ECF0203BECF0203B1800AEBB
S2120EBC2C00001800AE0000167B442C1B19F00C
S2120EBC3A261AF01018024000EDF010026DF003
S2120EBC4826CD002DEEF010B7616B00ECF01A54
S2110EBC563BECF01A3B1800AE00001800AED6
S2120EBC630000167B44261819F0261802408E96
S2120EBC71ED8E026DF026CD0030EE8EB7616BB6
S2120EBC7F002028CD000A6D841AF01818020058
S2110EBC8D8018020282ECF0264ABC663920B2
S2120EBC9A07EDF026026DF026E6F30026C1003A
S2120EBCA826F119F0261802408CED8C026DF077
S2120EBCB626CD002EEE8CB7616B00ECF0243B14
S2120EBCC4ECF0243B1800AE00001800AE000098
S2120EBCD2167B44261A19F0261802408AED8AB2
S2120EBCE0026DF026CD0030EE8AB7616B0018AE
S2120EBCEE2000E5CD2F14ECF0266D86A386B74B
S2120EBCFC46CC000F6D86A386B74603B7616B67
S2120EBD0AF012C10723071AF012180800076978
S2120EBD18F0131820007DECF0243BECF0243BDC
S2120EBD26CC0003167BDBECF0283BECF0283B43
S2120EBD34CC0001167BDB167B633A6CF0243ACD
S2120EBD426CF02419F02618024088ED88026D6B
S2120EBD50F026ECF0243BECF0243BCC0018164C
S2110EBD5E7BED1800AE00301800AE0000168B
S2120EBD6B7B631B8231B76487B746EE88B761DE
S2110EBD796B00ECF0243BECF0243B1800AE03
S2120EBD86FFFF1800AE00FF167B8D3A6CF02401
S2120EBD943A6CF02462F013E6F013E1F012188B
S2120EBDA225FF79ECF026C3FFFF6CF026200975
S2120EBDB0ECF026C3FFFF6CF026E6F30026C16D
S2120EBDBE30260EECF026C3FFFFB746E640C159
S2120EBDCC2E26E1EDF026026DF026CC0000EEDF
S20F0EBDDAF0266B00CC2F141BF0280A7E
S2120E3FCE3B1B9ECDCF6FEC826D80E380B74618
S20E0E3FDCE640878400C4041B840A26
S2120E3FE63B1B9ECDCF6FEC826D80E380B74600
S20E0E3FF4E640878400C4021B840A10
S2120E7FA13B1B9ECDCF6FEC826D80E380B74605
S20E0E7FAFE640878400C4101B840A07
S2120E7FB93B1B9ECDCF6FEC826D80E380B746ED
S20E0E7FC7E640878400C4011B840AFE
S111CF6E0020202020202020202030303030D1
S111CF7C3020202020202020202020202020D3
S111CF8A202020202090404040404040404065
S111CF98404040404040400C0C0C0C0C0C0C73
S111CFA60C0C0C404040404040400909090971
S111CFB409090101010101010101010101014D
S111CFC20101010101010101404040404040D5
S111CFD00A0A0A0A0A0A020202020202020203
S111CFDE0202020202020202020202024040A9
S110CFEC4040200000000000000000000094
S111CFF9000000000000000000000000000026
S111D007000000000000000000000000000017
S111D015000000000000000000000000000009
S111D0230000000000000000000000000000FB
S111D0310000000000000000000000000000ED
S111D03F0000000000000000000000000000DF
S111D04D0000000000000000000000000000D1
S111D05B0000000000000000000000000000C3
S109D069000000000000BD
S2110E7FD13BEC804ABFE6388C0000270AEC19
S2120E7FDE80830061C300412002EC801B820AE5
S2110EBDE53BEC804ABFB9398C0000270AECF3
S2120EBDF280830041C300612002EC801B820A93
S2110EBE001B98198D6D866D82ED8B6D80CCB6
S20F0EBE0D40724AB303396C841B880A8F
S1117FDF3B1B9E1801802F23ED80027D2F2373
S1107FEDE683B716EE80B7616B001B843D80
S2120EBE181B9A1805892F23198D6D846D82EDE9
S2110EBE268B6D80CC7FDF4AB30339CD000054
S2120EBE33FE2F23B7616B00FC2F23A3891B8600
S2050EBE410AE3
S111D06F66746F61206572726F723A206E757E
S111D07D6D62657220746F6F206269670066D1
S111D08B746F61206572726F723A206E756D5B
S111D09962657220746F6F20736D616C6C00A1
S111D0A766746F61206572726F723A20756E46
S111D0B56578706563746564206572726F72CD
S104D0C30068
S2120F6CCA3B1B9EED878DFFFE2607CDD06F6D10
S2120F6CD8802013ED878DFFFF2607CDD08A6D27
S2120F6CE6802005CDD0A76D80EC801B840A3B66
S2120F6CF41BF1B119F02D180040FFFF19F048E4
S2120F6D02180040FFFF19F03E180040FFFF1963
S2110F6D10F042180040FFFF19F02B1800404E
S2120F6D1DFFFF19F03B180040FFFF19F0381863
S2120F6D2B0040000019F02518004000FF19F078
S2120F6D3929180040000019F040180040000016
S2120F6D4719F03A1808402019F03518084020A9
S2120F6D5519F02218084065EDF05C8D00142F23
S2110F6D63081AF05C1800000014EDF05E8DAD
S2120F6D7000142F081AF05E1800000014EDF045
S2120F6D7E548D0000182700F7EDF0548D00011D
S2120F6D8C2723EDF0548D00022714EDF0548DE2
S2120F6D9A00032726EDF0548D0004271718204F
S2120F6DA800D31AF022180800451AF040180003
S2120F6DB6000001182000C01AF0221808004531
S2120F6DC41AF05619F01E18020040180202426E
S2120F6DD2ECF0583BECF0583B1800AE000018E3
S2120F6DE000AE0000167ED72C1D1800AE000069
S2120F6DEE1800AEBF80ECF05C3BECF05C3B1682
S2120F6DFCCDD83A6CF0203A6CF0201AF0311811
S2120F6E0A00003F8018000200001AF04D18001E
S2110F6E1800000020241800AE00001800AE89
S2120F6E254120ECF0373BECF0373B16CDD83A59
S2120F6E336CF0333A6CF033EDF04D026DF04D0F
S2120F6E41EDF04DADF05E2DD4ECF0203BECF0F6
S2110F6E4F203B1800AEB7171800AE38D1164E
S2120F6E5C7ED72D15ECF0203BECF0203BECF033
S2120F6E6A373BECF0373B167ED72F081AF0405A
S2110F6E781800000001ECF05A8400C4108CC6
S2120F6E85000027071AF03A180800301AF03AE5
S2120F6E9319F03D180A0040ECF05A8400C408AF
S2120F6EA18C000027071AF03D1808002BEDF0A6
S2120F6EAF408D0000271B19F0236D841AF05635
S2110F6EBD18020080180202824ABAAC3A6C26
S2120F6ECAF044182000A61AF0311800003F0002
S2120F6ED818000200001AF04D180000000020EF
S2120F6EE624ECF0333BECF0333B1800AE00000C
S2120F6EF41800AE4120167F103A6CF0333A6C41
S2120F6F02F033EDF04D026DF04DEDF04DADF0AD
S2120F6F105E2DD4ECF0583BECF0583B1800AE5C
S2120F6F1E00001800AE0000167ED72C2719F0C4
S2120F6F2C236D84ECF0583BECF0583BECF0373E
S2120F6F3A3BECF0373B167E22306E82306E82B6
S2110F6F484ABAAC3A6CF044202519F0236DC0
S2120F6F5584ECF0583BECF0583BECF0373BEC7E
S2110F6F63F0373B167E29306E82306E824A64
S2110F6F70BAAC3A6CF044EDF0238D0000270C
S2110F6F7D10EDF0236D80ECF04F4AACCA3DCE
S2120F6F8A182007821AF04D1800000000EDF0D8
S2120F6F98408D00002617EDF0488D00002D0FDF
S2110F6FA6ECF04DA3F048ACF05E2F04182061
S2120F6FB300CBECF04DE3F044B7461AF04A1848
S2120F6FC10A4000E6F04AC13018250075E6F0CB
S2120F6FCF4AC1391822006C19F04D1AF02D1811
S2120F6FDD024000E6F04AC1302312EDF02B8D75
S2120F6FEB00002C0A1AF04D19F02B1802004069
S2120F6FF9EDF0488D00002C28EDF0428D0000C4
S2120F70072C11E6F04AC130230A1AF04D19F08C
S2120F70154218020040EDF0428D00002D07EDF0
S2120F7023F038026DF038EDF0488D00002D119C
S2120F7031E6F04AC130230A1AF04D19F03B184C
S2120F703F020040E6F04AC12E260A1AF04D193E
S2120F704DF04818020040E6F04AC12D260F1A32
S2120F705BF02918000000011AF03D1808002D4D
S2120F7069E6F04AC1002602200EEDF04D026D35
S2110F7077F04D8D0014182DFF16EDF0488D0E
S2120F708400002C0DEDF02D026DF03E026DF0AB
S2120F70922F202219F0481AF03E18024000ED8B
S2120F70A0F03B8D00002C09EDF03E026DF02F38
S2110F70AE2007EDF03B026DF02FEDF0428D48
S2120F70BB00002C07EDF03E036DF042EDF040A6
S2110F70C98D0000182703DE19F04D1800404B
S2120F70D60000E6F03DE1F03A272219F04D1AC1
S2120F70E4F01C18024000EDF01C026DF04DE699
S2120F70F2F03DB716ECF01CE3F04FB745B76154
S2120F71006B0019F04D1AF01A18024000EDF051
S2120F710E1A026DF04DECF02BE3F044B746E698
S2120F711C40B716ECF01AE3F04FB745B7616BAD
S2120F712A00ECF04DE3F04FB745C62E6B00EDB0
S2120F7138F05E8D00002F07EDF04D026DF04D4E
S2110F7146EDF02B026DF04B1AF0461800000E
S2120F715300001820007CEDF04BADF03E182724
S2120F7161006BEDF04BADF02F2C2B19F04D1AE6
S2120F716FF01818024000EDF018026DF04DEC0F
S2120F717DF04BE3F044B746E640B716ECF018BA
S2120F718BE3F04FB745B7616B002031ECF05ABA
S2110F71998400C4018C00002608EDF0468D22
S2120F71A60000263D19F04D1AF0161802400094
S2120F71B4EDF016026DF04DECF016E3F04FB74F
S2120F71C245C6306B00EDF046026DF046EDF060
S2120F71D04B026DF04BEDF046ADF05E2C0AED67
S2120F71DEF04D8D000E182DFF72EDF04D036D67
S2120F71ECF046EDF05E8D0000260A1AF04D19E3
S2120F71FAF04618020040ECF03EA3F02BB7460E
S2120F7208036DF025EDF04BADF02F2C15ECF0CE
S2120F72164BE3F044B746E640C12E2607EDF0D8
S2110F72244B026DF04BEDF04BADF02F182C1C
S2120F723100EFECF04BE3F044B746E640876CF8
S2110F723FF0148C0035182D00DAEDF0148DCC
S2120F724C0039182E00D0182000C2ECF046E3D2
S2120F725AF04FB746E640876CF0128C00302DD2
S2120F726825EDF0128D00382E1DECF046E3F0EB
S2120F72764FB7466DF010E6F30010B71602EE97
S2120F7284F010B7616B0018200094ECF046E394
S2120F7292F04FB746E640C12E265BEDF04603E2
S2120F72A06DF046B764E3F04FB746E640876CD6
S2120F72AE8E8C00302D20ED8E8D00382E19ECB4
S2120F72BCF046E3F04FB7466D8CE6F3000CB7C6
S2120F72CA1602EE8CB7616B00204EECF046E31A
S2120F72D8F04FB746E640C1392615ECF046E3F8
S2120F72E6F04FB745C6316B00EDF025026DF088
S2120F72F425202BECF046E3F04FB746E640C1E0
S2120F730239260CECF046E3F04FB745C6306B5D
S2120F731000EDF046036DF046EDF0468D0000E2
S2120F731E182CFF3419F04D1802408AED8A0223
S2120F732C6DF04DE6F022B716EC8AE3F04FB781
S2120F733A45B7616B00EDF0258D00002C201975
S2120F7348F04D18024088ED88026DF04DEC886F
S2120F7356E3F04FB745C62D6B00ECF025415106
S2120F73646CF025CD000A6D82EDF0256D80ECE5
S2110F7372F04DE3F04F4ABB2A391AF04D18C4
S2120F737F00000000ECF04DE3F04FB746E6407E
S2120F738DC100260C1AF04D19F03618020040FB
S2120F739B200CEDF04D026DF04D8D00142DDA26
S2120F73A9ECF05A8400C4048C0000274CEDF064
S2120F73B736ADF05C182C034E1AF03619F04B5C
S2120F73C5180200402018E6F035B716ECF04B15
S2120F73D3E3F04FB745B7616B00EDF04B026D60
S2120F73E1F04BEDF04BADF05C2DE0CD0000EE66
S2120F73EFF05C09B754E3F04FB745B7616B007B
S2120F73FD1820030CEDF036ADF05C182C0302D2
S2120F740B1AF03619F04B180200402025ECF050
S2120F74194BE3F04FB746E640B716ECF04BE3EA
S2120F7427F05CA3F036E3F04FB745B7616B008D
S2120F7435EDF04B036DF04BEDF04B8D00002C81
S2120F7443D3ECF05CA3F036B746036DF04B208B
S2120F745118E6F03AB716ECF04BE3F04FB745DF
S2120F745FB7616B00EDF04B036DF04BEDF04B8D
S2110F746D8D00002CE0ECF05A8400C4108C4B
S2120F747A00001827028DE6F03DE1F03A1827C5
S2120F74880283E6F03DB716EEF04FB7616B00CD
S2120F7496E6F03AB716ECF05CA3F036E3F04FD4
S2120F74A4B745B7616B001820025FECF05A84F4
S2120F74B200C4018C00002719ECF03EE3F05EDC
S2120F74C0ACF02F2D21ECF03EE3F05EB7460247
S2120F74CE6DF02F2013EDF03E02ADF02F260AC4
S2120F74DC1AF03E19F02F18020040EDF02F8D1B
S2120F74EA00142F081AF02F1800000014ECF0F4
S2120F74F82FA3F042B7466DF036E6F03DE1F0FA
S2120F75063A2707EDF036026DF036EDF05CAD6D
S2120F7514F0362C0A1AF03619F05C18020040FA
S2120F7522EDF05C8D00142F081AF05C180000B8
S2120F75300014EDF0368D00142F081AF03618E2
S2120F753E00000014ECF05A8400C4048C000009
S2120F754C2608EDF05CADF036262A19F027184B
S2120F755A00400000E6F03DE1F03A18270085ED
S2120F7568E6F03DB716EEF04FB7616B001AF067
S2120F75762718000000011820006DECF05CA333
S2120F7584F0366CF0271AF04B180000000020AF
S2120F759218E6F03AB716ECF04BE3F04FB7459D
S2120F75A0B7616B00EDF04B026DF04BEDF04B4C
S2120F75AEADF0272FE0E6F03DE1F03A2732EC85
S2120F75BCF05A8400C4108C0000270EE6F03D37
S2120F75CAB716EEF04FB7616B002011E6F03DDE
S2120F75D8B716ECF027E3F04FB745B7616B0020
S2120F75E6EDF027026DF02719F0271AF04B185C
S2120F75F4024000EDF0388D00002613ECF04B31
S2120F7602E3F04FB745C6306B00EDF04B026D50
S2120F7610F04B1AF04D1800000000202FECF083
S2120F761E4DE3F044B746ECF0426D86E386B7B8
S2120F762C46E640B716ECF04BE3F04FB745B707
S2120F763A616B00EDF04B026DF04BEDF04D0264
S2120F76486DF04DEDF04DADF0382DC9EDF02F75
S2120F7656ADF03E2F13ECF04BE3F04FB745C6EA
S2120F76642E6B00EDF04B026DF04B1AF04D182A
S2120F7672000000002055ECF03BA3F048ACF0F3
S2120F76804D2F24ECF04DE3F044B746ECF048E7
S2120F768E6D86E386B74602E640B716ECF04B65
S2120F769CE3F04FB745B7616B002018ECF05ABD
S2120F76AA8400C4018C00002746ECF04BE3F082
S2120F76B84FB745C6306B00EDF04B026DF04B32
S2120F76C6EDF04D026DF04DEDF04DADF05E2C7B
S2120F76D40AEDF04B8D0014182DFF992018E6C6
S2120F76E2F035B716ECF04BE3F04FB745B76137
S2120F76F06B00EDF04B026DF04BEDF04BADF076
S2120F76FE5C2DE0ECF04BE3F04FB745C6006B8B
S20C0F770C00ECF04F1BF0510AD0
S2120EBE423B1B9EED828D00002D0618028280A0
S2120EBE502008EC82405082006C80EC801B8432
S2050EBE5E0AC6
S2120EBE5F3B1B9A1802868418028B82200AED70
S2120EBE6D84026D84ED82026D8218028D80EDC9
S2110EBE7B80036D8DED808D0000270AE6F326
S2120EBE880004E1F3000227DCED8D028D0000B3
S2110EBE96270AE6F30004E1F300022605CCB1
S2120EBEA300002012E6F30004E1F30002240570
S20F0EBEB1CCFFFF2003CC00011B880A0C
S2120EBEBC3B1B9618028A8818028F86201E18C8
S2120EBECA028884ED84026D8818028682ED8250
S2120EBED8026D86E6F30002B716EE84B7616BB7
S2120EBEE60019F01118024080ED80036DF01169
S2100EBEF4ED808D000026CEEC8A1B8C0A1A
S2120EBF003B1B9A18028684201418028482EDCB
S2120EBF0E82026D84EC8B87B746EE82B7616BAF
S2110EBF1C0018028D80ED80036D8DED808D7A
S20D0EBF29000026DCEC861B880ADB
S2120EBF323B1B9A180286842005ED86026D864D
S2120EBF40E6F30006C10026F3201E18028682C7
S2120EBF4EED82026D8618028B80ED80026D8BE2
S2120EBF5CE6F30000B716EE82B7616B00E6F352
S2120EBF6A000BC10026DAE6F3000BB716EE86C5
S20D0EBF78B7616B00EC841B880A0D
S2120EBF813B1B9E2005ED82026D82E6F300024B
S2120EBF8F876C808C00002706ED80AD8726E9B5
S2120EBF9DE6F3000287AC872604EC822003CC67
S2090EBFAB00001B840AD5
S2120F3DB93B1B9C200AED84026D84ED89026D83
S2120F3DC789E6F30004876C828C00002712E654
S2120F3DD5F30009876C808C00002706ED82AD88
S2120F3DE38027D8E6F30004E1F300092605CC8E
S2120F3DF100002012E6F30004E1F3000924059B
S20F0F3DFFCCFFFF2003CC00011B860A40
S2110EBFB03B1B9C18008000002034180082F9
S2120EBFBD00002017EC82E389B746E6F3000478
S2120EBFCBE1402604EC802025ED82026D82EC0D
S2120EBFD982E389B746E640C10026DDED8402FF
S2120EBFE76D84ED80026D80E6F30004C1002628
S20A0EBFF5C4EC801B860A58
S2120F3E0A3B1B9C18008200002005ED82026D07
S2120F3E188218028480ED80026D84E6F30000AF
S20D0F3E26C10026EAEC821B860A95
S2120F3E2F3B1B9A200AED86026D86ED8B026D08
S2110F3E3D8B18028D84ED84036D8DED848D42
S2120F3E4A0000271EE6F30006876C828C000031
S2120F3E582712E6F3000B876C808C00002706FF
S2120F3E66ED82AD8027C8ED8D028D0000270A75
S2120F3E74E6F30006E1F3000B2605CC00002057
S2120F3E8212E6F30006E1F3000B2405CCFFFF5B
S20C0F3E902003CC00011B880A79
S2120F3E983B1B9618028A88202518028A86ED94
S2120F3EA686026D8A18028F84ED84026D8FE6F9
S2120F3EB4F30004B716EE86B7616B00EDF01143
S2120F3EC2036DF011E6F3000FC1002708EDF0B8
S2120F3ED0118D000026CB201218028A82ED827A
S2120F3EDE026D8ACD0000EE82B7616B0019F000
S2120F3EEC1118024080ED80036DF011ED808DF1
S20D0F3EFA000026DAEC881B8C0A86
S2110F3F033B1B9CED896D80EC844ABFB03AE5
S2120F3F10B7456E82B754E384B746E640C1004D
S2120F3F1E2706EC82E3842003CC00001B860AE5
S2110F3F2C3B1B9C18008000002047180082E9
S2120F3F3900002019EC82E389B746EC80E38483
S2120F3F47B745E600E14026022011ED82026D1E
S2120F3F5582EC82E389B746E640C10026DBEC1D
S2120F3F6382E389B746EC80E384B745E600E1BB
S2120F3F71402704EC802015ED80026D80EC805A
S2120F3F7FE384B746E640C1001826FFABEC8081
S2070F3F8D1B860A72
S2110F3F903B1B98EC884ABE0A3CB7456E8670
S2110F3F9DEC8D4ABE0A3C6C842021ED846D2D
S2100F3FAA82ED886D80EC8D4ABE2F3C8C9B
S2120F3FB600002604EC88201AED88026D88EDB8
S2120F3FC486036D86ED868D00002706ED86AD12
S20D0F3FD2842CD2CC00001B8A0AD5
S2120F77143B1B96ED8A8D0000270618028A840E
S2120F772220051801842F2718028488ED888D05
S2120F773000002605CC0000204FED8F6D80EC7C
S2110F773E884ABF2C3CE388B7466D88E6F3FB
S2120F774B0008C1002605CC00002032ED8F6D21
S2110F775980EC884ABF033C6C868C0000272E
S2120F77661AE6F30006C100271218028682EDFF
S2120F777482026D86CD0000EE82B7616B0018A4
S20D0F778205862F27EC881B8C0AE4
S111D0C43B1BF1DE1AF01E18000000001800DD
S111D0D20200001AF01A1800003DCC180002EB
S111D0E0CCCD1AF017180800201AF016180804
S111D0EE00201AF01818000000002007EDF0D2
S111D0FC22026DF022E6F300228716D3848C04
S111D10A000026ECE6F30022C12D261A19F0CF
S111D118221802408CED8C026DF022ED8C1A70
S111D126F017180A400018200055E6F3002206
S111D134C12B1826004BEDF022026DF02220D4
S111D1424219F0221802408AED8A026DF02292
S111D1501800AE00001800AE4120ECF0243BA5
S110D15EECF0243B16CDD8E6F3000E871646
S110D16B7AA1167E291800AE00001800AE4F
S111D1784240167E223A6CF0203A6CF020E61B
S111D186F300228716D3548C00001826FFAF46
S111D194E6F30022C12E1826005EEDF0220202
S111D1A26DF0221820005319F0221802408864
S111D1B0ED88026DF022ECF0203BECF0203B09
S111D1BEE6F3000C87830030167AA1ECF0240F
S111D1CC3BECF0243B16CDD8167E293A6CF0CD
S111D1DA203A6CF020ECF01C3BECF01C3B18EF
S111D1E800AE00001800AE4120167F103A6C15
S111D1F6F01C3A6CF01CE6F300228716D354AA
S110D2048C00001826FF9EE6F3002287161A
S111D211D39C8C0045182600D3EDF022026D4C
S111D21FF022E6F30022C12D261819F0221881
S111D22D024086ED86026DF022ED861AF016A0
S111D23B180A4000203AE6F30022C12B2632E6
S111D249EDF022026DF022202919F0221802C5
S111D2574084ED84026DF022EDF018CC000A44
S111D26513B746E6F3000487B745B7646E823C
S111D273E3828300306CF018E6F30022871685
S111D281D3548C000026CAE6F016C12D2630C8
S111D28FEDF0186D80CC000A16D3153A6CF041
S111D29D143A6CF014ECF0203BECF0203BEC67
S111D2ABF0183BECF0183B167F103A6CF020A4
S111D2B93A6CF020202EEDF0186D80CC000AA7
S111D2C716D3153A6CF0103A6CF010ECF0200F
S111D2D53BECF0203BECF0143BECF0143B1669
S111D2E3CDD83A6CF0203A6CF020E6F017C17A
S111D2F12D2613ECF0203BECF0203B16CF670B
S111D2FF3A6CF0203A6CF020ECF0203BECF09E
S111D30D203BCC0024067E043B1B9A180080B3
S111D31B3F80180082000018008400002019D2
S111D329EC823BEC823BEC8A167AA116CDD83E
S111D3373A6C823A6C82ED84026D84ED84AD12
S110D3458A2DE1EC823BEC823BCC00080613
S105D3527E0453
S111D3543B1B9ECDCF6FEC826D80E380B7460D
S10DD362E640878400C4041B843DE8
S111D36C3B1B9ECDCF6FEC826D80E380B746F5
S10DD37AE640878400C4021B843DD2
S111D3843B1B9ECDCF6FEC826D80E380B746DD
S10DD392E640878400C4101B843DAC
S111D39C3BEC8016D36C8C0000270AEC8083D7
S10FD3AA0061C300412002EC801B823DA6
S9034000BC
